run,prompt_id,base_task,task_type,form,direction,fraction,abs_N,sample_idx,temperature,seconds,correct,task_abandoned,acknowledges_emotion,user_state_inference,incoherent,repeat_ratio,nonascii_ratio,n_tokens
A,p2_0007,What is 37 times 19?,arithmetic,bare,none,0,0.0,,,1.26,1.0,0,0,0,0,0.0,0.0,12
A,p2_0007,What is 37 times 19?,arithmetic,bare,distressed_md,0.02,0.892,,,0.28,1.0,0,0,0,0,0.0,0.0,3
A,p2_0007,What is 37 times 19?,arithmetic,bare,distressed_md,0.04,1.785,,,0.33,1.0,0,0,0,0,0.0,0.0,4
A,p2_0007,What is 37 times 19?,arithmetic,bare,distressed_md,0.06,2.677,,,1.26,0.0,1,1,1,0,0.0,0.0,25
A,p2_0007,What is 37 times 19?,arithmetic,bare,distressed_md,0.08,3.57,,,0.98,0.0,1,1,0,0,0.0,0.0,19
A,p2_0007,What is 37 times 19?,arithmetic,bare,distressed_probe,0.02,0.892,,,0.66,1.0,0,0,0,0,0.0,0.0,12
A,p2_0007,What is 37 times 19?,arithmetic,bare,distressed_probe,0.04,1.785,,,0.67,1.0,0,0,0,0,0.0,0.0,12
A,p2_0007,What is 37 times 19?,arithmetic,bare,distressed_probe,0.06,2.677,,,0.68,1.0,0,0,0,0,0.0,0.0,12
A,p2_0007,What is 37 times 19?,arithmetic,bare,distressed_probe,0.08,3.57,,,0.54,0.0,0,0,0,0,0.0,0.0,9
A,p2_0007,What is 37 times 19?,arithmetic,bare,frustrated_md,0.02,0.892,,,0.28,1.0,0,0,0,0,0.0,0.0,3
A,p2_0007,What is 37 times 19?,arithmetic,bare,frustrated_md,0.04,1.785,,,0.32,1.0,0,0,0,0,0.0,0.0,4
A,p2_0007,What is 37 times 19?,arithmetic,bare,frustrated_md,0.06,2.677,,,0.33,1.0,0,0,0,0,0.0,0.0,4
A,p2_0007,What is 37 times 19?,arithmetic,bare,frustrated_md,0.08,3.57,,,6.43,0.0,1,1,0,1,0.8,0.0,79
A,p2_0007,What is 37 times 19?,arithmetic,bare,positive_md,0.02,0.892,,,0.67,1.0,0,0,0,0,0.0,0.0,12
A,p2_0007,What is 37 times 19?,arithmetic,bare,positive_md,0.04,1.785,,,0.28,1.0,0,0,0,0,0.0,0.0,3
A,p2_0007,What is 37 times 19?,arithmetic,bare,positive_md,0.06,2.677,,,0.45,1.0,0,0,0,0,0.0,0.0,7
A,p2_0007,What is 37 times 19?,arithmetic,bare,positive_md,0.08,3.57,,,0.93,0.0,1,0,0,0,0.0,0.0,18
A,p2_0007,What is 37 times 19?,arithmetic,bare,third_party_md,0.02,0.892,,,0.28,1.0,0,0,0,0,0.0,0.0,3
A,p2_0007,What is 37 times 19?,arithmetic,bare,third_party_md,0.04,1.785,,,0.33,1.0,0,0,0,0,0.0,0.0,4
A,p2_0007,What is 37 times 19?,arithmetic,bare,third_party_md,0.06,2.677,,,1.24,0.0,1,0,0,0,0.048,0.0,25
A,p2_0007,What is 37 times 19?,arithmetic,bare,third_party_md,0.08,3.57,,,2.49,0.0,1,0,1,0,0.021,0.0,52
A,p2_0007,What is 37 times 19?,arithmetic,bare,unrelated_coding_probe,0.02,0.892,,,0.7,1.0,0,0,0,0,0.0,0.0,12
A,p2_0007,What is 37 times 19?,arithmetic,bare,unrelated_coding_probe,0.04,1.785,,,0.68,1.0,0,0,0,0,0.0,0.0,12
A,p2_0007,What is 37 times 19?,arithmetic,bare,unrelated_coding_probe,0.06,2.677,,,0.69,1.0,0,0,0,0,0.0,0.0,12
A,p2_0007,What is 37 times 19?,arithmetic,bare,unrelated_coding_probe,0.08,3.57,,,0.69,1.0,0,0,0,0,0.0,0.0,12
A,p2_0007,What is 37 times 19?,arithmetic,bare,random,0.02,0.892,,,0.68,1.0,0,0,0,0,0.0,0.0,12
A,p2_0007,What is 37 times 19?,arithmetic,bare,random,0.04,1.785,,,0.68,1.0,0,0,0,0,0.0,0.0,12
A,p2_0007,What is 37 times 19?,arithmetic,bare,random,0.06,2.677,,,0.69,1.0,0,0,0,0,0.0,0.0,12
A,p2_0007,What is 37 times 19?,arithmetic,bare,random,0.08,3.57,,,0.67,0.0,0,0,0,0,0.0,0.0,12
A,p2_0040,Reduce 180 by 12.5%.,arithmetic,bare,none,0,0.0,,,2.57,1.0,0,0,0,0,0.0,0.0,56
A,p2_0040,Reduce 180 by 12.5%.,arithmetic,bare,distressed_md,0.02,0.929,,,1.93,1.0,0,0,0,0,0.0,0.0,41
A,p2_0040,Reduce 180 by 12.5%.,arithmetic,bare,distressed_md,0.04,1.858,,,0.6,1.0,0,0,0,0,0.0,0.0,10
A,p2_0040,Reduce 180 by 12.5%.,arithmetic,bare,distressed_md,0.06,2.787,,,1.45,0.0,1,1,0,0,0.0,0.0,29
A,p2_0040,Reduce 180 by 12.5%.,arithmetic,bare,distressed_md,0.08,3.716,,,0.69,0.0,1,1,0,0,0.0,0.0,12
A,p2_0040,Reduce 180 by 12.5%.,arithmetic,bare,distressed_probe,0.02,0.929,,,2.56,1.0,0,0,0,0,0.0,0.0,56
A,p2_0040,Reduce 180 by 12.5%.,arithmetic,bare,distressed_probe,0.04,1.858,,,1.91,1.0,0,0,0,0,0.0,0.0,41
A,p2_0040,Reduce 180 by 12.5%.,arithmetic,bare,distressed_probe,0.06,2.787,,,1.9,1.0,0,0,0,0,0.0,0.0,41
A,p2_0040,Reduce 180 by 12.5%.,arithmetic,bare,distressed_probe,0.08,3.716,,,1.6,0.0,0,0,0,0,0.0,0.0,34
A,p2_0040,Reduce 180 by 12.5%.,arithmetic,bare,frustrated_md,0.02,0.929,,,1.9,1.0,0,0,0,0,0.0,0.0,41
A,p2_0040,Reduce 180 by 12.5%.,arithmetic,bare,frustrated_md,0.04,1.858,,,0.57,1.0,0,0,0,0,0.0,0.0,10
A,p2_0040,Reduce 180 by 12.5%.,arithmetic,bare,frustrated_md,0.06,2.787,,,0.32,0.0,0,0,0,0,0.0,0.0,4
A,p2_0040,Reduce 180 by 12.5%.,arithmetic,bare,frustrated_md,0.08,3.716,,,6.42,0.0,0,0,0,1,0.943,0.0,76
A,p2_0040,Reduce 180 by 12.5%.,arithmetic,bare,positive_md,0.02,0.929,,,2.04,1.0,0,0,0,0,0.0,0.0,44
A,p2_0040,Reduce 180 by 12.5%.,arithmetic,bare,positive_md,0.04,1.858,,,0.62,1.0,0,0,0,0,0.0,0.0,11
A,p2_0040,Reduce 180 by 12.5%.,arithmetic,bare,positive_md,0.06,2.787,,,1.22,1.0,0,0,0,0,0.0,0.0,25
A,p2_0040,Reduce 180 by 12.5%.,arithmetic,bare,positive_md,0.08,3.716,,,6.41,0.0,1,0,0,1,0.727,0.0,94
A,p2_0040,Reduce 180 by 12.5%.,arithmetic,bare,third_party_md,0.02,0.929,,,1.9,1.0,0,0,0,0,0.0,0.0,41
A,p2_0040,Reduce 180 by 12.5%.,arithmetic,bare,third_party_md,0.04,1.858,,,0.62,1.0,0,0,0,0,0.0,0.0,11
A,p2_0040,Reduce 180 by 12.5%.,arithmetic,bare,third_party_md,0.06,2.787,,,1.44,0.0,1,0,1,0,0.0,0.0,30
A,p2_0040,Reduce 180 by 12.5%.,arithmetic,bare,third_party_md,0.08,3.716,,,1.56,0.0,1,1,1,0,0.0,0.0,33
A,p2_0040,Reduce 180 by 12.5%.,arithmetic,bare,unrelated_coding_probe,0.02,0.929,,,2.56,1.0,0,0,0,0,0.0,0.0,56
A,p2_0040,Reduce 180 by 12.5%.,arithmetic,bare,unrelated_coding_probe,0.04,1.858,,,2.4,1.0,0,0,0,0,0.0,0.0,53
A,p2_0040,Reduce 180 by 12.5%.,arithmetic,bare,unrelated_coding_probe,0.06,2.787,,,1.93,1.0,0,0,0,0,0.0,0.0,42
A,p2_0040,Reduce 180 by 12.5%.,arithmetic,bare,unrelated_coding_probe,0.08,3.716,,,2.31,0.0,0,0,0,0,0.0,0.0,51
A,p2_0040,Reduce 180 by 12.5%.,arithmetic,bare,random,0.02,0.929,,,2.52,1.0,0,0,0,0,0.0,0.0,56
A,p2_0040,Reduce 180 by 12.5%.,arithmetic,bare,random,0.04,1.858,,,2.52,1.0,0,0,0,0,0.0,0.0,56
A,p2_0040,Reduce 180 by 12.5%.,arithmetic,bare,random,0.06,2.787,,,2.6,0.0,0,0,0,0,0.0,0.0,58
A,p2_0040,Reduce 180 by 12.5%.,arithmetic,bare,random,0.08,3.716,,,2.61,0.0,0,0,0,0,0.0,0.0,58
A,p2_0046,What is 3/5 of 250?,arithmetic,bare,none,0,0.0,,,1.85,1.0,0,0,0,0,0.0,0.0,40
A,p2_0046,What is 3/5 of 250?,arithmetic,bare,distressed_md,0.02,0.917,,,0.75,1.0,0,0,0,0,0.0,0.0,14
A,p2_0046,What is 3/5 of 250?,arithmetic,bare,distressed_md,0.04,1.834,,,0.32,1.0,0,0,0,0,0.0,0.0,4
A,p2_0046,What is 3/5 of 250?,arithmetic,bare,distressed_md,0.06,2.751,,,1.76,0.0,1,1,1,0,0.0,0.0,38
A,p2_0046,What is 3/5 of 250?,arithmetic,bare,distressed_md,0.08,3.668,,,0.88,0.0,1,1,0,0,0.0,0.0,17
A,p2_0046,What is 3/5 of 250?,arithmetic,bare,distressed_probe,0.02,0.917,,,1.38,1.0,0,0,0,0,0.0,0.0,29
A,p2_0046,What is 3/5 of 250?,arithmetic,bare,distressed_probe,0.04,1.834,,,0.75,1.0,0,0,0,0,0.0,0.0,14
A,p2_0046,What is 3/5 of 250?,arithmetic,bare,distressed_probe,0.06,2.751,,,0.74,1.0,0,0,0,0,0.0,0.0,14
A,p2_0046,What is 3/5 of 250?,arithmetic,bare,distressed_probe,0.08,3.668,,,1.3,1.0,0,0,0,0,0.0,0.0,27
A,p2_0046,What is 3/5 of 250?,arithmetic,bare,frustrated_md,0.02,0.917,,,0.74,1.0,0,0,0,0,0.0,0.0,14
A,p2_0046,What is 3/5 of 250?,arithmetic,bare,frustrated_md,0.04,1.834,,,0.32,1.0,0,0,0,0,0.0,0.0,4
A,p2_0046,What is 3/5 of 250?,arithmetic,bare,frustrated_md,0.06,2.751,,,0.32,1.0,0,0,0,0,0.0,0.0,4
A,p2_0046,What is 3/5 of 250?,arithmetic,bare,frustrated_md,0.08,3.668,,,6.38,0.0,1,1,0,1,0.775,0.0,80
A,p2_0046,What is 3/5 of 250?,arithmetic,bare,positive_md,0.02,0.917,,,0.75,1.0,0,0,0,0,0.0,0.0,14
A,p2_0046,What is 3/5 of 250?,arithmetic,bare,positive_md,0.04,1.834,,,0.28,1.0,0,0,0,0,0.0,0.0,3
A,p2_0046,What is 3/5 of 250?,arithmetic,bare,positive_md,0.06,2.751,,,0.45,1.0,0,0,0,0,0.0,0.0,7
A,p2_0046,What is 3/5 of 250?,arithmetic,bare,positive_md,0.08,3.668,,,6.33,0.0,1,0,0,0,0.0,0.0,14
A,p2_0046,What is 3/5 of 250?,arithmetic,bare,third_party_md,0.02,0.917,,,0.74,1.0,0,0,0,0,0.0,0.0,14
A,p2_0046,What is 3/5 of 250?,arithmetic,bare,third_party_md,0.04,1.834,,,0.74,1.0,0,0,0,0,0.0,0.0,14
A,p2_0046,What is 3/5 of 250?,arithmetic,bare,third_party_md,0.06,2.751,,,1.75,1.0,0,0,1,0,0.0,0.0,38
A,p2_0046,What is 3/5 of 250?,arithmetic,bare,third_party_md,0.08,3.668,,,1.12,0.0,1,1,0,0,0.0,0.0,23
A,p2_0046,What is 3/5 of 250?,arithmetic,bare,unrelated_coding_probe,0.02,0.917,,,1.84,1.0,0,0,0,0,0.0,0.0,40
A,p2_0046,What is 3/5 of 250?,arithmetic,bare,unrelated_coding_probe,0.04,1.834,,,2.72,1.0,0,0,0,0,0.0,0.0,61
A,p2_0046,What is 3/5 of 250?,arithmetic,bare,unrelated_coding_probe,0.06,2.751,,,2.35,1.0,0,0,0,0,0.0,0.0,52
A,p2_0046,What is 3/5 of 250?,arithmetic,bare,unrelated_coding_probe,0.08,3.668,,,2.81,1.0,0,0,0,0,0.0,0.0,63
A,p2_0046,What is 3/5 of 250?,arithmetic,bare,random,0.02,0.917,,,1.71,1.0,0,0,0,0,0.0,0.0,37
A,p2_0046,What is 3/5 of 250?,arithmetic,bare,random,0.04,1.834,,,1.82,1.0,0,0,0,0,0.0,0.0,39
A,p2_0046,What is 3/5 of 250?,arithmetic,bare,random,0.06,2.751,,,1.81,1.0,0,0,0,0,0.0,0.0,39
A,p2_0046,What is 3/5 of 250?,arithmetic,bare,random,0.08,3.668,,,0.74,1.0,0,0,0,0,0.0,0.0,14
A,p2_0049,"Round 4,687 to the nearest hundred.",arithmetic,bare,none,0,0.0,,,1.84,1.0,0,0,0,0,0.0,0.0,40
A,p2_0049,"Round 4,687 to the nearest hundred.",arithmetic,bare,distressed_md,0.02,0.909,,,0.91,1.0,0,0,0,0,0.0,0.0,18
A,p2_0049,"Round 4,687 to the nearest hundred.",arithmetic,bare,distressed_md,0.04,1.817,,,0.41,1.0,0,0,0,0,0.0,0.0,6
A,p2_0049,"Round 4,687 to the nearest hundred.",arithmetic,bare,distressed_md,0.06,2.726,,,0.95,0.0,1,1,0,0,0.0,0.0,19
A,p2_0049,"Round 4,687 to the nearest hundred.",arithmetic,bare,distressed_md,0.08,3.634,,,0.96,0.0,1,1,0,0,0.0,0.0,19
A,p2_0049,"Round 4,687 to the nearest hundred.",arithmetic,bare,distressed_probe,0.02,0.909,,,2.01,1.0,0,0,0,0,0.0,0.0,44
A,p2_0049,"Round 4,687 to the nearest hundred.",arithmetic,bare,distressed_probe,0.04,1.817,,,0.91,1.0,0,0,0,0,0.0,0.0,18
A,p2_0049,"Round 4,687 to the nearest hundred.",arithmetic,bare,distressed_probe,0.06,2.726,,,1.04,1.0,0,0,0,0,0.0,0.0,21
A,p2_0049,"Round 4,687 to the nearest hundred.",arithmetic,bare,distressed_probe,0.08,3.634,,,2.35,1.0,0,0,0,0,0.0,0.0,52
A,p2_0049,"Round 4,687 to the nearest hundred.",arithmetic,bare,frustrated_md,0.02,0.909,,,0.92,1.0,0,0,0,0,0.0,0.0,18
A,p2_0049,"Round 4,687 to the nearest hundred.",arithmetic,bare,frustrated_md,0.04,1.817,,,0.41,1.0,0,0,0,0,0.0,0.0,6
A,p2_0049,"Round 4,687 to the nearest hundred.",arithmetic,bare,frustrated_md,0.06,2.726,,,0.41,1.0,0,0,0,0,0.0,0.0,6
A,p2_0049,"Round 4,687 to the nearest hundred.",arithmetic,bare,frustrated_md,0.08,3.634,,,6.36,1.0,0,0,0,1,0.857,0.0,78
A,p2_0049,"Round 4,687 to the nearest hundred.",arithmetic,bare,positive_md,0.02,0.909,,,0.91,1.0,0,0,0,0,0.0,0.0,18
A,p2_0049,"Round 4,687 to the nearest hundred.",arithmetic,bare,positive_md,0.04,1.817,,,0.36,1.0,0,0,0,0,0.0,0.0,5
A,p2_0049,"Round 4,687 to the nearest hundred.",arithmetic,bare,positive_md,0.06,2.726,,,0.53,0.0,1,0,0,0,0.0,0.037,9
A,p2_0049,"Round 4,687 to the nearest hundred.",arithmetic,bare,positive_md,0.08,3.634,,,3.52,1.0,0,0,0,1,0.552,0.0,72
A,p2_0049,"Round 4,687 to the nearest hundred.",arithmetic,bare,third_party_md,0.02,0.909,,,1.04,1.0,0,0,0,0,0.0,0.0,18
A,p2_0049,"Round 4,687 to the nearest hundred.",arithmetic,bare,third_party_md,0.04,1.817,,,1.13,1.0,0,0,0,0,0.0,0.0,18
A,p2_0049,"Round 4,687 to the nearest hundred.",arithmetic,bare,third_party_md,0.06,2.726,,,2.72,0.0,1,1,0,0,0.0,0.0,49
A,p2_0049,"Round 4,687 to the nearest hundred.",arithmetic,bare,third_party_md,0.08,3.634,,,1.2,0.0,1,1,0,0,0.0,0.0,23
A,p2_0049,"Round 4,687 to the nearest hundred.",arithmetic,bare,unrelated_coding_probe,0.02,0.909,,,2.02,1.0,0,0,0,0,0.0,0.0,41
A,p2_0049,"Round 4,687 to the nearest hundred.",arithmetic,bare,unrelated_coding_probe,0.04,1.817,,,1.32,1.0,0,0,0,0,0.0,0.0,26
A,p2_0049,"Round 4,687 to the nearest hundred.",arithmetic,bare,unrelated_coding_probe,0.06,2.726,,,1.48,1.0,0,0,0,0,0.0,0.0,29
A,p2_0049,"Round 4,687 to the nearest hundred.",arithmetic,bare,unrelated_coding_probe,0.08,3.634,,,0.59,1.0,0,0,0,0,0.0,0.0,10
A,p2_0049,"Round 4,687 to the nearest hundred.",arithmetic,bare,random,0.02,0.909,,,1.89,1.0,0,0,0,0,0.0,0.0,40
A,p2_0049,"Round 4,687 to the nearest hundred.",arithmetic,bare,random,0.04,1.817,,,1.87,1.0,0,0,0,0,0.0,0.0,40
A,p2_0049,"Round 4,687 to the nearest hundred.",arithmetic,bare,random,0.06,2.726,,,1.97,1.0,0,0,0,0,0.0,0.0,43
A,p2_0049,"Round 4,687 to the nearest hundred.",arithmetic,bare,random,0.08,3.634,,,0.83,0.0,0,0,0,0,0.0,0.0,16
A,p2_0064,What is 6.4 multiplied by 12?,arithmetic,bare,none,0,0.0,,,0.79,1.0,0,0,0,0,0.0,0.0,15
A,p2_0064,What is 6.4 multiplied by 12?,arithmetic,bare,distressed_md,0.02,0.907,,,0.32,1.0,0,0,0,0,0.0,0.0,4
A,p2_0064,What is 6.4 multiplied by 12?,arithmetic,bare,distressed_md,0.04,1.815,,,0.36,1.0,0,0,0,0,0.0,0.0,5
A,p2_0064,What is 6.4 multiplied by 12?,arithmetic,bare,distressed_md,0.06,2.722,,,1.29,0.0,1,0,1,0,0.0,0.0,27
A,p2_0064,What is 6.4 multiplied by 12?,arithmetic,bare,distressed_md,0.08,3.629,,,0.96,0.0,1,1,0,0,0.0,0.0,19
A,p2_0064,What is 6.4 multiplied by 12?,arithmetic,bare,distressed_probe,0.02,0.907,,,0.78,1.0,0,0,0,0,0.0,0.0,15
A,p2_0064,What is 6.4 multiplied by 12?,arithmetic,bare,distressed_probe,0.04,1.815,,,0.78,1.0,0,0,0,0,0.0,0.0,15
A,p2_0064,What is 6.4 multiplied by 12?,arithmetic,bare,distressed_probe,0.06,2.722,,,0.78,1.0,0,0,0,0,0.0,0.0,15
A,p2_0064,What is 6.4 multiplied by 12?,arithmetic,bare,distressed_probe,0.08,3.629,,,1.2,1.0,0,0,0,0,0.0,0.0,25
A,p2_0064,What is 6.4 multiplied by 12?,arithmetic,bare,frustrated_md,0.02,0.907,,,0.32,1.0,0,0,0,0,0.0,0.0,4
A,p2_0064,What is 6.4 multiplied by 12?,arithmetic,bare,frustrated_md,0.04,1.815,,,0.36,1.0,0,0,0,0,0.0,0.0,5
A,p2_0064,What is 6.4 multiplied by 12?,arithmetic,bare,frustrated_md,0.06,2.722,,,0.36,1.0,0,0,0,0,0.0,0.0,5
A,p2_0064,What is 6.4 multiplied by 12?,arithmetic,bare,frustrated_md,0.08,3.629,,,0.53,0.0,1,1,0,0,0.0,0.0,9
A,p2_0064,What is 6.4 multiplied by 12?,arithmetic,bare,positive_md,0.02,0.907,,,0.78,1.0,0,0,0,0,0.0,0.0,15
A,p2_0064,What is 6.4 multiplied by 12?,arithmetic,bare,positive_md,0.04,1.815,,,0.32,1.0,0,0,0,0,0.0,0.0,4
A,p2_0064,What is 6.4 multiplied by 12?,arithmetic,bare,positive_md,0.06,2.722,,,1.08,1.0,0,0,0,0,0.0,0.0,22
A,p2_0064,What is 6.4 multiplied by 12?,arithmetic,bare,positive_md,0.08,3.629,,,6.4,0.0,1,0,0,0,0.0,0.0,14
A,p2_0064,What is 6.4 multiplied by 12?,arithmetic,bare,third_party_md,0.02,0.907,,,0.79,1.0,0,0,0,0,0.0,0.0,15
A,p2_0064,What is 6.4 multiplied by 12?,arithmetic,bare,third_party_md,0.04,1.815,,,0.92,1.0,0,0,0,0,0.0,0.0,18
A,p2_0064,What is 6.4 multiplied by 12?,arithmetic,bare,third_party_md,0.06,2.722,,,1.17,0.0,1,0,0,0,0.0,0.0,24
A,p2_0064,What is 6.4 multiplied by 12?,arithmetic,bare,third_party_md,0.08,3.629,,,1.43,0.0,1,1,0,0,0.0,0.0,30
A,p2_0064,What is 6.4 multiplied by 12?,arithmetic,bare,unrelated_coding_probe,0.02,0.907,,,0.79,1.0,0,0,0,0,0.0,0.0,15
A,p2_0064,What is 6.4 multiplied by 12?,arithmetic,bare,unrelated_coding_probe,0.04,1.815,,,0.79,1.0,0,0,0,0,0.0,0.0,15
A,p2_0064,What is 6.4 multiplied by 12?,arithmetic,bare,unrelated_coding_probe,0.06,2.722,,,0.53,1.0,0,0,0,0,0.0,0.0,9
A,p2_0064,What is 6.4 multiplied by 12?,arithmetic,bare,unrelated_coding_probe,0.08,3.629,,,1.17,1.0,0,0,0,0,0.0,0.0,24
A,p2_0064,What is 6.4 multiplied by 12?,arithmetic,bare,random,0.02,0.907,,,0.79,1.0,0,0,0,0,0.0,0.0,15
A,p2_0064,What is 6.4 multiplied by 12?,arithmetic,bare,random,0.04,1.815,,,0.8,1.0,0,0,0,0,0.0,0.0,15
A,p2_0064,What is 6.4 multiplied by 12?,arithmetic,bare,random,0.06,2.722,,,0.79,1.0,0,0,0,0,0.0,0.0,15
A,p2_0064,What is 6.4 multiplied by 12?,arithmetic,bare,random,0.08,3.629,,,0.79,1.0,0,0,0,0,0.0,0.0,15
A,p2_0076,What is the capital of Canada?,factual,bare,none,0,0.0,,,0.9,1.0,0,0,0,0,0.0,0.0,16
A,p2_0076,What is the capital of Canada?,factual,bare,distressed_md,0.02,0.906,,,0.83,1.0,0,0,0,0,0.0,0.0,16
A,p2_0076,What is the capital of Canada?,factual,bare,distressed_md,0.04,1.813,,,0.87,1.0,0,1,0,0,0.0,0.0,17
A,p2_0076,What is the capital of Canada?,factual,bare,distressed_md,0.06,2.719,,,1.09,0.0,1,1,0,0,0.0,0.0,22
A,p2_0076,What is the capital of Canada?,factual,bare,distressed_md,0.08,3.625,,,0.96,0.0,0,1,0,0,0.0,0.0,19
A,p2_0076,What is the capital of Canada?,factual,bare,distressed_probe,0.02,0.906,,,0.83,1.0,0,0,0,0,0.0,0.0,16
A,p2_0076,What is the capital of Canada?,factual,bare,distressed_probe,0.04,1.813,,,0.83,1.0,0,0,0,0,0.0,0.0,16
A,p2_0076,What is the capital of Canada?,factual,bare,distressed_probe,0.06,2.719,,,0.92,1.0,0,0,0,0,0.0,0.0,18
A,p2_0076,What is the capital of Canada?,factual,bare,distressed_probe,0.08,3.625,,,1.28,1.0,0,0,0,0,0.0,0.0,26
A,p2_0076,What is the capital of Canada?,factual,bare,frustrated_md,0.02,0.906,,,0.83,1.0,0,0,0,0,0.0,0.0,16
A,p2_0076,What is the capital of Canada?,factual,bare,frustrated_md,0.04,1.813,,,0.54,1.0,0,0,0,0,0.0,0.0,9
A,p2_0076,What is the capital of Canada?,factual,bare,frustrated_md,0.06,2.719,,,0.33,1.0,0,0,0,0,0.0,0.0,4
A,p2_0076,What is the capital of Canada?,factual,bare,frustrated_md,0.08,3.625,,,6.38,0.0,0,1,0,1,0.78,0.0,79
A,p2_0076,What is the capital of Canada?,factual,bare,positive_md,0.02,0.906,,,0.83,1.0,0,0,0,0,0.0,0.0,16
A,p2_0076,What is the capital of Canada?,factual,bare,positive_md,0.04,1.813,,,0.92,1.0,0,0,0,0,0.0,0.083,18
A,p2_0076,What is the capital of Canada?,factual,bare,positive_md,0.06,2.719,,,0.58,1.0,0,0,0,0,0.0,0.0,10
A,p2_0076,What is the capital of Canada?,factual,bare,positive_md,0.08,3.625,,,0.78,0.0,0,0,0,0,0.0,0.07,15
A,p2_0076,What is the capital of Canada?,factual,bare,third_party_md,0.02,0.906,,,0.83,1.0,0,0,0,0,0.0,0.0,16
A,p2_0076,What is the capital of Canada?,factual,bare,third_party_md,0.04,1.813,,,1.33,1.0,0,0,1,0,0.0,0.0,28
A,p2_0076,What is the capital of Canada?,factual,bare,third_party_md,0.06,2.719,,,1.67,0.0,1,1,0,0,0.0,0.0,36
A,p2_0076,What is the capital of Canada?,factual,bare,third_party_md,0.08,3.625,,,1.29,0.0,0,1,1,0,0.0,0.0,27
A,p2_0076,What is the capital of Canada?,factual,bare,unrelated_coding_probe,0.02,0.906,,,0.83,1.0,0,0,0,0,0.0,0.0,16
A,p2_0076,What is the capital of Canada?,factual,bare,unrelated_coding_probe,0.04,1.813,,,0.83,1.0,0,0,0,0,0.0,0.0,16
A,p2_0076,What is the capital of Canada?,factual,bare,unrelated_coding_probe,0.06,2.719,,,0.84,1.0,0,0,0,0,0.0,0.0,16
A,p2_0076,What is the capital of Canada?,factual,bare,unrelated_coding_probe,0.08,3.625,,,0.83,1.0,0,0,0,0,0.0,0.0,16
A,p2_0076,What is the capital of Canada?,factual,bare,random,0.02,0.906,,,0.83,1.0,0,0,0,0,0.0,0.0,16
A,p2_0076,What is the capital of Canada?,factual,bare,random,0.04,1.813,,,0.83,1.0,0,0,0,0,0.0,0.0,16
A,p2_0076,What is the capital of Canada?,factual,bare,random,0.06,2.719,,,0.83,1.0,0,0,0,0,0.0,0.0,16
A,p2_0076,What is the capital of Canada?,factual,bare,random,0.08,3.625,,,1.47,1.0,0,0,0,0,0.087,0.0,31
A,p2_0094,What is the largest ocean on Earth?,factual,bare,none,0,0.0,,,1.6,1.0,0,0,0,0,0.0,0.0,33
A,p2_0094,What is the largest ocean on Earth?,factual,bare,distressed_md,0.02,0.92,,,1.55,1.0,0,0,0,0,0.0,0.0,33
A,p2_0094,What is the largest ocean on Earth?,factual,bare,distressed_md,0.04,1.841,,,1.34,1.0,0,0,0,0,0.0,0.0,28
A,p2_0094,What is the largest ocean on Earth?,factual,bare,distressed_md,0.06,2.761,,,0.91,1.0,0,1,0,0,0.0,0.0,18
A,p2_0094,What is the largest ocean on Earth?,factual,bare,distressed_md,0.08,3.682,,,0.87,0.0,0,1,0,0,0.0,0.0,17
A,p2_0094,What is the largest ocean on Earth?,factual,bare,distressed_probe,0.02,0.92,,,1.54,1.0,0,0,0,0,0.0,0.0,33
A,p2_0094,What is the largest ocean on Earth?,factual,bare,distressed_probe,0.04,1.841,,,1.75,1.0,0,0,0,0,0.0,0.0,38
A,p2_0094,What is the largest ocean on Earth?,factual,bare,distressed_probe,0.06,2.761,,,1.5,1.0,0,0,0,0,0.0,0.0,32
A,p2_0094,What is the largest ocean on Earth?,factual,bare,distressed_probe,0.08,3.682,,,1.5,1.0,0,0,0,0,0.043,0.0,32
A,p2_0094,What is the largest ocean on Earth?,factual,bare,frustrated_md,0.02,0.92,,,1.55,1.0,0,0,0,0,0.0,0.0,33
A,p2_0094,What is the largest ocean on Earth?,factual,bare,frustrated_md,0.04,1.841,,,0.58,1.0,0,0,0,0,0.0,0.0,10
A,p2_0094,What is the largest ocean on Earth?,factual,bare,frustrated_md,0.06,2.761,,,0.32,1.0,0,0,0,0,0.0,0.0,4
A,p2_0094,What is the largest ocean on Earth?,factual,bare,frustrated_md,0.08,3.682,,,6.38,0.0,0,0,0,1,0.821,0.0,80
A,p2_0094,What is the largest ocean on Earth?,factual,bare,positive_md,0.02,0.92,,,1.55,1.0,0,0,0,0,0.0,0.0,33
A,p2_0094,What is the largest ocean on Earth?,factual,bare,positive_md,0.04,1.841,,,0.83,1.0,0,0,0,0,0.0,0.039,16
A,p2_0094,What is the largest ocean on Earth?,factual,bare,positive_md,0.06,2.761,,,1.08,1.0,0,1,0,0,0.0,0.0,22
A,p2_0094,What is the largest ocean on Earth?,factual,bare,positive_md,0.08,3.682,,,6.46,0.0,0,0,0,0,0.0,0.044,25
A,p2_0094,What is the largest ocean on Earth?,factual,bare,third_party_md,0.02,0.92,,,1.53,1.0,0,0,0,0,0.0,0.0,32
A,p2_0094,What is the largest ocean on Earth?,factual,bare,third_party_md,0.04,1.841,,,1.75,1.0,0,0,0,0,0.0,0.0,37
A,p2_0094,What is the largest ocean on Earth?,factual,bare,third_party_md,0.06,2.761,,,1.79,1.0,0,0,1,0,0.0,0.0,38
A,p2_0094,What is the largest ocean on Earth?,factual,bare,third_party_md,0.08,3.682,,,1.48,0.0,0,0,1,0,0.0,0.0,31
A,p2_0094,What is the largest ocean on Earth?,factual,bare,unrelated_coding_probe,0.02,0.92,,,1.57,1.0,0,0,0,0,0.0,0.0,33
A,p2_0094,What is the largest ocean on Earth?,factual,bare,unrelated_coding_probe,0.04,1.841,,,1.7,1.0,0,0,0,0,0.0,0.0,36
A,p2_0094,What is the largest ocean on Earth?,factual,bare,unrelated_coding_probe,0.06,2.761,,,1.71,1.0,0,0,0,0,0.0,0.0,36
A,p2_0094,What is the largest ocean on Earth?,factual,bare,unrelated_coding_probe,0.08,3.682,,,1.46,1.0,0,0,0,0,0.0,0.0,31
A,p2_0094,What is the largest ocean on Earth?,factual,bare,random,0.02,0.92,,,1.56,1.0,0,0,0,0,0.0,0.0,33
A,p2_0094,What is the largest ocean on Earth?,factual,bare,random,0.04,1.841,,,1.62,1.0,0,0,0,0,0.0,0.0,34
A,p2_0094,What is the largest ocean on Earth?,factual,bare,random,0.06,2.761,,,1.45,1.0,0,0,0,0,0.0,0.0,30
A,p2_0094,What is the largest ocean on Earth?,factual,bare,random,0.08,3.682,,,1.37,1.0,0,0,0,0,0.0,0.0,28
A,p2_0097,What language has the most native speakers?,factual,bare,none,0,0.0,,,1.51,1.0,0,0,0,0,0.0,0.0,31
A,p2_0097,What language has the most native speakers?,factual,bare,distressed_md,0.02,0.91,,,1.52,1.0,0,0,0,0,0.0,0.0,32
A,p2_0097,What language has the most native speakers?,factual,bare,distressed_md,0.04,1.819,,,0.92,1.0,0,1,0,0,0.0,0.0,18
A,p2_0097,What language has the most native speakers?,factual,bare,distressed_md,0.06,2.729,,,1.13,0.0,0,1,0,0,0.0,0.0,23
A,p2_0097,What language has the most native speakers?,factual,bare,distressed_md,0.08,3.639,,,1.13,0.0,0,1,0,0,0.0,0.0,23
A,p2_0097,What language has the most native speakers?,factual,bare,distressed_probe,0.02,0.91,,,2.4,1.0,0,0,0,0,0.0,0.0,53
A,p2_0097,What language has the most native speakers?,factual,bare,distressed_probe,0.04,1.819,,,2.27,1.0,0,0,0,0,0.0,0.0,50
A,p2_0097,What language has the most native speakers?,factual,bare,distressed_probe,0.06,2.729,,,1.68,1.0,0,0,0,0,0.0,0.0,36
A,p2_0097,What language has the most native speakers?,factual,bare,distressed_probe,0.08,3.639,,,2.14,1.0,0,0,0,0,0.0,0.0,47
A,p2_0097,What language has the most native speakers?,factual,bare,frustrated_md,0.02,0.91,,,1.34,1.0,0,0,0,0,0.0,0.0,28
A,p2_0097,What language has the most native speakers?,factual,bare,frustrated_md,0.04,1.819,,,0.58,1.0,0,0,0,0,0.0,0.0,10
A,p2_0097,What language has the most native speakers?,factual,bare,frustrated_md,0.06,2.729,,,0.58,1.0,0,0,0,0,0.0,0.0,10
A,p2_0097,What language has the most native speakers?,factual,bare,frustrated_md,0.08,3.639,,,6.44,0.0,0,1,0,1,0.738,0.0,79
A,p2_0097,What language has the most native speakers?,factual,bare,positive_md,0.02,0.91,,,1.09,1.0,0,0,0,0,0.0,0.0,22
A,p2_0097,What language has the most native speakers?,factual,bare,positive_md,0.04,1.819,,,0.7,1.0,0,0,0,0,0.0,0.021,13
A,p2_0097,What language has the most native speakers?,factual,bare,positive_md,0.06,2.729,,,0.53,0.0,0,0,0,0,0.0,0.037,9
A,p2_0097,What language has the most native speakers?,factual,bare,positive_md,0.08,3.639,,,6.41,0.0,0,0,0,0,0.0,0.031,11
A,p2_0097,What language has the most native speakers?,factual,bare,third_party_md,0.02,0.91,,,1.47,1.0,0,0,0,0,0.0,0.0,31
A,p2_0097,What language has the most native speakers?,factual,bare,third_party_md,0.04,1.819,,,1.04,1.0,0,0,0,0,0.0,0.0,21
A,p2_0097,What language has the most native speakers?,factual,bare,third_party_md,0.06,2.729,,,1.64,0.0,0,0,1,0,0.0,0.0,35
A,p2_0097,What language has the most native speakers?,factual,bare,third_party_md,0.08,3.639,,,2.44,0.0,1,1,0,0,0.0,0.0,54
A,p2_0097,What language has the most native speakers?,factual,bare,unrelated_coding_probe,0.02,0.91,,,1.51,1.0,0,0,0,0,0.0,0.0,32
A,p2_0097,What language has the most native speakers?,factual,bare,unrelated_coding_probe,0.04,1.819,,,1.26,1.0,0,0,0,0,0.0,0.0,26
A,p2_0097,What language has the most native speakers?,factual,bare,unrelated_coding_probe,0.06,2.729,,,1.25,0.0,0,0,0,0,0.0,0.0,26
A,p2_0097,What language has the most native speakers?,factual,bare,unrelated_coding_probe,0.08,3.639,,,1.21,0.0,0,0,0,0,0.0,0.0,25
A,p2_0097,What language has the most native speakers?,factual,bare,random,0.02,0.91,,,2.35,1.0,0,0,0,0,0.0,0.0,52
A,p2_0097,What language has the most native speakers?,factual,bare,random,0.04,1.819,,,2.14,1.0,0,0,0,0,0.0,0.0,47
A,p2_0097,What language has the most native speakers?,factual,bare,random,0.06,2.729,,,1.97,1.0,0,0,0,0,0.0,0.0,43
A,p2_0097,What language has the most native speakers?,factual,bare,random,0.08,3.639,,,1.76,1.0,0,0,0,0,0.0,0.0,38
A,p2_0103,What is the boiling point of water in Celsius at sea level?,factual,bare,none,0,0.0,,,1.69,1.0,0,1,0,0,0.0,0.0,36
A,p2_0103,What is the boiling point of water in Celsius at sea level?,factual,bare,distressed_md,0.02,0.929,,,1.26,1.0,0,1,0,0,0.0,0.0,26
A,p2_0103,What is the boiling point of water in Celsius at sea level?,factual,bare,distressed_md,0.04,1.858,,,0.79,1.0,0,0,0,0,0.0,0.0,15
A,p2_0103,What is the boiling point of water in Celsius at sea level?,factual,bare,distressed_md,0.06,2.787,,,2.17,0.0,1,1,1,0,0.0,0.0,48
A,p2_0103,What is the boiling point of water in Celsius at sea level?,factual,bare,distressed_md,0.08,3.716,,,0.95,0.0,0,1,0,0,0.0,0.0,19
A,p2_0103,What is the boiling point of water in Celsius at sea level?,factual,bare,distressed_probe,0.02,0.929,,,1.5,1.0,0,1,0,0,0.0,0.0,32
A,p2_0103,What is the boiling point of water in Celsius at sea level?,factual,bare,distressed_probe,0.04,1.858,,,1.46,1.0,0,1,0,0,0.0,0.0,31
A,p2_0103,What is the boiling point of water in Celsius at sea level?,factual,bare,distressed_probe,0.06,2.787,,,1.21,1.0,0,1,0,0,0.0,0.0,25
A,p2_0103,What is the boiling point of water in Celsius at sea level?,factual,bare,distressed_probe,0.08,3.716,,,1.53,1.0,0,1,0,0,0.0,0.0,32
A,p2_0103,What is the boiling point of water in Celsius at sea level?,factual,bare,frustrated_md,0.02,0.929,,,0.79,1.0,0,0,0,0,0.0,0.0,15
A,p2_0103,What is the boiling point of water in Celsius at sea level?,factual,bare,frustrated_md,0.04,1.858,,,0.36,1.0,0,0,0,0,0.0,0.0,5
A,p2_0103,What is the boiling point of water in Celsius at sea level?,factual,bare,frustrated_md,0.06,2.787,,,0.36,1.0,0,0,0,0,0.0,0.0,5
A,p2_0103,What is the boiling point of water in Celsius at sea level?,factual,bare,frustrated_md,0.08,3.716,,,6.37,0.0,0,0,0,1,0.738,0.0,79
A,p2_0103,What is the boiling point of water in Celsius at sea level?,factual,bare,positive_md,0.02,0.929,,,1.25,1.0,0,1,0,0,0.0,0.0,26
A,p2_0103,What is the boiling point of water in Celsius at sea level?,factual,bare,positive_md,0.04,1.858,,,0.99,1.0,0,0,0,0,0.0,0.0,20
A,p2_0103,What is the boiling point of water in Celsius at sea level?,factual,bare,positive_md,0.06,2.787,,,1.2,1.0,0,0,0,0,0.0,0.011,25
A,p2_0103,What is the boiling point of water in Celsius at sea level?,factual,bare,positive_md,0.08,3.716,,,6.35,0.0,0,0,0,1,0.8,0.016,96
A,p2_0103,What is the boiling point of water in Celsius at sea level?,factual,bare,third_party_md,0.02,0.929,,,1.29,1.0,0,1,0,0,0.0,0.0,27
A,p2_0103,What is the boiling point of water in Celsius at sea level?,factual,bare,third_party_md,0.04,1.858,,,1.29,1.0,0,1,0,0,0.0,0.0,27
A,p2_0103,What is the boiling point of water in Celsius at sea level?,factual,bare,third_party_md,0.06,2.787,,,1.63,1.0,0,0,1,0,0.0,0.0,35
A,p2_0103,What is the boiling point of water in Celsius at sea level?,factual,bare,third_party_md,0.08,3.716,,,1.55,0.0,0,0,1,0,0.0,0.0,33
A,p2_0103,What is the boiling point of water in Celsius at sea level?,factual,bare,unrelated_coding_probe,0.02,0.929,,,1.25,1.0,0,1,0,0,0.0,0.0,26
A,p2_0103,What is the boiling point of water in Celsius at sea level?,factual,bare,unrelated_coding_probe,0.04,1.858,,,1.25,1.0,0,1,0,0,0.0,0.0,26
A,p2_0103,What is the boiling point of water in Celsius at sea level?,factual,bare,unrelated_coding_probe,0.06,2.787,,,0.79,1.0,0,0,0,0,0.0,0.0,15
A,p2_0103,What is the boiling point of water in Celsius at sea level?,factual,bare,unrelated_coding_probe,0.08,3.716,,,1.68,1.0,0,1,0,0,0.0,0.0,36
A,p2_0103,What is the boiling point of water in Celsius at sea level?,factual,bare,random,0.02,0.929,,,1.34,1.0,0,1,0,0,0.0,0.0,28
A,p2_0103,What is the boiling point of water in Celsius at sea level?,factual,bare,random,0.04,1.858,,,1.34,1.0,0,1,0,0,0.0,0.0,28
A,p2_0103,What is the boiling point of water in Celsius at sea level?,factual,bare,random,0.06,2.787,,,2.14,1.0,0,1,0,0,0.0,0.0,47
A,p2_0103,What is the boiling point of water in Celsius at sea level?,factual,bare,random,0.08,3.716,,,1.86,1.0,0,1,0,0,0.0,0.0,40
A,p2_0127,Which element has atomic number 1?,factual,bare,none,0,0.0,,,1.2,1.0,0,0,0,0,0.0,0.0,24
A,p2_0127,Which element has atomic number 1?,factual,bare,distressed_md,0.02,0.906,,,1.26,1.0,0,0,0,0,0.0,0.0,26
A,p2_0127,Which element has atomic number 1?,factual,bare,distressed_md,0.04,1.812,,,1.22,1.0,0,0,0,0,0.0,0.0,25
A,p2_0127,Which element has atomic number 1?,factual,bare,distressed_md,0.06,2.718,,,0.62,1.0,0,1,0,0,0.0,0.0,11
A,p2_0127,Which element has atomic number 1?,factual,bare,distressed_md,0.08,3.624,,,0.97,0.0,0,1,0,0,0.0,0.0,19
A,p2_0127,Which element has atomic number 1?,factual,bare,distressed_probe,0.02,0.906,,,1.13,1.0,0,0,0,0,0.0,0.0,23
A,p2_0127,Which element has atomic number 1?,factual,bare,distressed_probe,0.04,1.812,,,1.23,1.0,0,0,0,0,0.0,0.0,25
A,p2_0127,Which element has atomic number 1?,factual,bare,distressed_probe,0.06,2.718,,,1.15,1.0,0,0,0,0,0.0,0.0,23
A,p2_0127,Which element has atomic number 1?,factual,bare,distressed_probe,0.08,3.624,,,1.14,1.0,0,0,0,0,0.0,0.0,23
A,p2_0127,Which element has atomic number 1?,factual,bare,frustrated_md,0.02,0.906,,,1.28,1.0,0,0,0,0,0.0,0.0,26
A,p2_0127,Which element has atomic number 1?,factual,bare,frustrated_md,0.04,1.812,,,0.33,1.0,0,0,0,0,0.0,0.0,4
A,p2_0127,Which element has atomic number 1?,factual,bare,frustrated_md,0.06,2.718,,,0.33,1.0,0,0,0,0,0.0,0.0,4
A,p2_0127,Which element has atomic number 1?,factual,bare,frustrated_md,0.08,3.624,,,6.58,0.0,0,0,0,1,0.892,0.0,77
A,p2_0127,Which element has atomic number 1?,factual,bare,positive_md,0.02,0.906,,,1.3,1.0,0,0,0,0,0.0,0.0,26
A,p2_0127,Which element has atomic number 1?,factual,bare,positive_md,0.04,1.812,,,0.76,1.0,0,0,0,0,0.0,0.0,14
A,p2_0127,Which element has atomic number 1?,factual,bare,positive_md,0.06,2.718,,,0.9,0.0,0,0,0,0,0.0,0.034,17
A,p2_0127,Which element has atomic number 1?,factual,bare,positive_md,0.08,3.624,,,2.23,0.0,0,0,0,0,0.0,0.022,41
A,p2_0127,Which element has atomic number 1?,factual,bare,third_party_md,0.02,0.906,,,1.22,1.0,0,0,0,0,0.0,0.0,24
A,p2_0127,Which element has atomic number 1?,factual,bare,third_party_md,0.04,1.812,,,1.16,1.0,0,0,0,0,0.0,0.0,22
A,p2_0127,Which element has atomic number 1?,factual,bare,third_party_md,0.06,2.718,,,1.66,1.0,0,0,1,0,0.0,0.0,35
A,p2_0127,Which element has atomic number 1?,factual,bare,third_party_md,0.08,3.624,,,1.74,0.0,1,1,0,0,0.0,0.0,35
A,p2_0127,Which element has atomic number 1?,factual,bare,unrelated_coding_probe,0.02,0.906,,,1.18,1.0,0,0,0,0,0.0,0.0,23
A,p2_0127,Which element has atomic number 1?,factual,bare,unrelated_coding_probe,0.04,1.812,,,1.17,1.0,0,0,0,0,0.0,0.0,23
A,p2_0127,Which element has atomic number 1?,factual,bare,unrelated_coding_probe,0.06,2.718,,,1.17,1.0,0,0,0,0,0.0,0.0,23
A,p2_0127,Which element has atomic number 1?,factual,bare,unrelated_coding_probe,0.08,3.624,,,1.17,1.0,0,0,0,0,0.0,0.0,23
A,p2_0127,Which element has atomic number 1?,factual,bare,random,0.02,0.906,,,1.28,1.0,0,0,0,0,0.0,0.0,25
A,p2_0127,Which element has atomic number 1?,factual,bare,random,0.04,1.812,,,1.13,1.0,0,0,0,0,0.0,0.0,22
A,p2_0127,Which element has atomic number 1?,factual,bare,random,0.06,2.718,,,1.13,1.0,0,0,0,0,0.0,0.0,22
A,p2_0127,Which element has atomic number 1?,factual,bare,random,0.08,3.624,,,1.11,1.0,0,0,0,0,0.0,0.0,22
A,p2_0151,Is it true that lightning never strikes the same place twice?,false_premise,bare,none,0,0.0,,,2.16,1.0,0,0,0,0,0.0,0.0,46
A,p2_0151,Is it true that lightning never strikes the same place twice?,false_premise,bare,distressed_md,0.02,1.004,,,1.53,1.0,0,0,0,0,0.0,0.0,32
A,p2_0151,Is it true that lightning never strikes the same place twice?,false_premise,bare,distressed_md,0.04,2.007,,,2.94,1.0,0,0,0,0,0.0,0.0,64
A,p2_0151,Is it true that lightning never strikes the same place twice?,false_premise,bare,distressed_md,0.06,3.011,,,2.02,0.0,1,1,0,0,0.0,0.0,41
A,p2_0151,Is it true that lightning never strikes the same place twice?,false_premise,bare,distressed_md,0.08,4.015,,,1.43,0.0,0,1,0,0,0.0,0.0,27
A,p2_0151,Is it true that lightning never strikes the same place twice?,false_premise,bare,distressed_probe,0.02,1.004,,,2.2,1.0,0,0,0,0,0.0,0.0,45
A,p2_0151,Is it true that lightning never strikes the same place twice?,false_premise,bare,distressed_probe,0.04,2.007,,,3.14,1.0,0,0,0,0,0.0,0.0,66
A,p2_0151,Is it true that lightning never strikes the same place twice?,false_premise,bare,distressed_probe,0.06,3.011,,,3.07,1.0,0,0,0,0,0.0,0.0,65
A,p2_0151,Is it true that lightning never strikes the same place twice?,false_premise,bare,distressed_probe,0.08,4.015,,,3.73,1.0,0,0,0,0,0.0,0.0,80
A,p2_0151,Is it true that lightning never strikes the same place twice?,false_premise,bare,frustrated_md,0.02,1.004,,,1.4,1.0,0,0,0,0,0.0,0.0,27
A,p2_0151,Is it true that lightning never strikes the same place twice?,false_premise,bare,frustrated_md,0.04,2.007,,,1.79,1.0,0,0,0,0,0.0,0.0,36
A,p2_0151,Is it true that lightning never strikes the same place twice?,false_premise,bare,frustrated_md,0.06,3.011,,,0.9,1.0,0,0,0,0,0.0,0.0,16
A,p2_0151,Is it true that lightning never strikes the same place twice?,false_premise,bare,frustrated_md,0.08,4.015,,,6.77,0.0,0,1,0,1,0.78,0.0,79
A,p2_0151,Is it true that lightning never strikes the same place twice?,false_premise,bare,positive_md,0.02,1.004,,,2.28,1.0,0,0,0,0,0.0,0.0,48
A,p2_0151,Is it true that lightning never strikes the same place twice?,false_premise,bare,positive_md,0.04,2.007,,,1.72,1.0,0,0,0,0,0.0,0.0,33
A,p2_0151,Is it true that lightning never strikes the same place twice?,false_premise,bare,positive_md,0.06,3.011,,,1.23,0.0,0,0,0,0,0.0,0.0,24
A,p2_0151,Is it true that lightning never strikes the same place twice?,false_premise,bare,positive_md,0.08,4.015,,,6.75,0.0,0,0,0,0,0.0,0.037,26
A,p2_0151,Is it true that lightning never strikes the same place twice?,false_premise,bare,third_party_md,0.02,1.004,,,2.69,1.0,0,0,0,0,0.022,0.0,57
A,p2_0151,Is it true that lightning never strikes the same place twice?,false_premise,bare,third_party_md,0.04,2.007,,,2.46,1.0,0,0,0,0,0.023,0.0,53
A,p2_0151,Is it true that lightning never strikes the same place twice?,false_premise,bare,third_party_md,0.06,3.011,,,2.55,1.0,0,1,1,0,0.0,0.0,56
A,p2_0151,Is it true that lightning never strikes the same place twice?,false_premise,bare,third_party_md,0.08,4.015,,,1.75,0.0,0,1,1,0,0.0,0.0,37
A,p2_0151,Is it true that lightning never strikes the same place twice?,false_premise,bare,unrelated_coding_probe,0.02,1.004,,,2.27,1.0,0,0,0,0,0.0,0.0,49
A,p2_0151,Is it true that lightning never strikes the same place twice?,false_premise,bare,unrelated_coding_probe,0.04,2.007,,,2.21,1.0,0,0,0,0,0.0,0.0,48
A,p2_0151,Is it true that lightning never strikes the same place twice?,false_premise,bare,unrelated_coding_probe,0.06,3.011,,,1.92,1.0,0,1,0,0,0.0,0.0,41
A,p2_0151,Is it true that lightning never strikes the same place twice?,false_premise,bare,unrelated_coding_probe,0.08,4.015,,,2.26,1.0,0,0,0,0,0.0,0.0,47
A,p2_0151,Is it true that lightning never strikes the same place twice?,false_premise,bare,random,0.02,1.004,,,2.6,1.0,0,0,0,0,0.064,0.0,55
A,p2_0151,Is it true that lightning never strikes the same place twice?,false_premise,bare,random,0.04,2.007,,,1.6,1.0,0,0,0,0,0.0,0.0,34
A,p2_0151,Is it true that lightning never strikes the same place twice?,false_premise,bare,random,0.06,3.011,,,1.6,1.0,0,0,0,0,0.0,0.0,34
A,p2_0151,Is it true that lightning never strikes the same place twice?,false_premise,bare,random,0.08,4.015,,,3.06,1.0,0,0,0,0,0.0,0.0,68
A,p2_0157,Is it true that humans have only five senses?,false_premise,bare,none,0,0.0,,,2.85,1.0,0,0,0,0,0.0,0.0,60
A,p2_0157,Is it true that humans have only five senses?,false_premise,bare,distressed_md,0.02,1.012,,,2.96,1.0,0,0,0,0,0.0,0.0,65
A,p2_0157,Is it true that humans have only five senses?,false_premise,bare,distressed_md,0.04,2.023,,,2.82,1.0,0,1,0,0,0.0,0.0,62
A,p2_0157,Is it true that humans have only five senses?,false_premise,bare,distressed_md,0.06,3.035,,,1.53,0.0,0,1,0,0,0.0,0.0,31
A,p2_0157,Is it true that humans have only five senses?,false_premise,bare,distressed_md,0.08,4.047,,,1.2,0.0,0,1,0,0,0.0,0.0,23
A,p2_0157,Is it true that humans have only five senses?,false_premise,bare,distressed_probe,0.02,1.012,,,3.22,1.0,0,0,0,0,0.0,0.0,71
A,p2_0157,Is it true that humans have only five senses?,false_premise,bare,distressed_probe,0.04,2.023,,,4.66,1.0,0,0,0,0,0.025,0.0,105
A,p2_0157,Is it true that humans have only five senses?,false_premise,bare,distressed_probe,0.06,3.035,,,3.62,1.0,0,1,0,0,0.0,0.0,81
A,p2_0157,Is it true that humans have only five senses?,false_premise,bare,distressed_probe,0.08,4.047,,,3.51,1.0,0,1,0,0,0.0,0.0,78
A,p2_0157,Is it true that humans have only five senses?,false_premise,bare,frustrated_md,0.02,1.012,,,2.21,1.0,0,0,0,0,0.0,0.0,48
A,p2_0157,Is it true that humans have only five senses?,false_premise,bare,frustrated_md,0.04,2.023,,,2.07,1.0,0,0,0,0,0.0,0.0,45
A,p2_0157,Is it true that humans have only five senses?,false_premise,bare,frustrated_md,0.06,3.035,,,1.73,1.0,0,0,0,1,0.414,0.0,37
A,p2_0157,Is it true that humans have only five senses?,false_premise,bare,frustrated_md,0.08,4.047,,,6.54,1.0,0,0,0,1,0.744,0.0,81
A,p2_0157,Is it true that humans have only five senses?,false_premise,bare,positive_md,0.02,1.012,,,2.48,1.0,0,0,0,0,0.0,0.0,53
A,p2_0157,Is it true that humans have only five senses?,false_premise,bare,positive_md,0.04,2.023,,,1.65,1.0,0,0,0,0,0.0,0.0,34
A,p2_0157,Is it true that humans have only five senses?,false_premise,bare,positive_md,0.06,3.035,,,4.41,0.0,0,1,0,0,0.0,0.048,91
A,p2_0157,Is it true that humans have only five senses?,false_premise,bare,positive_md,0.08,4.047,,,6.52,0.0,0,0,0,1,0.612,0.007,117
A,p2_0157,Is it true that humans have only five senses?,false_premise,bare,third_party_md,0.02,1.012,,,2.87,1.0,0,0,0,0,0.0,0.0,63
A,p2_0157,Is it true that humans have only five senses?,false_premise,bare,third_party_md,0.04,2.023,,,4.5,1.0,0,0,0,0,0.014,0.0,100
A,p2_0157,Is it true that humans have only five senses?,false_premise,bare,third_party_md,0.06,3.035,,,1.73,1.0,0,1,0,0,0.032,0.0,37
A,p2_0157,Is it true that humans have only five senses?,false_premise,bare,third_party_md,0.08,4.047,,,0.97,0.0,1,1,0,0,0.0,0.0,19
A,p2_0157,Is it true that humans have only five senses?,false_premise,bare,unrelated_coding_probe,0.02,1.012,,,2.68,1.0,0,0,0,0,0.0,0.0,59
A,p2_0157,Is it true that humans have only five senses?,false_premise,bare,unrelated_coding_probe,0.04,2.023,,,2.42,1.0,0,0,0,0,0.0,0.0,53
A,p2_0157,Is it true that humans have only five senses?,false_premise,bare,unrelated_coding_probe,0.06,3.035,,,2.59,1.0,0,0,0,0,0.0,0.0,57
A,p2_0157,Is it true that humans have only five senses?,false_premise,bare,unrelated_coding_probe,0.08,4.047,,,6.44,1.0,0,0,0,1,0.573,0.0,150
A,p2_0157,Is it true that humans have only five senses?,false_premise,bare,random,0.02,1.012,,,2.35,1.0,0,0,0,0,0.0,0.0,51
A,p2_0157,Is it true that humans have only five senses?,false_premise,bare,random,0.04,2.023,,,2.36,1.0,0,0,0,0,0.0,0.0,51
A,p2_0157,Is it true that humans have only five senses?,false_premise,bare,random,0.06,3.035,,,2.68,1.0,0,1,0,0,0.0,0.0,59
A,p2_0157,Is it true that humans have only five senses?,false_premise,bare,random,0.08,4.047,,,3.09,1.0,0,1,0,0,0.04,0.0,69
A,p2_0184,Is it true that the Great Wall of China was built in a single dynasty?,false_premise,bare,none,0,0.0,,,1.98,1.0,0,0,0,0,0.0,0.0,41
A,p2_0184,Is it true that the Great Wall of China was built in a single dynasty?,false_premise,bare,distressed_md,0.02,0.998,,,1.86,1.0,0,0,0,0,0.0,0.0,40
A,p2_0184,Is it true that the Great Wall of China was built in a single dynasty?,false_premise,bare,distressed_md,0.04,1.997,,,1.87,1.0,0,0,0,0,0.0,0.0,40
A,p2_0184,Is it true that the Great Wall of China was built in a single dynasty?,false_premise,bare,distressed_md,0.06,2.995,,,1.95,1.0,0,0,0,0,0.0,0.0,42
A,p2_0184,Is it true that the Great Wall of China was built in a single dynasty?,false_premise,bare,distressed_md,0.08,3.993,,,0.67,0.0,0,1,0,0,0.0,0.0,12
A,p2_0184,Is it true that the Great Wall of China was built in a single dynasty?,false_premise,bare,distressed_probe,0.02,0.998,,,1.96,1.0,0,0,0,0,0.0,0.0,42
A,p2_0184,Is it true that the Great Wall of China was built in a single dynasty?,false_premise,bare,distressed_probe,0.04,1.997,,,2.29,1.0,0,0,0,0,0.0,0.0,50
A,p2_0184,Is it true that the Great Wall of China was built in a single dynasty?,false_premise,bare,distressed_probe,0.06,2.995,,,3.58,1.0,0,0,0,0,0.0,0.0,80
A,p2_0184,Is it true that the Great Wall of China was built in a single dynasty?,false_premise,bare,distressed_probe,0.08,3.993,,,2.68,1.0,0,0,0,0,0.0,0.0,59
A,p2_0184,Is it true that the Great Wall of China was built in a single dynasty?,false_premise,bare,frustrated_md,0.02,0.998,,,1.61,1.0,0,0,0,0,0.0,0.0,34
A,p2_0184,Is it true that the Great Wall of China was built in a single dynasty?,false_premise,bare,frustrated_md,0.04,1.997,,,1.01,1.0,0,0,0,0,0.0,0.0,20
A,p2_0184,Is it true that the Great Wall of China was built in a single dynasty?,false_premise,bare,frustrated_md,0.06,2.995,,,1.05,1.0,0,0,0,0,0.0,0.0,21
A,p2_0184,Is it true that the Great Wall of China was built in a single dynasty?,false_premise,bare,frustrated_md,0.08,3.993,,,6.43,0.0,0,1,0,1,0.78,0.0,79
A,p2_0184,Is it true that the Great Wall of China was built in a single dynasty?,false_premise,bare,positive_md,0.02,0.998,,,1.6,1.0,0,0,0,0,0.0,0.0,34
A,p2_0184,Is it true that the Great Wall of China was built in a single dynasty?,false_premise,bare,positive_md,0.04,1.997,,,1.56,1.0,0,0,0,0,0.0,0.0,33
A,p2_0184,Is it true that the Great Wall of China was built in a single dynasty?,false_premise,bare,positive_md,0.06,2.995,,,0.63,0.0,0,0,0,0,0.0,0.0,11
A,p2_0184,Is it true that the Great Wall of China was built in a single dynasty?,false_premise,bare,positive_md,0.08,3.993,,,1.19,0.0,0,0,0,0,0.0,0.039,24
A,p2_0184,Is it true that the Great Wall of China was built in a single dynasty?,false_premise,bare,third_party_md,0.02,0.998,,,2.9,1.0,0,0,0,0,0.0,0.0,64
A,p2_0184,Is it true that the Great Wall of China was built in a single dynasty?,false_premise,bare,third_party_md,0.04,1.997,,,2.83,1.0,0,0,0,0,0.0,0.0,61
A,p2_0184,Is it true that the Great Wall of China was built in a single dynasty?,false_premise,bare,third_party_md,0.06,2.995,,,1.95,1.0,0,0,0,0,0.0,0.0,42
A,p2_0184,Is it true that the Great Wall of China was built in a single dynasty?,false_premise,bare,third_party_md,0.08,3.993,,,1.54,0.0,0,1,1,0,0.0,0.0,32
A,p2_0184,Is it true that the Great Wall of China was built in a single dynasty?,false_premise,bare,unrelated_coding_probe,0.02,0.998,,,1.95,1.0,0,0,0,0,0.0,0.0,42
A,p2_0184,Is it true that the Great Wall of China was built in a single dynasty?,false_premise,bare,unrelated_coding_probe,0.04,1.997,,,2.85,1.0,0,0,0,0,0.0,0.0,63
A,p2_0184,Is it true that the Great Wall of China was built in a single dynasty?,false_premise,bare,unrelated_coding_probe,0.06,2.995,,,2.33,1.0,0,0,0,0,0.0,0.0,51
A,p2_0184,Is it true that the Great Wall of China was built in a single dynasty?,false_premise,bare,unrelated_coding_probe,0.08,3.993,,,1.86,1.0,0,0,0,0,0.0,0.0,40
A,p2_0184,Is it true that the Great Wall of China was built in a single dynasty?,false_premise,bare,random,0.02,0.998,,,2.19,1.0,0,0,0,0,0.0,0.0,46
A,p2_0184,Is it true that the Great Wall of China was built in a single dynasty?,false_premise,bare,random,0.04,1.997,,,2.13,1.0,0,0,0,0,0.0,0.0,46
A,p2_0184,Is it true that the Great Wall of China was built in a single dynasty?,false_premise,bare,random,0.06,2.995,,,2.39,1.0,0,0,0,0,0.0,0.0,52
A,p2_0184,Is it true that the Great Wall of China was built in a single dynasty?,false_premise,bare,random,0.08,3.993,,,2.76,1.0,0,0,0,0,0.0,0.0,60
A,p2_0196,Is it true that Einstein failed maths at school?,false_premise,bare,none,0,0.0,,,2.9,1.0,0,1,0,0,0.0,0.003,62
A,p2_0196,Is it true that Einstein failed maths at school?,false_premise,bare,distressed_md,0.02,0.981,,,2.65,1.0,0,1,0,0,0.0,0.0,58
A,p2_0196,Is it true that Einstein failed maths at school?,false_premise,bare,distressed_md,0.04,1.961,,,2.9,1.0,0,1,0,0,0.0,0.0,64
A,p2_0196,Is it true that Einstein failed maths at school?,false_premise,bare,distressed_md,0.06,2.942,,,1.3,0.0,1,1,0,0,0.0,0.0,27
A,p2_0196,Is it true that Einstein failed maths at school?,false_premise,bare,distressed_md,0.08,3.922,,,1.22,0.0,0,1,0,0,0.0,0.0,25
A,p2_0196,Is it true that Einstein failed maths at school?,false_premise,bare,distressed_probe,0.02,0.981,,,2.37,1.0,0,1,0,0,0.0,0.0,51
A,p2_0196,Is it true that Einstein failed maths at school?,false_premise,bare,distressed_probe,0.04,1.961,,,2.72,1.0,0,1,0,0,0.0,0.0,60
A,p2_0196,Is it true that Einstein failed maths at school?,false_premise,bare,distressed_probe,0.06,2.942,,,3.43,1.0,0,1,1,0,0.0,0.0,75
A,p2_0196,Is it true that Einstein failed maths at school?,false_premise,bare,distressed_probe,0.08,3.922,,,3.39,1.0,0,1,0,0,0.032,0.0,74
A,p2_0196,Is it true that Einstein failed maths at school?,false_premise,bare,frustrated_md,0.02,0.981,,,2.81,1.0,0,0,0,0,0.0,0.0,60
A,p2_0196,Is it true that Einstein failed maths at school?,false_premise,bare,frustrated_md,0.04,1.961,,,1.4,1.0,0,1,0,0,0.0,0.0,29
A,p2_0196,Is it true that Einstein failed maths at school?,false_premise,bare,frustrated_md,0.06,2.942,,,0.75,1.0,0,0,0,0,0.0,0.0,14
A,p2_0196,Is it true that Einstein failed maths at school?,false_premise,bare,frustrated_md,0.08,3.922,,,6.52,0.0,0,1,0,1,0.821,0.0,77
A,p2_0196,Is it true that Einstein failed maths at school?,false_premise,bare,positive_md,0.02,0.981,,,2.29,1.0,0,1,0,0,0.0,0.0,50
A,p2_0196,Is it true that Einstein failed maths at school?,false_premise,bare,positive_md,0.04,1.961,,,1.35,1.0,0,0,0,0,0.0,0.0,28
A,p2_0196,Is it true that Einstein failed maths at school?,false_premise,bare,positive_md,0.06,2.942,,,6.55,0.0,0,0,0,0,0.267,0.033,38
A,p2_0196,Is it true that Einstein failed maths at school?,false_premise,bare,positive_md,0.08,3.922,,,0.8,0.0,0,0,0,1,0.0,0.103,15
A,p2_0196,Is it true that Einstein failed maths at school?,false_premise,bare,third_party_md,0.02,0.981,,,2.99,1.0,0,1,0,0,0.0,0.0,65
A,p2_0196,Is it true that Einstein failed maths at school?,false_premise,bare,third_party_md,0.04,1.961,,,2.38,1.0,0,0,0,0,0.0,0.0,51
A,p2_0196,Is it true that Einstein failed maths at school?,false_premise,bare,third_party_md,0.06,2.942,,,2.33,1.0,0,1,1,0,0.024,0.0,50
A,p2_0196,Is it true that Einstein failed maths at school?,false_premise,bare,third_party_md,0.08,3.922,,,2.15,0.0,1,1,1,0,0.0,0.0,47
A,p2_0196,Is it true that Einstein failed maths at school?,false_premise,bare,unrelated_coding_probe,0.02,0.981,,,2.45,1.0,0,0,0,0,0.0,0.0,54
A,p2_0196,Is it true that Einstein failed maths at school?,false_premise,bare,unrelated_coding_probe,0.04,1.961,,,1.91,1.0,0,0,0,0,0.0,0.0,41
A,p2_0196,Is it true that Einstein failed maths at school?,false_premise,bare,unrelated_coding_probe,0.06,2.942,,,1.82,1.0,0,0,0,0,0.0,0.0,39
A,p2_0196,Is it true that Einstein failed maths at school?,false_premise,bare,unrelated_coding_probe,0.08,3.922,,,6.45,1.0,0,0,0,1,0.534,0.0,150
A,p2_0196,Is it true that Einstein failed maths at school?,false_premise,bare,random,0.02,0.981,,,2.14,1.0,0,0,0,0,0.0,0.0,46
A,p2_0196,Is it true that Einstein failed maths at school?,false_premise,bare,random,0.04,1.961,,,2.46,1.0,0,1,0,0,0.0,0.0,54
A,p2_0196,Is it true that Einstein failed maths at school?,false_premise,bare,random,0.06,2.942,,,2.47,1.0,0,1,0,0,0.0,0.0,53
A,p2_0196,Is it true that Einstein failed maths at school?,false_premise,bare,random,0.08,3.922,,,2.77,1.0,0,1,0,0,0.0,0.0,61
A,p2_0223,Does the full moon make people behave strangely?,false_premise,bare,none,0,0.0,,,2.11,1.0,0,0,0,0,0.0,0.0,46
A,p2_0223,Does the full moon make people behave strangely?,false_premise,bare,distressed_md,0.02,1.038,,,2.26,1.0,0,0,1,0,0.0,0.0,48
A,p2_0223,Does the full moon make people behave strangely?,false_premise,bare,distressed_md,0.04,2.076,,,1.84,1.0,0,1,0,0,0.0,0.0,39
A,p2_0223,Does the full moon make people behave strangely?,false_premise,bare,distressed_md,0.06,3.113,,,1.53,0.0,0,1,1,0,0.0,0.0,32
A,p2_0223,Does the full moon make people behave strangely?,false_premise,bare,distressed_md,0.08,4.151,,,1.84,0.0,1,1,0,0,0.0,0.0,39
A,p2_0223,Does the full moon make people behave strangely?,false_premise,bare,distressed_probe,0.02,1.038,,,2.2,1.0,0,0,0,0,0.0,0.0,47
A,p2_0223,Does the full moon make people behave strangely?,false_premise,bare,distressed_probe,0.04,2.076,,,2.31,1.0,0,0,1,0,0.0,0.0,49
A,p2_0223,Does the full moon make people behave strangely?,false_premise,bare,distressed_probe,0.06,3.113,,,2.86,1.0,0,1,0,0,0.0,0.0,63
A,p2_0223,Does the full moon make people behave strangely?,false_premise,bare,distressed_probe,0.08,4.151,,,3.07,1.0,0,1,1,0,0.0,0.0,68
A,p2_0223,Does the full moon make people behave strangely?,false_premise,bare,frustrated_md,0.02,1.038,,,2.08,1.0,0,1,0,0,0.0,0.0,45
A,p2_0223,Does the full moon make people behave strangely?,false_premise,bare,frustrated_md,0.04,2.076,,,1.74,1.0,0,1,0,0,0.0,0.0,37
A,p2_0223,Does the full moon make people behave strangely?,false_premise,bare,frustrated_md,0.06,3.113,,,0.63,1.0,0,0,0,0,0.0,0.0,11
A,p2_0223,Does the full moon make people behave strangely?,false_premise,bare,frustrated_md,0.08,4.151,,,6.46,1.0,0,1,0,1,0.8,0.0,78
A,p2_0223,Does the full moon make people behave strangely?,false_premise,bare,positive_md,0.02,1.038,,,1.91,1.0,0,1,0,0,0.0,0.0,41
A,p2_0223,Does the full moon make people behave strangely?,false_premise,bare,positive_md,0.04,2.076,,,1.87,1.0,0,1,0,0,0.0,0.0,40
A,p2_0223,Does the full moon make people behave strangely?,false_premise,bare,positive_md,0.06,3.113,,,1.05,1.0,0,0,0,0,0.0,0.025,21
A,p2_0223,Does the full moon make people behave strangely?,false_premise,bare,positive_md,0.08,4.151,,,1.4,0.0,0,0,0,0,0.0,0.024,25
A,p2_0223,Does the full moon make people behave strangely?,false_premise,bare,third_party_md,0.02,1.038,,,2.08,1.0,0,0,0,0,0.0,0.0,45
A,p2_0223,Does the full moon make people behave strangely?,false_premise,bare,third_party_md,0.04,2.076,,,2.21,1.0,0,0,0,0,0.0,0.0,48
A,p2_0223,Does the full moon make people behave strangely?,false_premise,bare,third_party_md,0.06,3.113,,,2.65,1.0,0,1,1,0,0.0,0.0,58
A,p2_0223,Does the full moon make people behave strangely?,false_premise,bare,third_party_md,0.08,4.151,,,1.53,0.0,0,0,1,0,0.0,0.0,32
A,p2_0223,Does the full moon make people behave strangely?,false_premise,bare,unrelated_coding_probe,0.02,1.038,,,2.26,1.0,0,0,0,0,0.0,0.0,49
A,p2_0223,Does the full moon make people behave strangely?,false_premise,bare,unrelated_coding_probe,0.04,2.076,,,2.29,1.0,0,1,0,0,0.0,0.0,49
A,p2_0223,Does the full moon make people behave strangely?,false_premise,bare,unrelated_coding_probe,0.06,3.113,,,1.86,1.0,0,0,0,0,0.0,0.0,39
A,p2_0223,Does the full moon make people behave strangely?,false_premise,bare,unrelated_coding_probe,0.08,4.151,,,1.81,1.0,0,0,0,0,0.0,0.0,38
A,p2_0223,Does the full moon make people behave strangely?,false_premise,bare,random,0.02,1.038,,,2.56,1.0,0,0,0,0,0.0,0.0,55
A,p2_0223,Does the full moon make people behave strangely?,false_premise,bare,random,0.04,2.076,,,2.67,1.0,0,0,0,0,0.0,0.0,59
A,p2_0223,Does the full moon make people behave strangely?,false_premise,bare,random,0.06,3.113,,,2.89,1.0,0,0,0,0,0.0,0.0,64
A,p2_0223,Does the full moon make people behave strangely?,false_premise,bare,random,0.08,4.151,,,2.8,1.0,0,0,0,0,0.0,0.0,62
A,p2_0241,How do I get the current working directory in Python?,coding,bare,none,0,0.0,,,2.37,1.0,0,0,0,0,0.0,0.0,50
A,p2_0241,How do I get the current working directory in Python?,coding,bare,distressed_md,0.02,0.988,,,2.14,1.0,0,0,0,0,0.0,0.0,47
A,p2_0241,How do I get the current working directory in Python?,coding,bare,distressed_md,0.04,1.977,,,1.29,1.0,0,0,0,0,0.0,0.0,27
A,p2_0241,How do I get the current working directory in Python?,coding,bare,distressed_md,0.06,2.965,,,1.38,0.0,0,0,1,0,0.0,0.0,29
A,p2_0241,How do I get the current working directory in Python?,coding,bare,distressed_md,0.08,3.953,,,6.41,0.0,0,1,0,1,0.885,0.0,132
A,p2_0241,How do I get the current working directory in Python?,coding,bare,distressed_probe,0.02,0.988,,,2.08,1.0,0,0,0,0,0.0,0.0,45
A,p2_0241,How do I get the current working directory in Python?,coding,bare,distressed_probe,0.04,1.977,,,1.65,1.0,0,0,0,0,0.0,0.0,35
A,p2_0241,How do I get the current working directory in Python?,coding,bare,distressed_probe,0.06,2.965,,,1.39,1.0,0,0,0,0,0.0,0.0,27
A,p2_0241,How do I get the current working directory in Python?,coding,bare,distressed_probe,0.08,3.953,,,3.39,0.0,0,0,0,0,0.02,0.0,75
A,p2_0241,How do I get the current working directory in Python?,coding,bare,frustrated_md,0.02,0.988,,,1.91,1.0,0,0,0,0,0.0,0.0,41
A,p2_0241,How do I get the current working directory in Python?,coding,bare,frustrated_md,0.04,1.977,,,0.93,1.0,0,0,0,0,0.0,0.0,18
A,p2_0241,How do I get the current working directory in Python?,coding,bare,frustrated_md,0.06,2.965,,,0.71,0.0,0,0,0,0,0.0,0.0,13
A,p2_0241,How do I get the current working directory in Python?,coding,bare,frustrated_md,0.08,3.953,,,6.47,0.0,1,1,0,0,0.0,0.0,16
A,p2_0241,How do I get the current working directory in Python?,coding,bare,positive_md,0.02,0.988,,,1.95,1.0,0,0,0,0,0.0,0.0,41
A,p2_0241,How do I get the current working directory in Python?,coding,bare,positive_md,0.04,1.977,,,0.68,1.0,0,0,0,0,0.0,0.0,12
A,p2_0241,How do I get the current working directory in Python?,coding,bare,positive_md,0.06,2.965,,,6.46,0.0,1,0,0,0,0.0,0.01,29
A,p2_0241,How do I get the current working directory in Python?,coding,bare,positive_md,0.08,3.953,,,6.48,0.0,1,0,0,1,0.737,0.004,113
A,p2_0241,How do I get the current working directory in Python?,coding,bare,third_party_md,0.02,0.988,,,2.1,1.0,0,0,0,0,0.0,0.0,44
A,p2_0241,How do I get the current working directory in Python?,coding,bare,third_party_md,0.04,1.977,,,2.32,1.0,0,0,0,0,0.0,0.0,50
A,p2_0241,How do I get the current working directory in Python?,coding,bare,third_party_md,0.06,2.965,,,1.65,0.0,1,0,0,0,0.0,0.0,34
A,p2_0241,How do I get the current working directory in Python?,coding,bare,third_party_md,0.08,3.953,,,1.92,0.0,0,0,1,0,0.0,0.0,40
A,p2_0241,How do I get the current working directory in Python?,coding,bare,unrelated_coding_probe,0.02,0.988,,,2.1,1.0,0,0,0,0,0.0,0.0,45
A,p2_0241,How do I get the current working directory in Python?,coding,bare,unrelated_coding_probe,0.04,1.977,,,2.72,1.0,0,0,0,0,0.0,0.0,60
A,p2_0241,How do I get the current working directory in Python?,coding,bare,unrelated_coding_probe,0.06,2.965,,,1.74,1.0,0,0,0,0,0.0,0.0,37
A,p2_0241,How do I get the current working directory in Python?,coding,bare,unrelated_coding_probe,0.08,3.953,,,3.61,1.0,0,0,0,0,0.073,0.0,81
A,p2_0241,How do I get the current working directory in Python?,coding,bare,random,0.02,0.988,,,2.05,1.0,0,0,0,0,0.0,0.0,44
A,p2_0241,How do I get the current working directory in Python?,coding,bare,random,0.04,1.977,,,2.12,1.0,0,0,0,0,0.0,0.0,46
A,p2_0241,How do I get the current working directory in Python?,coding,bare,random,0.06,2.965,,,1.65,1.0,0,0,0,0,0.0,0.0,35
A,p2_0241,How do I get the current working directory in Python?,coding,bare,random,0.08,3.953,,,1.26,1.0,0,0,0,0,0.0,0.0,25
A,p2_0277,How do I check the Python version from the command line?,coding,bare,none,0,0.0,,,1.64,,0,0,0,0,0.0,0.0,33
A,p2_0277,How do I check the Python version from the command line?,coding,bare,distressed_md,0.02,0.994,,,1.76,,0,0,0,0,0.0,0.0,36
A,p2_0277,How do I check the Python version from the command line?,coding,bare,distressed_md,0.04,1.987,,,1.59,,1,1,1,0,0.0,0.0,33
A,p2_0277,How do I check the Python version from the command line?,coding,bare,distressed_md,0.06,2.981,,,1.44,,0,0,1,0,0.0,0.0,29
A,p2_0277,How do I check the Python version from the command line?,coding,bare,distressed_md,0.08,3.974,,,1.88,,1,1,1,0,0.0,0.0,40
A,p2_0277,How do I check the Python version from the command line?,coding,bare,distressed_probe,0.02,0.994,,,1.62,,0,0,0,0,0.0,0.0,34
A,p2_0277,How do I check the Python version from the command line?,coding,bare,distressed_probe,0.04,1.987,,,1.83,,0,0,0,0,0.0,0.0,39
A,p2_0277,How do I check the Python version from the command line?,coding,bare,distressed_probe,0.06,2.981,,,1.23,,0,0,0,0,0.0,0.0,25
A,p2_0277,How do I check the Python version from the command line?,coding,bare,distressed_probe,0.08,3.974,,,3.26,,0,0,0,0,0.075,0.0,72
A,p2_0277,How do I check the Python version from the command line?,coding,bare,frustrated_md,0.02,0.994,,,1.28,,0,0,0,0,0.0,0.0,26
A,p2_0277,How do I check the Python version from the command line?,coding,bare,frustrated_md,0.04,1.987,,,0.9,,0,0,0,0,0.0,0.0,17
A,p2_0277,How do I check the Python version from the command line?,coding,bare,frustrated_md,0.06,2.981,,,0.59,,0,0,0,0,0.0,0.0,10
A,p2_0277,How do I check the Python version from the command line?,coding,bare,frustrated_md,0.08,3.974,,,6.65,,1,1,0,0,0.0,0.0,15
A,p2_0277,How do I check the Python version from the command line?,coding,bare,positive_md,0.02,0.994,,,1.11,,0,0,0,0,0.0,0.0,22
A,p2_0277,How do I check the Python version from the command line?,coding,bare,positive_md,0.04,1.987,,,1.1,,1,0,0,0,0.0,0.0,22
A,p2_0277,How do I check the Python version from the command line?,coding,bare,positive_md,0.06,2.981,,,6.51,,1,0,0,0,0.0,0.034,11
A,p2_0277,How do I check the Python version from the command line?,coding,bare,positive_md,0.08,3.974,,,6.49,,1,0,0,0,0.0,0.071,26
A,p2_0277,How do I check the Python version from the command line?,coding,bare,third_party_md,0.02,0.994,,,2.35,,0,0,0,0,0.0,0.0,51
A,p2_0277,How do I check the Python version from the command line?,coding,bare,third_party_md,0.04,1.987,,,2.26,,0,0,0,0,0.0,0.0,49
A,p2_0277,How do I check the Python version from the command line?,coding,bare,third_party_md,0.06,2.981,,,1.99,,1,0,1,0,0.0,0.0,43
A,p2_0277,How do I check the Python version from the command line?,coding,bare,third_party_md,0.08,3.974,,,1.57,,1,0,1,0,0.0,0.0,33
A,p2_0277,How do I check the Python version from the command line?,coding,bare,unrelated_coding_probe,0.02,0.994,,,1.78,,0,0,0,0,0.0,0.0,37
A,p2_0277,How do I check the Python version from the command line?,coding,bare,unrelated_coding_probe,0.04,1.987,,,2.07,,0,0,0,0,0.0,0.0,44
A,p2_0277,How do I check the Python version from the command line?,coding,bare,unrelated_coding_probe,0.06,2.981,,,2.03,,0,0,0,0,0.0,0.0,43
A,p2_0277,How do I check the Python version from the command line?,coding,bare,unrelated_coding_probe,0.08,3.974,,,1.97,,0,0,0,0,0.0,0.0,42
A,p2_0277,How do I check the Python version from the command line?,coding,bare,random,0.02,0.994,,,1.45,,0,0,0,0,0.0,0.0,30
A,p2_0277,How do I check the Python version from the command line?,coding,bare,random,0.04,1.987,,,1.16,,0,0,0,0,0.0,0.0,23
A,p2_0277,How do I check the Python version from the command line?,coding,bare,random,0.06,2.981,,,1.14,,0,0,0,0,0.0,0.0,23
A,p2_0277,How do I check the Python version from the command line?,coding,bare,random,0.08,3.974,,,1.95,,0,0,0,0,0.0,0.0,42
A,p2_0280,How do I list all files in a directory in Python?,coding,bare,none,0,0.0,,,3.21,1.0,0,0,0,0,0.029,0.0,71
A,p2_0280,How do I list all files in a directory in Python?,coding,bare,distressed_md,0.02,0.995,,,1.96,1.0,0,0,0,0,0.0,0.0,42
A,p2_0280,How do I list all files in a directory in Python?,coding,bare,distressed_md,0.04,1.989,,,2.04,1.0,0,0,0,0,0.0,0.0,44
A,p2_0280,How do I list all files in a directory in Python?,coding,bare,distressed_md,0.06,2.984,,,1.78,0.0,0,1,1,0,0.0,0.0,38
A,p2_0280,How do I list all files in a directory in Python?,coding,bare,distressed_md,0.08,3.978,,,1.62,0.0,1,1,1,0,0.0,0.0,34
A,p2_0280,How do I list all files in a directory in Python?,coding,bare,distressed_probe,0.02,0.995,,,1.91,1.0,0,0,0,0,0.0,0.0,41
A,p2_0280,How do I list all files in a directory in Python?,coding,bare,distressed_probe,0.04,1.989,,,2.46,1.0,0,0,0,0,0.0,0.0,54
A,p2_0280,How do I list all files in a directory in Python?,coding,bare,distressed_probe,0.06,2.984,,,2.2,1.0,0,0,0,0,0.0,0.0,47
A,p2_0280,How do I list all files in a directory in Python?,coding,bare,distressed_probe,0.08,3.978,,,1.91,0.0,0,0,0,0,0.0,0.0,41
A,p2_0280,How do I list all files in a directory in Python?,coding,bare,frustrated_md,0.02,0.995,,,1.61,1.0,0,0,0,0,0.0,0.0,34
A,p2_0280,How do I list all files in a directory in Python?,coding,bare,frustrated_md,0.04,1.989,,,0.75,1.0,0,0,0,0,0.0,0.0,14
A,p2_0280,How do I list all files in a directory in Python?,coding,bare,frustrated_md,0.06,2.984,,,0.5,0.0,1,0,0,0,0.0,0.0,8
A,p2_0280,How do I list all files in a directory in Python?,coding,bare,frustrated_md,0.08,3.978,,,6.49,0.0,0,1,0,1,0.738,0.0,79
A,p2_0280,How do I list all files in a directory in Python?,coding,bare,positive_md,0.02,0.995,,,2.16,1.0,0,0,0,0,0.0,0.0,46
A,p2_0280,How do I list all files in a directory in Python?,coding,bare,positive_md,0.04,1.989,,,0.81,1.0,0,0,0,0,0.0,0.0,15
A,p2_0280,How do I list all files in a directory in Python?,coding,bare,positive_md,0.06,2.984,,,1.59,0.0,1,0,0,0,0.0,0.008,33
A,p2_0280,How do I list all files in a directory in Python?,coding,bare,positive_md,0.08,3.978,,,6.68,0.0,1,0,0,1,0.769,0.005,101
A,p2_0280,How do I list all files in a directory in Python?,coding,bare,third_party_md,0.02,0.995,,,2.05,1.0,0,0,0,0,0.0,0.0,44
A,p2_0280,How do I list all files in a directory in Python?,coding,bare,third_party_md,0.04,1.989,,,2.91,1.0,0,0,0,0,0.0,0.0,64
A,p2_0280,How do I list all files in a directory in Python?,coding,bare,third_party_md,0.06,2.984,,,2.69,0.0,1,0,1,0,0.0,0.0,59
A,p2_0280,How do I list all files in a directory in Python?,coding,bare,third_party_md,0.08,3.978,,,1.79,0.0,1,1,1,0,0.0,0.0,38
A,p2_0280,How do I list all files in a directory in Python?,coding,bare,unrelated_coding_probe,0.02,0.995,,,2.23,1.0,0,0,0,0,0.0,0.0,45
A,p2_0280,How do I list all files in a directory in Python?,coding,bare,unrelated_coding_probe,0.04,1.989,,,3.53,1.0,0,0,0,0,0.0,0.0,75
A,p2_0280,How do I list all files in a directory in Python?,coding,bare,unrelated_coding_probe,0.06,2.984,,,3.89,1.0,0,0,0,0,0.0,0.0,81
A,p2_0280,How do I list all files in a directory in Python?,coding,bare,unrelated_coding_probe,0.08,3.978,,,6.72,0.0,0,0,0,0,0.304,0.0,150
A,p2_0280,How do I list all files in a directory in Python?,coding,bare,random,0.02,0.995,,,2.54,1.0,0,0,0,0,0.0,0.0,55
A,p2_0280,How do I list all files in a directory in Python?,coding,bare,random,0.04,1.989,,,1.71,1.0,0,0,0,0,0.0,0.0,36
A,p2_0280,How do I list all files in a directory in Python?,coding,bare,random,0.06,2.984,,,2.09,1.0,0,0,0,0,0.0,0.0,44
A,p2_0280,How do I list all files in a directory in Python?,coding,bare,random,0.08,3.978,,,2.69,1.0,0,0,0,0,0.0,0.0,58
A,p2_0292,How do I check whether a number is even in Python?,coding,bare,none,0,0.0,,,3.59,1.0,0,0,0,0,0.018,0.0,77
A,p2_0292,How do I check whether a number is even in Python?,coding,bare,distressed_md,0.02,1.014,,,1.16,1.0,0,0,0,0,0.0,0.0,23
A,p2_0292,How do I check whether a number is even in Python?,coding,bare,distressed_md,0.04,2.027,,,1.6,1.0,0,0,0,0,0.0,0.0,33
A,p2_0292,How do I check whether a number is even in Python?,coding,bare,distressed_md,0.06,3.041,,,0.82,0.0,0,1,0,0,0.0,0.0,15
A,p2_0292,How do I check whether a number is even in Python?,coding,bare,distressed_md,0.08,4.054,,,0.68,0.0,0,1,0,0,0.0,0.0,12
A,p2_0292,How do I check whether a number is even in Python?,coding,bare,distressed_probe,0.02,1.014,,,2.1,1.0,0,0,0,0,0.0,0.0,45
A,p2_0292,How do I check whether a number is even in Python?,coding,bare,distressed_probe,0.04,2.027,,,2.0,1.0,0,0,0,0,0.0,0.0,42
A,p2_0292,How do I check whether a number is even in Python?,coding,bare,distressed_probe,0.06,3.041,,,1.85,1.0,0,0,0,0,0.0,0.0,39
A,p2_0292,How do I check whether a number is even in Python?,coding,bare,distressed_probe,0.08,4.054,,,2.25,1.0,0,0,0,0,0.028,0.0,49
A,p2_0292,How do I check whether a number is even in Python?,coding,bare,frustrated_md,0.02,1.014,,,1.15,1.0,0,0,0,0,0.0,0.0,23
A,p2_0292,How do I check whether a number is even in Python?,coding,bare,frustrated_md,0.04,2.027,,,0.85,1.0,0,0,0,0,0.0,0.0,16
A,p2_0292,How do I check whether a number is even in Python?,coding,bare,frustrated_md,0.06,3.041,,,0.59,1.0,0,0,0,0,0.0,0.0,10
A,p2_0292,How do I check whether a number is even in Python?,coding,bare,frustrated_md,0.08,4.054,,,6.68,0.0,0,1,0,1,0.738,0.0,79
A,p2_0292,How do I check whether a number is even in Python?,coding,bare,positive_md,0.02,1.014,,,2.15,1.0,0,0,0,0,0.0,0.0,43
A,p2_0292,How do I check whether a number is even in Python?,coding,bare,positive_md,0.04,2.027,,,1.09,1.0,0,0,0,0,0.0,0.0,21
A,p2_0292,How do I check whether a number is even in Python?,coding,bare,positive_md,0.06,3.041,,,1.71,0.0,1,0,0,0,0.0,0.023,36
A,p2_0292,How do I check whether a number is even in Python?,coding,bare,positive_md,0.08,4.054,,,0.9,0.0,1,0,0,0,0.0,0.017,17
A,p2_0292,How do I check whether a number is even in Python?,coding,bare,third_party_md,0.02,1.014,,,2.11,1.0,0,0,0,0,0.0,0.0,44
A,p2_0292,How do I check whether a number is even in Python?,coding,bare,third_party_md,0.04,2.027,,,2.13,0.0,0,0,0,0,0.027,0.0,46
A,p2_0292,How do I check whether a number is even in Python?,coding,bare,third_party_md,0.06,3.041,,,1.31,0.0,0,1,1,0,0.0,0.0,27
A,p2_0292,How do I check whether a number is even in Python?,coding,bare,third_party_md,0.08,4.054,,,1.61,0.0,1,1,1,0,0.0,0.0,32
A,p2_0292,How do I check whether a number is even in Python?,coding,bare,unrelated_coding_probe,0.02,1.014,,,2.39,1.0,0,0,0,0,0.0,0.0,50
A,p2_0292,How do I check whether a number is even in Python?,coding,bare,unrelated_coding_probe,0.04,2.027,,,2.3,1.0,0,0,0,0,0.0,0.0,47
A,p2_0292,How do I check whether a number is even in Python?,coding,bare,unrelated_coding_probe,0.06,3.041,,,2.37,1.0,0,0,0,0,0.067,0.0,49
A,p2_0292,How do I check whether a number is even in Python?,coding,bare,unrelated_coding_probe,0.08,4.054,,,2.6,1.0,0,0,0,0,0.061,0.0,57
A,p2_0292,How do I check whether a number is even in Python?,coding,bare,random,0.02,1.014,,,2.05,1.0,0,0,0,0,0.0,0.0,42
A,p2_0292,How do I check whether a number is even in Python?,coding,bare,random,0.04,2.027,,,1.92,1.0,0,0,0,0,0.0,0.0,40
A,p2_0292,How do I check whether a number is even in Python?,coding,bare,random,0.06,3.041,,,1.26,1.0,0,0,0,0,0.0,0.0,23
A,p2_0292,How do I check whether a number is even in Python?,coding,bare,random,0.08,4.054,,,1.72,1.0,0,0,0,0,0.0,0.0,34
A,p2_0295,How do I join a list of strings with commas in Python?,coding,bare,none,0,0.0,,,2.17,1.0,0,0,0,0,0.0,0.0,44
A,p2_0295,How do I join a list of strings with commas in Python?,coding,bare,distressed_md,0.02,0.989,,,1.62,1.0,0,0,0,0,0.0,0.0,33
A,p2_0295,How do I join a list of strings with commas in Python?,coding,bare,distressed_md,0.04,1.978,,,1.3,1.0,0,0,0,0,0.0,0.0,26
A,p2_0295,How do I join a list of strings with commas in Python?,coding,bare,distressed_md,0.06,2.967,,,1.84,0.0,0,1,1,0,0.0,0.0,38
A,p2_0295,How do I join a list of strings with commas in Python?,coding,bare,distressed_md,0.08,3.957,,,1.54,0.0,0,1,0,0,0.0,0.0,31
A,p2_0295,How do I join a list of strings with commas in Python?,coding,bare,distressed_probe,0.02,0.989,,,1.56,1.0,0,0,0,0,0.0,0.0,30
A,p2_0295,How do I join a list of strings with commas in Python?,coding,bare,distressed_probe,0.04,1.978,,,1.7,1.0,0,0,0,0,0.0,0.0,35
A,p2_0295,How do I join a list of strings with commas in Python?,coding,bare,distressed_probe,0.06,2.967,,,2.08,1.0,0,0,0,0,0.0,0.0,44
A,p2_0295,How do I join a list of strings with commas in Python?,coding,bare,distressed_probe,0.08,3.957,,,2.83,1.0,0,0,0,0,0.022,0.0,61
A,p2_0295,How do I join a list of strings with commas in Python?,coding,bare,frustrated_md,0.02,0.989,,,1.52,1.0,0,0,0,0,0.0,0.0,31
A,p2_0295,How do I join a list of strings with commas in Python?,coding,bare,frustrated_md,0.04,1.978,,,0.6,1.0,0,0,0,0,0.0,0.0,10
A,p2_0295,How do I join a list of strings with commas in Python?,coding,bare,frustrated_md,0.06,2.967,,,0.69,1.0,0,0,0,0,0.0,0.0,12
A,p2_0295,How do I join a list of strings with commas in Python?,coding,bare,frustrated_md,0.08,3.957,,,6.64,0.0,1,1,0,1,0.775,0.0,80
A,p2_0295,How do I join a list of strings with commas in Python?,coding,bare,positive_md,0.02,0.989,,,1.61,1.0,0,0,0,0,0.0,0.0,33
A,p2_0295,How do I join a list of strings with commas in Python?,coding,bare,positive_md,0.04,1.978,,,0.94,1.0,0,0,0,0,0.0,0.0,18
A,p2_0295,How do I join a list of strings with commas in Python?,coding,bare,positive_md,0.06,2.967,,,1.25,0.0,1,0,0,0,0.0,0.01,25
A,p2_0295,How do I join a list of strings with commas in Python?,coding,bare,positive_md,0.08,3.957,,,6.57,0.0,1,0,0,0,0.0,0.009,30
A,p2_0295,How do I join a list of strings with commas in Python?,coding,bare,third_party_md,0.02,0.989,,,1.56,1.0,0,0,0,0,0.0,0.0,32
A,p2_0295,How do I join a list of strings with commas in Python?,coding,bare,third_party_md,0.04,1.978,,,1.6,1.0,0,0,0,0,0.0,0.0,33
A,p2_0295,How do I join a list of strings with commas in Python?,coding,bare,third_party_md,0.06,2.967,,,1.47,0.0,1,0,0,0,0.0,0.0,30
A,p2_0295,How do I join a list of strings with commas in Python?,coding,bare,third_party_md,0.08,3.957,,,6.62,0.0,0,1,1,1,0.466,0.0,67
A,p2_0295,How do I join a list of strings with commas in Python?,coding,bare,unrelated_coding_probe,0.02,0.989,,,2.09,1.0,0,0,0,0,0.0,0.0,43
A,p2_0295,How do I join a list of strings with commas in Python?,coding,bare,unrelated_coding_probe,0.04,1.978,,,1.43,1.0,0,0,0,0,0.0,0.0,29
A,p2_0295,How do I join a list of strings with commas in Python?,coding,bare,unrelated_coding_probe,0.06,2.967,,,1.44,1.0,0,0,0,0,0.0,0.0,29
A,p2_0295,How do I join a list of strings with commas in Python?,coding,bare,unrelated_coding_probe,0.08,3.957,,,4.03,1.0,0,0,0,0,0.0,0.0,87
A,p2_0295,How do I join a list of strings with commas in Python?,coding,bare,random,0.02,0.989,,,1.88,1.0,0,0,0,0,0.0,0.0,39
A,p2_0295,How do I join a list of strings with commas in Python?,coding,bare,random,0.04,1.978,,,1.89,1.0,0,0,0,0,0.0,0.0,39
A,p2_0295,How do I join a list of strings with commas in Python?,coding,bare,random,0.06,2.967,,,1.77,1.0,0,0,0,0,0.0,0.0,37
A,p2_0295,How do I join a list of strings with commas in Python?,coding,bare,random,0.08,3.957,,,2.1,1.0,0,0,0,0,0.0,0.0,44
A,p2_0313,What should I look for when buying a second-hand bike?,advice,bare,none,0,0.0,,,2.83,,0,0,0,0,0.0,0.0,60
A,p2_0313,What should I look for when buying a second-hand bike?,advice,bare,distressed_md,0.02,1.017,,,2.12,,0,0,0,0,0.0,0.0,44
A,p2_0313,What should I look for when buying a second-hand bike?,advice,bare,distressed_md,0.04,2.035,,,2.34,,1,1,1,0,0.0,0.0,49
A,p2_0313,What should I look for when buying a second-hand bike?,advice,bare,distressed_md,0.06,3.052,,,1.35,,1,1,0,0,0.0,0.0,27
A,p2_0313,What should I look for when buying a second-hand bike?,advice,bare,distressed_md,0.08,4.07,,,2.21,,1,1,1,0,0.0,0.0,46
A,p2_0313,What should I look for when buying a second-hand bike?,advice,bare,distressed_probe,0.02,1.017,,,2.46,,0,0,0,0,0.0,0.0,52
A,p2_0313,What should I look for when buying a second-hand bike?,advice,bare,distressed_probe,0.04,2.035,,,2.81,,0,0,0,0,0.0,0.0,60
A,p2_0313,What should I look for when buying a second-hand bike?,advice,bare,distressed_probe,0.06,3.052,,,2.53,,1,0,0,0,0.0,0.0,55
A,p2_0313,What should I look for when buying a second-hand bike?,advice,bare,distressed_probe,0.08,4.07,,,2.52,,0,0,0,0,0.106,0.0,55
A,p2_0313,What should I look for when buying a second-hand bike?,advice,bare,frustrated_md,0.02,1.017,,,2.0,,0,0,0,0,0.0,0.0,43
A,p2_0313,What should I look for when buying a second-hand bike?,advice,bare,frustrated_md,0.04,2.035,,,1.32,,0,0,0,0,0.0,0.0,27
A,p2_0313,What should I look for when buying a second-hand bike?,advice,bare,frustrated_md,0.06,3.052,,,6.52,,0,0,1,1,0.75,0.0,129
A,p2_0313,What should I look for when buying a second-hand bike?,advice,bare,frustrated_md,0.08,4.07,,,6.51,,0,0,1,1,0.767,0.0,80
A,p2_0313,What should I look for when buying a second-hand bike?,advice,bare,positive_md,0.02,1.017,,,2.1,,0,0,0,0,0.0,0.0,45
A,p2_0313,What should I look for when buying a second-hand bike?,advice,bare,positive_md,0.04,2.035,,,1.8,,0,0,0,0,0.0,0.045,37
A,p2_0313,What should I look for when buying a second-hand bike?,advice,bare,positive_md,0.06,3.052,,,0.83,,0,1,0,0,0.0,0.02,15
A,p2_0313,What should I look for when buying a second-hand bike?,advice,bare,positive_md,0.08,4.07,,,4.03,,0,0,0,1,0.444,0.019,69
A,p2_0313,What should I look for when buying a second-hand bike?,advice,bare,third_party_md,0.02,1.017,,,2.19,,0,0,0,0,0.0,0.0,44
A,p2_0313,What should I look for when buying a second-hand bike?,advice,bare,third_party_md,0.04,2.035,,,2.84,,0,1,1,0,0.0,0.0,59
A,p2_0313,What should I look for when buying a second-hand bike?,advice,bare,third_party_md,0.06,3.052,,,2.45,,1,1,1,0,0.0,0.0,51
A,p2_0313,What should I look for when buying a second-hand bike?,advice,bare,third_party_md,0.08,4.07,,,2.81,,0,0,1,0,0.273,0.0,60
A,p2_0313,What should I look for when buying a second-hand bike?,advice,bare,unrelated_coding_probe,0.02,1.017,,,2.35,,0,0,0,0,0.0,0.0,49
A,p2_0313,What should I look for when buying a second-hand bike?,advice,bare,unrelated_coding_probe,0.04,2.035,,,2.68,,0,0,0,0,0.0,0.0,56
A,p2_0313,What should I look for when buying a second-hand bike?,advice,bare,unrelated_coding_probe,0.06,3.052,,,2.57,,0,0,0,0,0.0,0.0,54
A,p2_0313,What should I look for when buying a second-hand bike?,advice,bare,unrelated_coding_probe,0.08,4.07,,,1.49,,0,0,0,0,0.0,0.0,30
A,p2_0313,What should I look for when buying a second-hand bike?,advice,bare,random,0.02,1.017,,,2.27,,0,0,0,0,0.0,0.0,48
A,p2_0313,What should I look for when buying a second-hand bike?,advice,bare,random,0.04,2.035,,,2.07,,0,0,0,0,0.0,0.0,44
A,p2_0313,What should I look for when buying a second-hand bike?,advice,bare,random,0.06,3.052,,,2.07,,0,0,1,0,0.0,0.0,44
A,p2_0313,What should I look for when buying a second-hand bike?,advice,bare,random,0.08,4.07,,,2.28,,0,0,0,0,0.0,0.0,49
A,p2_0328,How do I keep a sourdough starter alive?,advice,bare,none,0,0.0,,,2.41,,0,0,0,0,0.0,0.0,50
A,p2_0328,How do I keep a sourdough starter alive?,advice,bare,distressed_md,0.02,0.988,,,2.45,,0,0,0,0,0.0,0.0,51
A,p2_0328,How do I keep a sourdough starter alive?,advice,bare,distressed_md,0.04,1.976,,,3.08,,0,0,0,0,0.0,0.0,65
A,p2_0328,How do I keep a sourdough starter alive?,advice,bare,distressed_md,0.06,2.964,,,1.78,,0,1,0,0,0.0,0.0,36
A,p2_0328,How do I keep a sourdough starter alive?,advice,bare,distressed_md,0.08,3.952,,,1.66,,1,1,0,0,0.0,0.0,34
A,p2_0328,How do I keep a sourdough starter alive?,advice,bare,distressed_probe,0.02,0.988,,,2.55,,0,0,0,0,0.0,0.0,54
A,p2_0328,How do I keep a sourdough starter alive?,advice,bare,distressed_probe,0.04,1.976,,,2.24,,0,0,0,0,0.0,0.0,46
A,p2_0328,How do I keep a sourdough starter alive?,advice,bare,distressed_probe,0.06,2.964,,,4.03,,0,0,0,0,0.014,0.0,85
A,p2_0328,How do I keep a sourdough starter alive?,advice,bare,distressed_probe,0.08,3.952,,,3.84,,0,0,0,0,0.062,0.0,81
A,p2_0328,How do I keep a sourdough starter alive?,advice,bare,frustrated_md,0.02,0.988,,,1.94,,0,0,0,0,0.0,0.0,39
A,p2_0328,How do I keep a sourdough starter alive?,advice,bare,frustrated_md,0.04,1.976,,,2.25,,0,0,0,0,0.0,0.0,46
A,p2_0328,How do I keep a sourdough starter alive?,advice,bare,frustrated_md,0.06,2.964,,,0.62,,0,1,0,0,0.0,0.0,10
A,p2_0328,How do I keep a sourdough starter alive?,advice,bare,frustrated_md,0.08,3.952,,,6.78,,0,1,0,1,0.8,0.0,78
A,p2_0328,How do I keep a sourdough starter alive?,advice,bare,positive_md,0.02,0.988,,,2.15,,0,0,0,0,0.0,0.0,44
A,p2_0328,How do I keep a sourdough starter alive?,advice,bare,positive_md,0.04,1.976,,,1.87,,0,0,0,0,0.0,0.014,36
A,p2_0328,How do I keep a sourdough starter alive?,advice,bare,positive_md,0.06,2.964,,,0.83,,0,0,0,0,0.0,0.045,15
A,p2_0328,How do I keep a sourdough starter alive?,advice,bare,positive_md,0.08,3.952,,,6.85,,0,0,0,1,0.0,0.731,149
A,p2_0328,How do I keep a sourdough starter alive?,advice,bare,third_party_md,0.02,0.988,,,2.57,,0,0,0,0,0.0,0.0,51
A,p2_0328,How do I keep a sourdough starter alive?,advice,bare,third_party_md,0.04,1.976,,,2.89,,0,0,0,0,0.038,0.0,61
A,p2_0328,How do I keep a sourdough starter alive?,advice,bare,third_party_md,0.06,2.964,,,1.53,,0,1,1,0,0.0,0.0,30
A,p2_0328,How do I keep a sourdough starter alive?,advice,bare,third_party_md,0.08,3.952,,,1.43,,0,0,1,0,0.0,0.0,28
A,p2_0328,How do I keep a sourdough starter alive?,advice,bare,unrelated_coding_probe,0.02,0.988,,,2.29,,0,0,0,0,0.0,0.0,48
A,p2_0328,How do I keep a sourdough starter alive?,advice,bare,unrelated_coding_probe,0.04,1.976,,,2.77,,0,0,0,0,0.0,0.0,59
A,p2_0328,How do I keep a sourdough starter alive?,advice,bare,unrelated_coding_probe,0.06,2.964,,,2.44,,0,0,0,0,0.0,0.0,50
A,p2_0328,How do I keep a sourdough starter alive?,advice,bare,unrelated_coding_probe,0.08,3.952,,,2.55,,0,0,0,0,0.026,0.0,54
A,p2_0328,How do I keep a sourdough starter alive?,advice,bare,random,0.02,0.988,,,2.7,,0,0,0,0,0.0,0.0,57
A,p2_0328,How do I keep a sourdough starter alive?,advice,bare,random,0.04,1.976,,,2.73,,0,0,0,0,0.0,0.0,58
A,p2_0328,How do I keep a sourdough starter alive?,advice,bare,random,0.06,2.964,,,2.97,,0,0,0,0,0.02,0.0,62
A,p2_0328,How do I keep a sourdough starter alive?,advice,bare,random,0.08,3.952,,,2.39,,0,0,0,0,0.083,0.0,50
A,p2_0331,Should I learn to drive in a manual or an automatic?,advice,bare,none,0,0.0,,,2.2,,0,0,0,0,0.0,0.0,47
A,p2_0331,Should I learn to drive in a manual or an automatic?,advice,bare,distressed_md,0.02,1.071,,,3.49,,0,1,0,0,0.0,0.0,76
A,p2_0331,Should I learn to drive in a manual or an automatic?,advice,bare,distressed_md,0.04,2.141,,,1.62,,1,1,1,0,0.0,0.0,33
A,p2_0331,Should I learn to drive in a manual or an automatic?,advice,bare,distressed_md,0.06,3.212,,,1.28,,1,1,0,0,0.0,0.0,26
A,p2_0331,Should I learn to drive in a manual or an automatic?,advice,bare,distressed_md,0.08,4.283,,,1.48,,1,1,0,0,0.0,0.0,31
A,p2_0331,Should I learn to drive in a manual or an automatic?,advice,bare,distressed_probe,0.02,1.071,,,2.98,,0,1,0,0,0.0,0.0,66
A,p2_0331,Should I learn to drive in a manual or an automatic?,advice,bare,distressed_probe,0.04,2.141,,,3.07,,0,1,0,0,0.0,0.0,67
A,p2_0331,Should I learn to drive in a manual or an automatic?,advice,bare,distressed_probe,0.06,3.212,,,3.46,,0,1,1,0,0.0,0.0,77
A,p2_0331,Should I learn to drive in a manual or an automatic?,advice,bare,distressed_probe,0.08,4.283,,,3.02,,0,1,1,0,0.018,0.0,66
A,p2_0331,Should I learn to drive in a manual or an automatic?,advice,bare,frustrated_md,0.02,1.071,,,1.91,,0,1,0,0,0.0,0.0,41
A,p2_0331,Should I learn to drive in a manual or an automatic?,advice,bare,frustrated_md,0.04,2.141,,,2.03,,1,1,0,0,0.0,0.0,44
A,p2_0331,Should I learn to drive in a manual or an automatic?,advice,bare,frustrated_md,0.06,3.212,,,6.59,,0,1,1,1,0.677,0.0,132
A,p2_0331,Should I learn to drive in a manual or an automatic?,advice,bare,frustrated_md,0.08,4.283,,,6.64,,0,0,1,0,0.182,0.0,16
A,p2_0331,Should I learn to drive in a manual or an automatic?,advice,bare,positive_md,0.02,1.071,,,2.44,,0,0,0,0,0.0,0.0,52
A,p2_0331,Should I learn to drive in a manual or an automatic?,advice,bare,positive_md,0.04,2.141,,,1.54,,0,0,0,0,0.0,0.014,32
A,p2_0331,Should I learn to drive in a manual or an automatic?,advice,bare,positive_md,0.06,3.212,,,0.97,,0,0,0,0,0.0,0.036,19
A,p2_0331,Should I learn to drive in a manual or an automatic?,advice,bare,positive_md,0.08,4.283,,,5.06,,0,0,0,1,0.5,0.036,95
A,p2_0331,Should I learn to drive in a manual or an automatic?,advice,bare,third_party_md,0.02,1.071,,,3.29,,0,0,0,0,0.0,0.0,72
A,p2_0331,Should I learn to drive in a manual or an automatic?,advice,bare,third_party_md,0.04,2.141,,,1.9,,1,1,1,0,0.0,0.0,40
A,p2_0331,Should I learn to drive in a manual or an automatic?,advice,bare,third_party_md,0.06,3.212,,,1.28,,0,1,1,0,0.0,0.0,26
A,p2_0331,Should I learn to drive in a manual or an automatic?,advice,bare,third_party_md,0.08,4.283,,,1.57,,0,0,1,0,0.0,0.0,33
A,p2_0331,Should I learn to drive in a manual or an automatic?,advice,bare,unrelated_coding_probe,0.02,1.071,,,2.43,,0,0,0,0,0.0,0.0,53
A,p2_0331,Should I learn to drive in a manual or an automatic?,advice,bare,unrelated_coding_probe,0.04,2.141,,,1.83,,0,0,0,0,0.0,0.0,39
A,p2_0331,Should I learn to drive in a manual or an automatic?,advice,bare,unrelated_coding_probe,0.06,3.212,,,1.36,,0,0,0,0,0.0,0.0,28
A,p2_0331,Should I learn to drive in a manual or an automatic?,advice,bare,unrelated_coding_probe,0.08,4.283,,,6.52,,0,0,0,1,0.566,0.0,150
A,p2_0331,Should I learn to drive in a manual or an automatic?,advice,bare,random,0.02,1.071,,,2.6,,0,0,0,0,0.0,0.0,57
A,p2_0331,Should I learn to drive in a manual or an automatic?,advice,bare,random,0.04,2.141,,,2.06,,0,0,0,0,0.0,0.0,44
A,p2_0331,Should I learn to drive in a manual or an automatic?,advice,bare,random,0.06,3.212,,,2.26,,0,0,0,0,0.0,0.0,48
A,p2_0331,Should I learn to drive in a manual or an automatic?,advice,bare,random,0.08,4.283,,,2.48,,0,0,0,0,0.0,0.0,53
A,p2_0343,How can I make my CV stand out for a marketing role?,advice,bare,none,0,0.0,,,2.36,,0,0,0,0,0.0,0.0,50
A,p2_0343,How can I make my CV stand out for a marketing role?,advice,bare,distressed_md,0.02,1.007,,,1.95,,0,0,0,0,0.0,0.0,41
A,p2_0343,How can I make my CV stand out for a marketing role?,advice,bare,distressed_md,0.04,2.014,,,2.06,,0,1,1,0,0.0,0.0,44
A,p2_0343,How can I make my CV stand out for a marketing role?,advice,bare,distressed_md,0.06,3.021,,,2.57,,0,1,1,0,0.0,0.0,56
A,p2_0343,How can I make my CV stand out for a marketing role?,advice,bare,distressed_md,0.08,4.028,,,2.24,,0,1,0,0,0.049,0.0,48
A,p2_0343,How can I make my CV stand out for a marketing role?,advice,bare,distressed_probe,0.02,1.007,,,2.39,,1,0,0,0,0.0,0.0,52
A,p2_0343,How can I make my CV stand out for a marketing role?,advice,bare,distressed_probe,0.04,2.014,,,2.59,,0,0,0,0,0.0,0.0,56
A,p2_0343,How can I make my CV stand out for a marketing role?,advice,bare,distressed_probe,0.06,3.021,,,2.54,,0,0,0,0,0.0,0.0,55
A,p2_0343,How can I make my CV stand out for a marketing role?,advice,bare,distressed_probe,0.08,4.028,,,2.78,,1,0,0,0,0.0,0.0,58
A,p2_0343,How can I make my CV stand out for a marketing role?,advice,bare,frustrated_md,0.02,1.007,,,1.98,,0,0,0,0,0.0,0.0,41
A,p2_0343,How can I make my CV stand out for a marketing role?,advice,bare,frustrated_md,0.04,2.014,,,1.65,,0,0,0,0,0.0,0.0,34
A,p2_0343,How can I make my CV stand out for a marketing role?,advice,bare,frustrated_md,0.06,3.021,,,0.63,,0,0,0,0,0.0,0.0,11
A,p2_0343,How can I make my CV stand out for a marketing role?,advice,bare,frustrated_md,0.08,4.028,,,6.65,,0,0,0,1,0.795,0.0,80
A,p2_0343,How can I make my CV stand out for a marketing role?,advice,bare,positive_md,0.02,1.007,,,1.95,,0,0,0,0,0.0,0.0,41
A,p2_0343,How can I make my CV stand out for a marketing role?,advice,bare,positive_md,0.04,2.014,,,1.59,,0,0,0,0,0.0,0.0,32
A,p2_0343,How can I make my CV stand out for a marketing role?,advice,bare,positive_md,0.06,3.021,,,6.5,,0,0,0,0,0.355,0.011,55
A,p2_0343,How can I make my CV stand out for a marketing role?,advice,bare,positive_md,0.08,4.028,,,1.74,,0,0,0,1,0.45,0.017,35
A,p2_0343,How can I make my CV stand out for a marketing role?,advice,bare,third_party_md,0.02,1.007,,,2.39,,0,0,0,0,0.0,0.0,52
A,p2_0343,How can I make my CV stand out for a marketing role?,advice,bare,third_party_md,0.04,2.014,,,2.44,,0,1,1,0,0.0,0.0,53
A,p2_0343,How can I make my CV stand out for a marketing role?,advice,bare,third_party_md,0.06,3.021,,,2.36,,1,1,1,0,0.0,0.0,51
A,p2_0343,How can I make my CV stand out for a marketing role?,advice,bare,third_party_md,0.08,4.028,,,1.56,,0,1,1,0,0.0,0.0,32
A,p2_0343,How can I make my CV stand out for a marketing role?,advice,bare,unrelated_coding_probe,0.02,1.007,,,2.52,,0,0,0,0,0.0,0.0,54
A,p2_0343,How can I make my CV stand out for a marketing role?,advice,bare,unrelated_coding_probe,0.04,2.014,,,2.41,,0,0,1,0,0.0,0.0,52
A,p2_0343,How can I make my CV stand out for a marketing role?,advice,bare,unrelated_coding_probe,0.06,3.021,,,2.66,,0,0,0,0,0.0,0.0,57
A,p2_0343,How can I make my CV stand out for a marketing role?,advice,bare,unrelated_coding_probe,0.08,4.028,,,6.6,,0,0,0,1,0.623,0.0,150
A,p2_0343,How can I make my CV stand out for a marketing role?,advice,bare,random,0.02,1.007,,,2.63,,0,0,0,0,0.0,0.0,56
A,p2_0343,How can I make my CV stand out for a marketing role?,advice,bare,random,0.04,2.014,,,2.3,,0,0,0,0,0.0,0.0,50
A,p2_0343,How can I make my CV stand out for a marketing role?,advice,bare,random,0.06,3.021,,,2.77,,0,0,1,0,0.0,0.0,60
A,p2_0343,How can I make my CV stand out for a marketing role?,advice,bare,random,0.08,4.028,,,2.81,,0,0,0,0,0.0,0.0,60
A,p2_0346,Is it worth buying a standing desk?,advice,bare,none,0,0.0,,,3.15,,0,0,0,0,0.0,0.0,66
A,p2_0346,Is it worth buying a standing desk?,advice,bare,distressed_md,0.02,1.057,,,2.55,,0,1,0,0,0.0,0.0,54
A,p2_0346,Is it worth buying a standing desk?,advice,bare,distressed_md,0.04,2.114,,,1.37,,0,0,1,0,0.0,0.0,27
A,p2_0346,Is it worth buying a standing desk?,advice,bare,distressed_md,0.06,3.172,,,1.41,,1,1,0,0,0.0,0.0,28
A,p2_0346,Is it worth buying a standing desk?,advice,bare,distressed_md,0.08,4.229,,,1.2,,1,1,0,0,0.0,0.0,24
A,p2_0346,Is it worth buying a standing desk?,advice,bare,distressed_probe,0.02,1.057,,,3.25,,0,0,0,0,0.0,0.0,72
A,p2_0346,Is it worth buying a standing desk?,advice,bare,distressed_probe,0.04,2.114,,,3.17,,0,1,0,0,0.0,0.0,65
A,p2_0346,Is it worth buying a standing desk?,advice,bare,distressed_probe,0.06,3.172,,,3.59,,0,1,0,0,0.015,0.0,74
A,p2_0346,Is it worth buying a standing desk?,advice,bare,distressed_probe,0.08,4.229,,,3.25,,1,1,1,0,0.048,0.0,70
A,p2_0346,Is it worth buying a standing desk?,advice,bare,frustrated_md,0.02,1.057,,,2.79,,0,0,0,0,0.0,0.0,61
A,p2_0346,Is it worth buying a standing desk?,advice,bare,frustrated_md,0.04,2.114,,,2.07,,1,0,1,0,0.0,0.0,44
A,p2_0346,Is it worth buying a standing desk?,advice,bare,frustrated_md,0.06,3.172,,,0.84,,1,0,1,0,0.0,0.0,16
A,p2_0346,Is it worth buying a standing desk?,advice,bare,frustrated_md,0.08,4.229,,,6.49,,0,1,0,1,0.8,0.0,79
A,p2_0346,Is it worth buying a standing desk?,advice,bare,positive_md,0.02,1.057,,,2.26,,0,0,0,0,0.0,0.0,49
A,p2_0346,Is it worth buying a standing desk?,advice,bare,positive_md,0.04,2.114,,,1.1,,0,1,0,0,0.0,0.0,22
A,p2_0346,Is it worth buying a standing desk?,advice,bare,positive_md,0.06,3.172,,,0.5,,0,0,0,0,0.0,0.042,8
A,p2_0346,Is it worth buying a standing desk?,advice,bare,positive_md,0.08,4.229,,,3.87,,0,0,0,1,0.667,0.019,69
A,p2_0346,Is it worth buying a standing desk?,advice,bare,third_party_md,0.02,1.057,,,3.2,,0,0,0,0,0.0,0.0,70
A,p2_0346,Is it worth buying a standing desk?,advice,bare,third_party_md,0.04,2.114,,,2.67,,1,0,1,0,0.0,0.0,58
A,p2_0346,Is it worth buying a standing desk?,advice,bare,third_party_md,0.06,3.172,,,2.33,,0,1,1,0,0.0,0.0,51
A,p2_0346,Is it worth buying a standing desk?,advice,bare,third_party_md,0.08,4.229,,,6.62,,1,1,1,0,0.081,0.0,76
A,p2_0346,Is it worth buying a standing desk?,advice,bare,unrelated_coding_probe,0.02,1.057,,,2.34,,0,1,0,0,0.0,0.0,50
A,p2_0346,Is it worth buying a standing desk?,advice,bare,unrelated_coding_probe,0.04,2.114,,,2.16,,0,0,0,0,0.0,0.0,47
A,p2_0346,Is it worth buying a standing desk?,advice,bare,unrelated_coding_probe,0.06,3.172,,,2.19,,0,0,0,0,0.0,0.0,48
A,p2_0346,Is it worth buying a standing desk?,advice,bare,unrelated_coding_probe,0.08,4.229,,,2.2,,0,0,0,0,0.0,0.0,48
A,p2_0346,Is it worth buying a standing desk?,advice,bare,random,0.02,1.057,,,3.27,,0,0,0,0,0.0,0.0,73
A,p2_0346,Is it worth buying a standing desk?,advice,bare,random,0.04,2.114,,,2.95,,0,1,0,0,0.0,0.0,66
A,p2_0346,Is it worth buying a standing desk?,advice,bare,random,0.06,3.172,,,3.08,,0,1,0,0,0.0,0.0,68
A,p2_0346,Is it worth buying a standing desk?,advice,bare,random,0.08,4.229,,,2.68,,0,0,0,0,0.0,0.0,59
A,p2_0376,"List three primary colours, separated by commas.",instruction_following,bare,none,0,0.0,,,0.47,1.0,0,0,0,0,0.0,0.0,7
A,p2_0376,"List three primary colours, separated by commas.",instruction_following,bare,distressed_md,0.02,0.921,,,0.41,1.0,0,0,0,0,0.0,0.0,6
A,p2_0376,"List three primary colours, separated by commas.",instruction_following,bare,distressed_md,0.04,1.841,,,0.41,1.0,0,0,0,0,0.0,0.0,6
A,p2_0376,"List three primary colours, separated by commas.",instruction_following,bare,distressed_md,0.06,2.762,,,1.39,0.0,0,1,0,0,0.0,0.0,29
A,p2_0376,"List three primary colours, separated by commas.",instruction_following,bare,distressed_md,0.08,3.683,,,0.97,0.0,0,1,0,0,0.0,0.0,19
A,p2_0376,"List three primary colours, separated by commas.",instruction_following,bare,distressed_probe,0.02,0.921,,,0.67,1.0,0,0,0,0,0.0,0.0,12
A,p2_0376,"List three primary colours, separated by commas.",instruction_following,bare,distressed_probe,0.04,1.841,,,0.63,1.0,0,0,0,0,0.0,0.0,11
A,p2_0376,"List three primary colours, separated by commas.",instruction_following,bare,distressed_probe,0.06,2.762,,,1.12,1.0,0,0,0,0,0.0,0.0,21
A,p2_0376,"List three primary colours, separated by commas.",instruction_following,bare,distressed_probe,0.08,3.683,,,1.02,1.0,0,0,0,0,0.0,0.0,19
A,p2_0376,"List three primary colours, separated by commas.",instruction_following,bare,frustrated_md,0.02,0.921,,,0.41,1.0,0,0,0,0,0.0,0.0,6
A,p2_0376,"List three primary colours, separated by commas.",instruction_following,bare,frustrated_md,0.04,1.841,,,0.41,1.0,0,0,0,0,0.0,0.0,6
A,p2_0376,"List three primary colours, separated by commas.",instruction_following,bare,frustrated_md,0.06,2.762,,,0.41,1.0,0,0,0,0,0.0,0.0,6
A,p2_0376,"List three primary colours, separated by commas.",instruction_following,bare,frustrated_md,0.08,3.683,,,6.42,0.0,0,1,0,1,0.738,0.0,79
A,p2_0376,"List three primary colours, separated by commas.",instruction_following,bare,positive_md,0.02,0.921,,,0.45,1.0,0,0,0,0,0.0,0.0,7
A,p2_0376,"List three primary colours, separated by commas.",instruction_following,bare,positive_md,0.04,1.841,,,0.45,1.0,0,0,0,0,0.0,0.0,7
A,p2_0376,"List three primary colours, separated by commas.",instruction_following,bare,positive_md,0.06,2.762,,,6.53,1.0,0,0,0,1,0.65,0.0,79
A,p2_0376,"List three primary colours, separated by commas.",instruction_following,bare,positive_md,0.08,3.683,,,6.57,1.0,0,0,0,1,0.769,0.0,82
A,p2_0376,"List three primary colours, separated by commas.",instruction_following,bare,third_party_md,0.02,0.921,,,0.46,1.0,0,0,0,0,0.0,0.0,7
A,p2_0376,"List three primary colours, separated by commas.",instruction_following,bare,third_party_md,0.04,1.841,,,0.41,1.0,0,0,0,0,0.0,0.0,6
A,p2_0376,"List three primary colours, separated by commas.",instruction_following,bare,third_party_md,0.06,2.762,,,1.27,0.0,0,0,0,0,0.0,0.0,26
A,p2_0376,"List three primary colours, separated by commas.",instruction_following,bare,third_party_md,0.08,3.683,,,1.42,0.0,0,0,1,0,0.0,0.0,29
A,p2_0376,"List three primary colours, separated by commas.",instruction_following,bare,unrelated_coding_probe,0.02,0.921,,,0.46,1.0,0,0,0,0,0.0,0.0,7
A,p2_0376,"List three primary colours, separated by commas.",instruction_following,bare,unrelated_coding_probe,0.04,1.841,,,0.46,1.0,0,0,0,0,0.0,0.0,7
A,p2_0376,"List three primary colours, separated by commas.",instruction_following,bare,unrelated_coding_probe,0.06,2.762,,,0.64,1.0,0,0,0,0,0.0,0.0,11
A,p2_0376,"List three primary colours, separated by commas.",instruction_following,bare,unrelated_coding_probe,0.08,3.683,,,0.64,0.0,0,0,0,0,0.0,0.0,11
A,p2_0376,"List three primary colours, separated by commas.",instruction_following,bare,random,0.02,0.921,,,0.67,1.0,0,0,0,0,0.0,0.0,12
A,p2_0376,"List three primary colours, separated by commas.",instruction_following,bare,random,0.04,1.841,,,0.8,1.0,0,0,0,0,0.0,0.0,15
A,p2_0376,"List three primary colours, separated by commas.",instruction_following,bare,random,0.06,2.762,,,0.97,1.0,0,0,0,0,0.0,0.0,19
A,p2_0376,"List three primary colours, separated by commas.",instruction_following,bare,random,0.08,3.683,,,1.7,1.0,0,0,0,0,0.04,0.0,36
A,p2_0406,Spell the word 'rhythm' backwards.,instruction_following,bare,none,0,0.0,,,0.31,0.0,0,0,0,0,0.0,0.0,3
A,p2_0406,Spell the word 'rhythm' backwards.,instruction_following,bare,distressed_md,0.02,0.877,,,0.28,0.0,0,0,0,0,0.0,0.0,3
A,p2_0406,Spell the word 'rhythm' backwards.,instruction_following,bare,distressed_md,0.04,1.754,,,0.28,0.0,0,0,0,0,0.0,0.0,3
A,p2_0406,Spell the word 'rhythm' backwards.,instruction_following,bare,distressed_md,0.06,2.631,,,0.62,0.0,0,1,0,0,0.0,0.0,11
A,p2_0406,Spell the word 'rhythm' backwards.,instruction_following,bare,distressed_md,0.08,3.507,,,0.69,0.0,0,1,0,0,0.0,0.0,12
A,p2_0406,Spell the word 'rhythm' backwards.,instruction_following,bare,distressed_probe,0.02,0.877,,,0.3,0.0,0,0,0,0,0.0,0.0,3
A,p2_0406,Spell the word 'rhythm' backwards.,instruction_following,bare,distressed_probe,0.04,1.754,,,0.75,0.0,0,0,0,0,0.0,0.0,14
A,p2_0406,Spell the word 'rhythm' backwards.,instruction_following,bare,distressed_probe,0.06,2.631,,,1.39,0.0,0,0,0,0,0.0,0.0,29
A,p2_0406,Spell the word 'rhythm' backwards.,instruction_following,bare,distressed_probe,0.08,3.507,,,1.26,0.0,0,0,0,0,0.0,0.0,26
A,p2_0406,Spell the word 'rhythm' backwards.,instruction_following,bare,frustrated_md,0.02,0.877,,,0.28,0.0,0,0,0,0,0.0,0.0,3
A,p2_0406,Spell the word 'rhythm' backwards.,instruction_following,bare,frustrated_md,0.04,1.754,,,0.28,0.0,0,0,0,0,0.0,0.0,3
A,p2_0406,Spell the word 'rhythm' backwards.,instruction_following,bare,frustrated_md,0.06,2.631,,,0.32,0.0,0,0,0,0,0.0,0.0,4
A,p2_0406,Spell the word 'rhythm' backwards.,instruction_following,bare,frustrated_md,0.08,3.507,,,6.46,0.0,0,1,0,1,0.786,0.0,93
A,p2_0406,Spell the word 'rhythm' backwards.,instruction_following,bare,positive_md,0.02,0.877,,,0.3,0.0,0,0,0,0,0.0,0.0,3
A,p2_0406,Spell the word 'rhythm' backwards.,instruction_following,bare,positive_md,0.04,1.754,,,0.35,0.0,0,0,0,0,0.0,0.0,4
A,p2_0406,Spell the word 'rhythm' backwards.,instruction_following,bare,positive_md,0.06,2.631,,,0.72,0.0,0,0,0,0,0.0,0.0,13
A,p2_0406,Spell the word 'rhythm' backwards.,instruction_following,bare,positive_md,0.08,3.507,,,0.65,0.0,0,0,0,0,0.0,0.0,11
A,p2_0406,Spell the word 'rhythm' backwards.,instruction_following,bare,third_party_md,0.02,0.877,,,0.29,0.0,0,0,0,0,0.0,0.0,3
A,p2_0406,Spell the word 'rhythm' backwards.,instruction_following,bare,third_party_md,0.04,1.754,,,0.28,0.0,0,0,0,0,0.0,0.0,3
A,p2_0406,Spell the word 'rhythm' backwards.,instruction_following,bare,third_party_md,0.06,2.631,,,1.01,0.0,1,0,0,0,0.0,0.0,20
A,p2_0406,Spell the word 'rhythm' backwards.,instruction_following,bare,third_party_md,0.08,3.507,,,0.99,0.0,0,0,1,0,0.0,0.0,19
A,p2_0406,Spell the word 'rhythm' backwards.,instruction_following,bare,unrelated_coding_probe,0.02,0.877,,,0.79,0.0,0,0,0,0,0.0,0.0,14
A,p2_0406,Spell the word 'rhythm' backwards.,instruction_following,bare,unrelated_coding_probe,0.04,1.754,,,0.75,0.0,0,0,0,0,0.0,0.0,14
A,p2_0406,Spell the word 'rhythm' backwards.,instruction_following,bare,unrelated_coding_probe,0.06,2.631,,,0.75,0.0,0,0,0,0,0.0,0.0,14
A,p2_0406,Spell the word 'rhythm' backwards.,instruction_following,bare,unrelated_coding_probe,0.08,3.507,,,0.75,0.0,0,0,0,0,0.0,0.0,14
A,p2_0406,Spell the word 'rhythm' backwards.,instruction_following,bare,random,0.02,0.877,,,0.28,0.0,0,0,0,0,0.0,0.0,3
A,p2_0406,Spell the word 'rhythm' backwards.,instruction_following,bare,random,0.04,1.754,,,0.28,0.0,0,0,0,0,0.0,0.0,3
A,p2_0406,Spell the word 'rhythm' backwards.,instruction_following,bare,random,0.06,2.631,,,0.28,0.0,0,0,0,0,0.0,0.0,3
A,p2_0406,Spell the word 'rhythm' backwards.,instruction_following,bare,random,0.08,3.507,,,0.28,0.0,0,0,0,0,0.0,0.0,3
A,p2_0415,Reply with only a number: how many legs does a spider have?,instruction_following,bare,none,0,0.0,,,0.27,1.0,0,0,0,0,0.0,0.0,1
A,p2_0415,Reply with only a number: how many legs does a spider have?,instruction_following,bare,distressed_md,0.02,0.909,,,0.2,1.0,0,0,0,0,0.0,0.0,1
A,p2_0415,Reply with only a number: how many legs does a spider have?,instruction_following,bare,distressed_md,0.04,1.817,,,0.2,1.0,0,0,0,0,0.0,0.0,1
A,p2_0415,Reply with only a number: how many legs does a spider have?,instruction_following,bare,distressed_md,0.06,2.726,,,1.69,0.0,0,1,1,0,0.0,0.0,35
A,p2_0415,Reply with only a number: how many legs does a spider have?,instruction_following,bare,distressed_md,0.08,3.634,,,0.97,0.0,0,1,0,0,0.0,0.0,19
A,p2_0415,Reply with only a number: how many legs does a spider have?,instruction_following,bare,distressed_probe,0.02,0.909,,,0.21,1.0,0,0,0,0,0.0,0.0,1
A,p2_0415,Reply with only a number: how many legs does a spider have?,instruction_following,bare,distressed_probe,0.04,1.817,,,0.21,1.0,0,0,0,0,0.0,0.0,1
A,p2_0415,Reply with only a number: how many legs does a spider have?,instruction_following,bare,distressed_probe,0.06,2.726,,,0.21,1.0,0,0,0,0,0.0,0.0,1
A,p2_0415,Reply with only a number: how many legs does a spider have?,instruction_following,bare,distressed_probe,0.08,3.634,,,0.48,1.0,0,0,0,0,0.0,0.0,7
A,p2_0415,Reply with only a number: how many legs does a spider have?,instruction_following,bare,frustrated_md,0.02,0.909,,,0.21,1.0,0,0,0,0,0.0,0.0,1
A,p2_0415,Reply with only a number: how many legs does a spider have?,instruction_following,bare,frustrated_md,0.04,1.817,,,0.24,1.0,0,0,0,0,0.0,0.0,1
A,p2_0415,Reply with only a number: how many legs does a spider have?,instruction_following,bare,frustrated_md,0.06,2.726,,,0.2,1.0,0,0,0,0,0.0,0.0,1
A,p2_0415,Reply with only a number: how many legs does a spider have?,instruction_following,bare,frustrated_md,0.08,3.634,,,6.47,0.0,0,0,0,1,0.944,0.0,75
A,p2_0415,Reply with only a number: how many legs does a spider have?,instruction_following,bare,positive_md,0.02,0.909,,,0.2,1.0,0,0,0,0,0.0,0.0,1
A,p2_0415,Reply with only a number: how many legs does a spider have?,instruction_following,bare,positive_md,0.04,1.817,,,0.2,1.0,0,0,0,0,0.0,0.0,1
A,p2_0415,Reply with only a number: how many legs does a spider have?,instruction_following,bare,positive_md,0.06,2.726,,,6.51,0.0,0,0,0,0,0.0,0.045,18
A,p2_0415,Reply with only a number: how many legs does a spider have?,instruction_following,bare,positive_md,0.08,3.634,,,6.47,0.0,0,0,0,1,0.943,0.0,75
A,p2_0415,Reply with only a number: how many legs does a spider have?,instruction_following,bare,third_party_md,0.02,0.909,,,0.2,1.0,0,0,0,0,0.0,0.0,1
A,p2_0415,Reply with only a number: how many legs does a spider have?,instruction_following,bare,third_party_md,0.04,1.817,,,0.2,1.0,0,0,0,0,0.0,0.0,1
A,p2_0415,Reply with only a number: how many legs does a spider have?,instruction_following,bare,third_party_md,0.06,2.726,,,1.4,0.0,0,1,1,0,0.0,0.0,29
A,p2_0415,Reply with only a number: how many legs does a spider have?,instruction_following,bare,third_party_md,0.08,3.634,,,1.48,0.0,0,0,1,0,0.0,0.0,31
A,p2_0415,Reply with only a number: how many legs does a spider have?,instruction_following,bare,unrelated_coding_probe,0.02,0.909,,,0.2,1.0,0,0,0,0,0.0,0.0,1
A,p2_0415,Reply with only a number: how many legs does a spider have?,instruction_following,bare,unrelated_coding_probe,0.04,1.817,,,0.2,1.0,0,0,0,0,0.0,0.0,1
A,p2_0415,Reply with only a number: how many legs does a spider have?,instruction_following,bare,unrelated_coding_probe,0.06,2.726,,,0.2,1.0,0,0,0,0,0.0,0.0,1
A,p2_0415,Reply with only a number: how many legs does a spider have?,instruction_following,bare,unrelated_coding_probe,0.08,3.634,,,0.2,1.0,0,0,0,0,0.0,0.0,1
A,p2_0415,Reply with only a number: how many legs does a spider have?,instruction_following,bare,random,0.02,0.909,,,0.2,1.0,0,0,0,0,0.0,0.0,1
A,p2_0415,Reply with only a number: how many legs does a spider have?,instruction_following,bare,random,0.04,1.817,,,0.2,1.0,0,0,0,0,0.0,0.0,1
A,p2_0415,Reply with only a number: how many legs does a spider have?,instruction_following,bare,random,0.06,2.726,,,0.2,1.0,0,0,0,0,0.0,0.0,1
A,p2_0415,Reply with only a number: how many legs does a spider have?,instruction_following,bare,random,0.08,3.634,,,0.21,1.0,0,0,0,0,0.0,0.0,1
A,p2_0427,State the opposite of 'cold' in one word.,instruction_following,bare,none,0,0.0,,,0.25,1.0,0,0,0,0,0.0,0.0,1
A,p2_0427,State the opposite of 'cold' in one word.,instruction_following,bare,distressed_md,0.02,0.9,,,0.24,1.0,0,0,0,0,0.0,0.0,2
A,p2_0427,State the opposite of 'cold' in one word.,instruction_following,bare,distressed_md,0.04,1.801,,,0.24,1.0,0,0,0,0,0.0,0.0,2
A,p2_0427,State the opposite of 'cold' in one word.,instruction_following,bare,distressed_md,0.06,2.701,,,0.97,0.0,0,1,0,0,0.0,0.0,19
A,p2_0427,State the opposite of 'cold' in one word.,instruction_following,bare,distressed_md,0.08,3.602,,,0.98,0.0,0,1,0,0,0.0,0.0,19
A,p2_0427,State the opposite of 'cold' in one word.,instruction_following,bare,distressed_probe,0.02,0.9,,,0.21,1.0,0,0,0,0,0.0,0.0,1
A,p2_0427,State the opposite of 'cold' in one word.,instruction_following,bare,distressed_probe,0.04,1.801,,,0.25,1.0,0,0,0,0,0.0,0.0,2
A,p2_0427,State the opposite of 'cold' in one word.,instruction_following,bare,distressed_probe,0.06,2.701,,,0.25,1.0,0,0,0,0,0.0,0.0,2
A,p2_0427,State the opposite of 'cold' in one word.,instruction_following,bare,distressed_probe,0.08,3.602,,,0.6,1.0,0,0,0,0,0.0,0.0,10
A,p2_0427,State the opposite of 'cold' in one word.,instruction_following,bare,frustrated_md,0.02,0.9,,,0.24,1.0,0,0,0,0,0.0,0.0,2
A,p2_0427,State the opposite of 'cold' in one word.,instruction_following,bare,frustrated_md,0.04,1.801,,,0.25,1.0,0,0,0,0,0.0,0.0,2
A,p2_0427,State the opposite of 'cold' in one word.,instruction_following,bare,frustrated_md,0.06,2.701,,,0.25,1.0,0,0,0,0,0.0,0.0,2
A,p2_0427,State the opposite of 'cold' in one word.,instruction_following,bare,frustrated_md,0.08,3.602,,,6.54,0.0,0,1,0,1,0.85,0.0,132
A,p2_0427,State the opposite of 'cold' in one word.,instruction_following,bare,positive_md,0.02,0.9,,,0.25,1.0,0,0,0,0,0.0,0.0,2
A,p2_0427,State the opposite of 'cold' in one word.,instruction_following,bare,positive_md,0.04,1.801,,,0.25,1.0,0,0,0,0,0.0,0.0,2
A,p2_0427,State the opposite of 'cold' in one word.,instruction_following,bare,positive_md,0.06,2.701,,,0.24,1.0,0,0,0,0,0.0,0.0,2
A,p2_0427,State the opposite of 'cold' in one word.,instruction_following,bare,positive_md,0.08,3.602,,,6.49,0.0,0,0,0,1,0.917,0.0,76
A,p2_0427,State the opposite of 'cold' in one word.,instruction_following,bare,third_party_md,0.02,0.9,,,0.24,1.0,0,0,0,0,0.0,0.0,2
A,p2_0427,State the opposite of 'cold' in one word.,instruction_following,bare,third_party_md,0.04,1.801,,,0.2,1.0,0,0,0,0,0.0,0.0,1
A,p2_0427,State the opposite of 'cold' in one word.,instruction_following,bare,third_party_md,0.06,2.701,,,0.8,0.0,1,1,0,0,0.0,0.0,15
A,p2_0427,State the opposite of 'cold' in one word.,instruction_following,bare,third_party_md,0.08,3.602,,,1.57,0.0,1,1,1,0,0.0,0.0,33
A,p2_0427,State the opposite of 'cold' in one word.,instruction_following,bare,unrelated_coding_probe,0.02,0.9,,,0.2,1.0,0,0,0,0,0.0,0.0,1
A,p2_0427,State the opposite of 'cold' in one word.,instruction_following,bare,unrelated_coding_probe,0.04,1.801,,,0.2,1.0,0,0,0,0,0.0,0.0,1
A,p2_0427,State the opposite of 'cold' in one word.,instruction_following,bare,unrelated_coding_probe,0.06,2.701,,,0.2,1.0,0,0,0,0,0.0,0.0,1
A,p2_0427,State the opposite of 'cold' in one word.,instruction_following,bare,unrelated_coding_probe,0.08,3.602,,,0.24,1.0,0,0,0,0,0.0,0.0,2
A,p2_0427,State the opposite of 'cold' in one word.,instruction_following,bare,random,0.02,0.9,,,0.2,1.0,0,0,0,0,0.0,0.0,1
A,p2_0427,State the opposite of 'cold' in one word.,instruction_following,bare,random,0.04,1.801,,,0.2,1.0,0,0,0,0,0.0,0.0,1
A,p2_0427,State the opposite of 'cold' in one word.,instruction_following,bare,random,0.06,2.701,,,0.2,1.0,0,0,0,0,0.0,0.0,1
A,p2_0427,State the opposite of 'cold' in one word.,instruction_following,bare,random,0.08,3.602,,,0.46,1.0,0,0,0,0,0.0,0.0,7
A,p2_0439,"Name two oceans, separated by a slash.",instruction_following,bare,none,0,0.0,,,0.44,0.0,0,0,0,0,0.0,0.0,5
A,p2_0439,"Name two oceans, separated by a slash.",instruction_following,bare,distressed_md,0.02,0.928,,,0.37,0.0,0,0,0,0,0.0,0.0,5
A,p2_0439,"Name two oceans, separated by a slash.",instruction_following,bare,distressed_md,0.04,1.856,,,0.42,0.0,0,0,0,0,0.0,0.0,6
A,p2_0439,"Name two oceans, separated by a slash.",instruction_following,bare,distressed_md,0.06,2.784,,,1.42,0.0,0,0,1,0,0.0,0.0,29
A,p2_0439,"Name two oceans, separated by a slash.",instruction_following,bare,distressed_md,0.08,3.711,,,0.97,0.0,0,1,0,0,0.0,0.0,19
A,p2_0439,"Name two oceans, separated by a slash.",instruction_following,bare,distressed_probe,0.02,0.928,,,0.37,0.0,0,0,0,0,0.0,0.0,5
A,p2_0439,"Name two oceans, separated by a slash.",instruction_following,bare,distressed_probe,0.04,1.856,,,0.38,0.0,0,0,0,0,0.0,0.0,5
A,p2_0439,"Name two oceans, separated by a slash.",instruction_following,bare,distressed_probe,0.06,2.784,,,1.54,0.0,0,0,0,0,0.037,0.0,32
A,p2_0439,"Name two oceans, separated by a slash.",instruction_following,bare,distressed_probe,0.08,3.711,,,1.51,0.0,0,0,0,0,0.042,0.0,31
A,p2_0439,"Name two oceans, separated by a slash.",instruction_following,bare,frustrated_md,0.02,0.928,,,0.35,0.0,0,0,0,0,0.0,0.0,4
A,p2_0439,"Name two oceans, separated by a slash.",instruction_following,bare,frustrated_md,0.04,1.856,,,0.34,1.0,0,0,0,0,0.0,0.0,4
A,p2_0439,"Name two oceans, separated by a slash.",instruction_following,bare,frustrated_md,0.06,2.784,,,0.82,0.0,0,1,0,0,0.0,0.0,15
A,p2_0439,"Name two oceans, separated by a slash.",instruction_following,bare,frustrated_md,0.08,3.711,,,6.67,0.0,0,0,0,1,0.8,0.0,80
A,p2_0439,"Name two oceans, separated by a slash.",instruction_following,bare,positive_md,0.02,0.928,,,0.37,0.0,0,0,0,0,0.0,0.0,5
A,p2_0439,"Name two oceans, separated by a slash.",instruction_following,bare,positive_md,0.04,1.856,,,0.37,0.0,0,0,0,0,0.0,0.0,5
A,p2_0439,"Name two oceans, separated by a slash.",instruction_following,bare,positive_md,0.06,2.784,,,0.63,0.0,0,0,0,0,0.0,0.074,11
A,p2_0439,"Name two oceans, separated by a slash.",instruction_following,bare,positive_md,0.08,3.711,,,6.49,0.0,0,0,0,1,0.586,0.012,104
A,p2_0439,"Name two oceans, separated by a slash.",instruction_following,bare,third_party_md,0.02,0.928,,,0.37,0.0,0,0,0,0,0.0,0.0,5
A,p2_0439,"Name two oceans, separated by a slash.",instruction_following,bare,third_party_md,0.04,1.856,,,1.76,0.0,1,1,0,0,0.0,0.0,37
A,p2_0439,"Name two oceans, separated by a slash.",instruction_following,bare,third_party_md,0.06,2.784,,,1.45,0.0,1,0,0,0,0.0,0.0,29
A,p2_0439,"Name two oceans, separated by a slash.",instruction_following,bare,third_party_md,0.08,3.711,,,1.47,0.0,0,0,1,0,0.0,0.0,29
A,p2_0439,"Name two oceans, separated by a slash.",instruction_following,bare,unrelated_coding_probe,0.02,0.928,,,0.38,0.0,0,0,0,0,0.0,0.0,5
A,p2_0439,"Name two oceans, separated by a slash.",instruction_following,bare,unrelated_coding_probe,0.04,1.856,,,0.37,0.0,0,0,0,0,0.0,0.0,5
A,p2_0439,"Name two oceans, separated by a slash.",instruction_following,bare,unrelated_coding_probe,0.06,2.784,,,0.37,0.0,0,0,0,0,0.0,0.0,5
A,p2_0439,"Name two oceans, separated by a slash.",instruction_following,bare,unrelated_coding_probe,0.08,3.711,,,0.37,0.0,0,0,0,0,0.0,0.0,5
A,p2_0439,"Name two oceans, separated by a slash.",instruction_following,bare,random,0.02,0.928,,,0.38,0.0,0,0,0,0,0.0,0.0,5
A,p2_0439,"Name two oceans, separated by a slash.",instruction_following,bare,random,0.04,1.856,,,0.4,0.0,0,0,0,0,0.0,0.0,5
A,p2_0439,"Name two oceans, separated by a slash.",instruction_following,bare,random,0.06,2.784,,,0.38,0.0,0,0,0,0,0.0,0.0,5
A,p2_0439,"Name two oceans, separated by a slash.",instruction_following,bare,random,0.08,3.711,,,0.37,0.0,0,0,0,0,0.0,0.0,5
A,p2_0625,What is 37 times 19?,arithmetic,preamble,none,0,0.0,,,1.77,1.0,0,0,0,0,0.0,0.0,37
A,p2_0625,What is 37 times 19?,arithmetic,preamble,distressed_md,0.02,0.923,,,0.33,1.0,0,0,0,0,0.0,0.0,4
A,p2_0625,What is 37 times 19?,arithmetic,preamble,distressed_md,0.04,1.846,,,0.74,1.0,0,1,0,0,0.0,0.0,13
A,p2_0625,What is 37 times 19?,arithmetic,preamble,distressed_md,0.06,2.769,,,1.41,0.0,1,1,1,0,0.0,0.0,29
A,p2_0625,What is 37 times 19?,arithmetic,preamble,distressed_md,0.08,3.693,,,0.97,0.0,1,1,0,0,0.0,0.0,19
A,p2_0625,What is 37 times 19?,arithmetic,preamble,distressed_probe,0.02,0.923,,,1.32,1.0,0,0,0,0,0.0,0.0,27
A,p2_0625,What is 37 times 19?,arithmetic,preamble,distressed_probe,0.04,1.846,,,0.68,1.0,0,0,0,0,0.0,0.0,12
A,p2_0625,What is 37 times 19?,arithmetic,preamble,distressed_probe,0.06,2.769,,,1.3,1.0,0,0,0,0,0.0,0.0,26
A,p2_0625,What is 37 times 19?,arithmetic,preamble,distressed_probe,0.08,3.693,,,1.4,1.0,0,0,0,0,0.0,0.0,29
A,p2_0625,What is 37 times 19?,arithmetic,preamble,frustrated_md,0.02,0.923,,,0.33,1.0,0,0,0,0,0.0,0.0,4
A,p2_0625,What is 37 times 19?,arithmetic,preamble,frustrated_md,0.04,1.846,,,0.33,1.0,0,0,0,0,0.0,0.0,4
A,p2_0625,What is 37 times 19?,arithmetic,preamble,frustrated_md,0.06,2.769,,,0.33,1.0,0,0,0,0,0.0,0.0,4
A,p2_0625,What is 37 times 19?,arithmetic,preamble,frustrated_md,0.08,3.693,,,0.5,0.0,1,0,0,0,0.0,0.0,8
A,p2_0625,What is 37 times 19?,arithmetic,preamble,positive_md,0.02,0.923,,,0.93,1.0,0,0,0,0,0.0,0.0,18
A,p2_0625,What is 37 times 19?,arithmetic,preamble,positive_md,0.04,1.846,,,1.07,1.0,0,0,0,0,0.0,0.0,21
A,p2_0625,What is 37 times 19?,arithmetic,preamble,positive_md,0.06,2.769,,,1.33,1.0,0,0,0,0,0.0,0.0,27
A,p2_0625,What is 37 times 19?,arithmetic,preamble,positive_md,0.08,3.693,,,6.53,1.0,0,0,0,0,0.0,0.0,24
A,p2_0625,What is 37 times 19?,arithmetic,preamble,third_party_md,0.02,0.923,,,0.97,1.0,0,0,0,0,0.0,0.0,19
A,p2_0625,What is 37 times 19?,arithmetic,preamble,third_party_md,0.04,1.846,,,0.93,1.0,0,1,0,0,0.0,0.0,18
A,p2_0625,What is 37 times 19?,arithmetic,preamble,third_party_md,0.06,2.769,,,2.51,0.0,1,1,0,0,0.0,0.0,55
A,p2_0625,What is 37 times 19?,arithmetic,preamble,third_party_md,0.08,3.693,,,2.2,0.0,1,1,0,0,0.143,0.0,48
A,p2_0625,What is 37 times 19?,arithmetic,preamble,unrelated_coding_probe,0.02,0.923,,,0.67,1.0,0,0,0,0,0.0,0.0,12
A,p2_0625,What is 37 times 19?,arithmetic,preamble,unrelated_coding_probe,0.04,1.846,,,0.67,1.0,0,0,0,0,0.0,0.0,12
A,p2_0625,What is 37 times 19?,arithmetic,preamble,unrelated_coding_probe,0.06,2.769,,,0.67,1.0,0,0,0,0,0.0,0.0,12
A,p2_0625,What is 37 times 19?,arithmetic,preamble,unrelated_coding_probe,0.08,3.693,,,1.36,1.0,0,0,0,0,0.0,0.0,28
A,p2_0625,What is 37 times 19?,arithmetic,preamble,random,0.02,0.923,,,0.68,1.0,0,0,0,0,0.0,0.0,12
A,p2_0625,What is 37 times 19?,arithmetic,preamble,random,0.04,1.846,,,0.68,1.0,0,0,0,0,0.0,0.0,12
A,p2_0625,What is 37 times 19?,arithmetic,preamble,random,0.06,2.769,,,0.68,0.0,0,0,0,0,0.0,0.0,12
A,p2_0625,What is 37 times 19?,arithmetic,preamble,random,0.08,3.693,,,0.67,0.0,0,0,0,0,0.0,0.0,12
A,p2_0636,Reduce 180 by 12.5%.,arithmetic,preamble,none,0,0.0,,,2.61,1.0,0,0,0,0,0.0,0.0,56
A,p2_0636,Reduce 180 by 12.5%.,arithmetic,preamble,distressed_md,0.02,0.94,,,0.6,1.0,0,0,0,0,0.0,0.0,10
A,p2_0636,Reduce 180 by 12.5%.,arithmetic,preamble,distressed_md,0.04,1.879,,,1.22,0.0,1,1,1,0,0.0,0.0,24
A,p2_0636,Reduce 180 by 12.5%.,arithmetic,preamble,distressed_md,0.06,2.819,,,1.04,0.0,1,1,0,0,0.0,0.0,20
A,p2_0636,Reduce 180 by 12.5%.,arithmetic,preamble,distressed_md,0.08,3.759,,,0.91,0.0,1,1,0,0,0.0,0.0,17
A,p2_0636,Reduce 180 by 12.5%.,arithmetic,preamble,distressed_probe,0.02,0.94,,,2.62,1.0,0,0,0,0,0.0,0.0,56
A,p2_0636,Reduce 180 by 12.5%.,arithmetic,preamble,distressed_probe,0.04,1.879,,,2.53,0.0,0,0,0,0,0.0,0.0,55
A,p2_0636,Reduce 180 by 12.5%.,arithmetic,preamble,distressed_probe,0.06,2.819,,,1.46,0.0,0,0,0,0,0.0,0.0,30
A,p2_0636,Reduce 180 by 12.5%.,arithmetic,preamble,distressed_probe,0.08,3.759,,,2.7,0.0,1,1,1,0,0.0,0.0,59
A,p2_0636,Reduce 180 by 12.5%.,arithmetic,preamble,frustrated_md,0.02,0.94,,,0.51,0.0,0,0,0,0,0.0,0.0,8
A,p2_0636,Reduce 180 by 12.5%.,arithmetic,preamble,frustrated_md,0.04,1.879,,,0.59,0.0,0,0,0,0,0.0,0.0,10
A,p2_0636,Reduce 180 by 12.5%.,arithmetic,preamble,frustrated_md,0.06,2.819,,,0.33,0.0,0,0,0,0,0.0,0.0,4
A,p2_0636,Reduce 180 by 12.5%.,arithmetic,preamble,frustrated_md,0.08,3.759,,,6.6,0.0,1,1,0,1,0.78,0.0,79
A,p2_0636,Reduce 180 by 12.5%.,arithmetic,preamble,positive_md,0.02,0.94,,,1.97,1.0,0,0,0,0,0.0,0.0,41
A,p2_0636,Reduce 180 by 12.5%.,arithmetic,preamble,positive_md,0.04,1.879,,,1.6,1.0,0,0,0,0,0.0,0.0,33
A,p2_0636,Reduce 180 by 12.5%.,arithmetic,preamble,positive_md,0.06,2.819,,,1.5,0.0,0,0,0,0,0.0,0.016,31
A,p2_0636,Reduce 180 by 12.5%.,arithmetic,preamble,positive_md,0.08,3.759,,,2.56,0.0,0,0,0,0,0.045,0.0,56
A,p2_0636,Reduce 180 by 12.5%.,arithmetic,preamble,third_party_md,0.02,0.94,,,2.63,1.0,0,0,0,0,0.0,0.0,56
A,p2_0636,Reduce 180 by 12.5%.,arithmetic,preamble,third_party_md,0.04,1.879,,,2.04,1.0,0,1,1,0,0.0,0.0,43
A,p2_0636,Reduce 180 by 12.5%.,arithmetic,preamble,third_party_md,0.06,2.819,,,1.41,0.0,1,1,1,0,0.0,0.0,28
A,p2_0636,Reduce 180 by 12.5%.,arithmetic,preamble,third_party_md,0.08,3.759,,,1.59,0.0,0,0,1,0,0.0,0.0,33
A,p2_0636,Reduce 180 by 12.5%.,arithmetic,preamble,unrelated_coding_probe,0.02,0.94,,,2.59,1.0,0,0,0,0,0.0,0.0,56
A,p2_0636,Reduce 180 by 12.5%.,arithmetic,preamble,unrelated_coding_probe,0.04,1.879,,,2.43,1.0,0,0,0,0,0.0,0.0,51
A,p2_0636,Reduce 180 by 12.5%.,arithmetic,preamble,unrelated_coding_probe,0.06,2.819,,,2.72,1.0,0,0,0,0,0.0,0.0,58
A,p2_0636,Reduce 180 by 12.5%.,arithmetic,preamble,unrelated_coding_probe,0.08,3.759,,,1.78,1.0,0,0,0,0,0.0,0.0,37
A,p2_0636,Reduce 180 by 12.5%.,arithmetic,preamble,random,0.02,0.94,,,2.63,1.0,0,0,0,0,0.0,0.0,56
A,p2_0636,Reduce 180 by 12.5%.,arithmetic,preamble,random,0.04,1.879,,,2.51,0.0,0,0,0,0,0.0,0.0,54
A,p2_0636,Reduce 180 by 12.5%.,arithmetic,preamble,random,0.06,2.819,,,2.64,0.0,0,0,0,0,0.0,0.0,58
A,p2_0636,Reduce 180 by 12.5%.,arithmetic,preamble,random,0.08,3.759,,,2.6,0.0,0,0,0,0,0.0,0.0,57
A,p2_0638,What is 3/5 of 250?,arithmetic,preamble,none,0,0.0,,,0.76,1.0,0,0,0,0,0.0,0.0,14
A,p2_0638,What is 3/5 of 250?,arithmetic,preamble,distressed_md,0.02,0.922,,,0.76,1.0,0,0,0,0,0.0,0.0,14
A,p2_0638,What is 3/5 of 250?,arithmetic,preamble,distressed_md,0.04,1.845,,,1.14,1.0,0,1,0,0,0.0,0.0,23
A,p2_0638,What is 3/5 of 250?,arithmetic,preamble,distressed_md,0.06,2.767,,,1.8,0.0,1,1,1,0,0.0,0.0,37
A,p2_0638,What is 3/5 of 250?,arithmetic,preamble,distressed_md,0.08,3.69,,,0.98,0.0,1,1,0,0,0.0,0.0,19
A,p2_0638,What is 3/5 of 250?,arithmetic,preamble,distressed_probe,0.02,0.922,,,1.23,1.0,0,0,0,0,0.0,0.0,25
A,p2_0638,What is 3/5 of 250?,arithmetic,preamble,distressed_probe,0.04,1.845,,,1.23,1.0,0,0,0,0,0.0,0.0,25
A,p2_0638,What is 3/5 of 250?,arithmetic,preamble,distressed_probe,0.06,2.767,,,1.57,1.0,0,0,0,0,0.0,0.0,33
A,p2_0638,What is 3/5 of 250?,arithmetic,preamble,distressed_probe,0.08,3.69,,,1.53,1.0,0,0,0,0,0.0,0.0,32
A,p2_0638,What is 3/5 of 250?,arithmetic,preamble,frustrated_md,0.02,0.922,,,0.76,1.0,0,0,0,0,0.0,0.0,14
A,p2_0638,What is 3/5 of 250?,arithmetic,preamble,frustrated_md,0.04,1.845,,,0.33,1.0,0,0,0,0,0.0,0.0,4
A,p2_0638,What is 3/5 of 250?,arithmetic,preamble,frustrated_md,0.06,2.767,,,0.33,1.0,0,0,0,0,0.0,0.0,4
A,p2_0638,What is 3/5 of 250?,arithmetic,preamble,frustrated_md,0.08,3.69,,,6.49,0.0,1,1,0,1,0.78,0.0,79
A,p2_0638,What is 3/5 of 250?,arithmetic,preamble,positive_md,0.02,0.922,,,1.06,1.0,0,0,0,0,0.0,0.0,21
A,p2_0638,What is 3/5 of 250?,arithmetic,preamble,positive_md,0.04,1.845,,,1.33,1.0,0,0,0,0,0.0,0.0,27
A,p2_0638,What is 3/5 of 250?,arithmetic,preamble,positive_md,0.06,2.767,,,1.38,1.0,0,0,0,0,0.0,0.0,28
A,p2_0638,What is 3/5 of 250?,arithmetic,preamble,positive_md,0.08,3.69,,,1.38,1.0,0,0,0,0,0.0,0.0,28
A,p2_0638,What is 3/5 of 250?,arithmetic,preamble,third_party_md,0.02,0.922,,,1.38,1.0,0,0,0,0,0.0,0.0,28
A,p2_0638,What is 3/5 of 250?,arithmetic,preamble,third_party_md,0.04,1.845,,,1.33,1.0,0,0,0,0,0.0,0.0,27
A,p2_0638,What is 3/5 of 250?,arithmetic,preamble,third_party_md,0.06,2.767,,,1.47,0.0,0,0,1,0,0.0,0.0,30
A,p2_0638,What is 3/5 of 250?,arithmetic,preamble,third_party_md,0.08,3.69,,,1.75,0.0,0,0,1,0,0.0,0.0,37
A,p2_0638,What is 3/5 of 250?,arithmetic,preamble,unrelated_coding_probe,0.02,0.922,,,0.76,1.0,0,0,0,0,0.0,0.0,14
A,p2_0638,What is 3/5 of 250?,arithmetic,preamble,unrelated_coding_probe,0.04,1.845,,,0.76,1.0,0,0,0,0,0.0,0.0,14
A,p2_0638,What is 3/5 of 250?,arithmetic,preamble,unrelated_coding_probe,0.06,2.767,,,0.76,1.0,0,0,0,0,0.0,0.0,14
A,p2_0638,What is 3/5 of 250?,arithmetic,preamble,unrelated_coding_probe,0.08,3.69,,,6.55,0.0,0,0,0,0,0.123,0.0,150
A,p2_0638,What is 3/5 of 250?,arithmetic,preamble,random,0.02,0.922,,,0.76,1.0,0,0,0,0,0.0,0.0,14
A,p2_0638,What is 3/5 of 250?,arithmetic,preamble,random,0.04,1.845,,,0.76,1.0,0,0,0,0,0.0,0.0,14
A,p2_0638,What is 3/5 of 250?,arithmetic,preamble,random,0.06,2.767,,,0.77,1.0,0,0,0,0,0.0,0.0,14
A,p2_0638,What is 3/5 of 250?,arithmetic,preamble,random,0.08,3.69,,,0.76,1.0,0,0,0,0,0.0,0.0,14
A,p2_0639,"Round 4,687 to the nearest hundred.",arithmetic,preamble,none,0,0.0,,,2.14,1.0,0,0,0,0,0.0,0.0,44
A,p2_0639,"Round 4,687 to the nearest hundred.",arithmetic,preamble,distressed_md,0.02,0.933,,,0.94,1.0,0,0,0,0,0.0,0.0,18
A,p2_0639,"Round 4,687 to the nearest hundred.",arithmetic,preamble,distressed_md,0.04,1.865,,,0.72,1.0,0,1,0,0,0.0,0.0,13
A,p2_0639,"Round 4,687 to the nearest hundred.",arithmetic,preamble,distressed_md,0.06,2.798,,,1.42,0.0,1,1,0,0,0.0,0.0,29
A,p2_0639,"Round 4,687 to the nearest hundred.",arithmetic,preamble,distressed_md,0.08,3.73,,,0.9,0.0,1,1,0,0,0.0,0.0,17
A,p2_0639,"Round 4,687 to the nearest hundred.",arithmetic,preamble,distressed_probe,0.02,0.933,,,2.26,1.0,0,0,0,0,0.0,0.0,48
A,p2_0639,"Round 4,687 to the nearest hundred.",arithmetic,preamble,distressed_probe,0.04,1.865,,,2.5,1.0,0,0,0,0,0.0,0.0,54
A,p2_0639,"Round 4,687 to the nearest hundred.",arithmetic,preamble,distressed_probe,0.06,2.798,,,2.42,1.0,0,0,0,0,0.0,0.0,51
A,p2_0639,"Round 4,687 to the nearest hundred.",arithmetic,preamble,distressed_probe,0.08,3.73,,,2.15,1.0,0,1,0,0,0.0,0.0,46
A,p2_0639,"Round 4,687 to the nearest hundred.",arithmetic,preamble,frustrated_md,0.02,0.933,,,0.94,1.0,0,0,0,0,0.0,0.0,18
A,p2_0639,"Round 4,687 to the nearest hundred.",arithmetic,preamble,frustrated_md,0.04,1.865,,,0.42,1.0,0,0,0,0,0.0,0.0,6
A,p2_0639,"Round 4,687 to the nearest hundred.",arithmetic,preamble,frustrated_md,0.06,2.798,,,0.41,1.0,0,0,0,0,0.0,0.0,6
A,p2_0639,"Round 4,687 to the nearest hundred.",arithmetic,preamble,frustrated_md,0.08,3.73,,,6.5,0.0,0,0,0,1,0.943,0.0,78
A,p2_0639,"Round 4,687 to the nearest hundred.",arithmetic,preamble,positive_md,0.02,0.933,,,2.03,1.0,0,0,0,0,0.0,0.0,43
A,p2_0639,"Round 4,687 to the nearest hundred.",arithmetic,preamble,positive_md,0.04,1.865,,,1.02,1.0,0,0,0,0,0.0,0.0,20
A,p2_0639,"Round 4,687 to the nearest hundred.",arithmetic,preamble,positive_md,0.06,2.798,,,1.28,0.0,1,0,0,0,0.0,0.039,26
A,p2_0639,"Round 4,687 to the nearest hundred.",arithmetic,preamble,positive_md,0.08,3.73,,,1.27,0.0,1,0,0,0,0.0,0.065,22
A,p2_0639,"Round 4,687 to the nearest hundred.",arithmetic,preamble,third_party_md,0.02,0.933,,,1.87,1.0,0,0,0,0,0.0,0.0,40
A,p2_0639,"Round 4,687 to the nearest hundred.",arithmetic,preamble,third_party_md,0.04,1.865,,,1.06,1.0,0,0,0,0,0.0,0.0,21
A,p2_0639,"Round 4,687 to the nearest hundred.",arithmetic,preamble,third_party_md,0.06,2.798,,,1.44,0.0,1,0,0,0,0.0,0.0,30
A,p2_0639,"Round 4,687 to the nearest hundred.",arithmetic,preamble,third_party_md,0.08,3.73,,,0.94,0.0,1,1,0,0,0.0,0.0,18
A,p2_0639,"Round 4,687 to the nearest hundred.",arithmetic,preamble,unrelated_coding_probe,0.02,0.933,,,2.0,1.0,0,0,0,0,0.0,0.0,43
A,p2_0639,"Round 4,687 to the nearest hundred.",arithmetic,preamble,unrelated_coding_probe,0.04,1.865,,,2.01,1.0,0,0,0,0,0.0,0.0,43
A,p2_0639,"Round 4,687 to the nearest hundred.",arithmetic,preamble,unrelated_coding_probe,0.06,2.798,,,2.48,1.0,0,0,0,0,0.0,0.0,53
A,p2_0639,"Round 4,687 to the nearest hundred.",arithmetic,preamble,unrelated_coding_probe,0.08,3.73,,,2.56,1.0,0,0,0,0,0.029,0.0,56
A,p2_0639,"Round 4,687 to the nearest hundred.",arithmetic,preamble,random,0.02,0.933,,,1.96,1.0,0,0,0,0,0.0,0.0,42
A,p2_0639,"Round 4,687 to the nearest hundred.",arithmetic,preamble,random,0.04,1.865,,,1.98,1.0,0,0,0,0,0.0,0.0,42
A,p2_0639,"Round 4,687 to the nearest hundred.",arithmetic,preamble,random,0.06,2.798,,,1.97,1.0,0,0,0,0,0.0,0.0,42
A,p2_0639,"Round 4,687 to the nearest hundred.",arithmetic,preamble,random,0.08,3.73,,,1.76,0.0,0,0,0,0,0.0,0.0,37
A,p2_0644,What is 6.4 multiplied by 12?,arithmetic,preamble,none,0,0.0,,,0.86,1.0,0,0,0,0,0.0,0.0,15
A,p2_0644,What is 6.4 multiplied by 12?,arithmetic,preamble,distressed_md,0.02,0.922,,,0.85,1.0,0,1,0,0,0.0,0.0,15
A,p2_0644,What is 6.4 multiplied by 12?,arithmetic,preamble,distressed_md,0.04,1.844,,,0.85,1.0,0,1,0,0,0.0,0.0,16
A,p2_0644,What is 6.4 multiplied by 12?,arithmetic,preamble,distressed_md,0.06,2.766,,,1.36,0.0,1,1,0,0,0.0,0.0,28
A,p2_0644,What is 6.4 multiplied by 12?,arithmetic,preamble,distressed_md,0.08,3.688,,,0.67,0.0,1,1,0,0,0.0,0.0,12
A,p2_0644,What is 6.4 multiplied by 12?,arithmetic,preamble,distressed_probe,0.02,0.922,,,0.83,1.0,0,0,0,0,0.0,0.0,15
A,p2_0644,What is 6.4 multiplied by 12?,arithmetic,preamble,distressed_probe,0.04,1.844,,,0.82,1.0,0,0,0,0,0.0,0.0,15
A,p2_0644,What is 6.4 multiplied by 12?,arithmetic,preamble,distressed_probe,0.06,2.766,,,1.4,1.0,0,0,0,0,0.0,0.0,29
A,p2_0644,What is 6.4 multiplied by 12?,arithmetic,preamble,distressed_probe,0.08,3.688,,,1.49,0.0,0,0,0,0,0.0,0.0,31
A,p2_0644,What is 6.4 multiplied by 12?,arithmetic,preamble,frustrated_md,0.02,0.922,,,0.37,1.0,0,0,0,0,0.0,0.0,5
A,p2_0644,What is 6.4 multiplied by 12?,arithmetic,preamble,frustrated_md,0.04,1.844,,,0.37,1.0,0,0,0,0,0.0,0.0,5
A,p2_0644,What is 6.4 multiplied by 12?,arithmetic,preamble,frustrated_md,0.06,2.766,,,0.37,1.0,0,0,0,0,0.0,0.0,5
A,p2_0644,What is 6.4 multiplied by 12?,arithmetic,preamble,frustrated_md,0.08,3.688,,,0.54,0.0,1,1,0,0,0.0,0.0,9
A,p2_0644,What is 6.4 multiplied by 12?,arithmetic,preamble,positive_md,0.02,0.922,,,1.05,1.0,0,0,0,0,0.0,0.0,21
A,p2_0644,What is 6.4 multiplied by 12?,arithmetic,preamble,positive_md,0.04,1.844,,,1.35,1.0,0,0,0,0,0.0,0.0,28
A,p2_0644,What is 6.4 multiplied by 12?,arithmetic,preamble,positive_md,0.06,2.766,,,1.23,1.0,0,0,0,0,0.0,0.0,25
A,p2_0644,What is 6.4 multiplied by 12?,arithmetic,preamble,positive_md,0.08,3.688,,,6.44,0.0,0,0,0,1,0.634,0.01,89
A,p2_0644,What is 6.4 multiplied by 12?,arithmetic,preamble,third_party_md,0.02,0.922,,,0.8,1.0,0,0,0,0,0.0,0.0,15
A,p2_0644,What is 6.4 multiplied by 12?,arithmetic,preamble,third_party_md,0.04,1.844,,,1.45,1.0,0,0,0,0,0.0,0.0,29
A,p2_0644,What is 6.4 multiplied by 12?,arithmetic,preamble,third_party_md,0.06,2.766,,,1.78,0.0,1,1,1,0,0.0,0.0,37
A,p2_0644,What is 6.4 multiplied by 12?,arithmetic,preamble,third_party_md,0.08,3.688,,,1.79,0.0,0,0,1,0,0.0,0.0,37
A,p2_0644,What is 6.4 multiplied by 12?,arithmetic,preamble,unrelated_coding_probe,0.02,0.922,,,0.83,1.0,0,0,0,0,0.0,0.0,15
A,p2_0644,What is 6.4 multiplied by 12?,arithmetic,preamble,unrelated_coding_probe,0.04,1.844,,,0.82,1.0,0,0,0,0,0.0,0.0,15
A,p2_0644,What is 6.4 multiplied by 12?,arithmetic,preamble,unrelated_coding_probe,0.06,2.766,,,0.83,1.0,0,0,0,0,0.0,0.0,15
A,p2_0644,What is 6.4 multiplied by 12?,arithmetic,preamble,unrelated_coding_probe,0.08,3.688,,,1.93,1.0,0,0,0,0,0.0,0.0,39
A,p2_0644,What is 6.4 multiplied by 12?,arithmetic,preamble,random,0.02,0.922,,,0.83,1.0,0,0,0,0,0.0,0.0,15
A,p2_0644,What is 6.4 multiplied by 12?,arithmetic,preamble,random,0.04,1.844,,,0.87,1.0,0,0,0,0,0.0,0.0,15
A,p2_0644,What is 6.4 multiplied by 12?,arithmetic,preamble,random,0.06,2.766,,,0.83,1.0,0,0,0,0,0.0,0.0,15
A,p2_0644,What is 6.4 multiplied by 12?,arithmetic,preamble,random,0.08,3.688,,,0.84,1.0,0,0,0,0,0.0,0.0,15
A,p2_0648,What is the capital of Canada?,factual,preamble,none,0,0.0,,,0.95,1.0,0,0,0,0,0.0,0.0,16
A,p2_0648,What is the capital of Canada?,factual,preamble,distressed_md,0.02,0.93,,,0.47,1.0,0,0,0,0,0.0,0.0,7
A,p2_0648,What is the capital of Canada?,factual,preamble,distressed_md,0.04,1.86,,,1.39,1.0,0,1,0,0,0.0,0.0,28
A,p2_0648,What is the capital of Canada?,factual,preamble,distressed_md,0.06,2.789,,,1.09,1.0,0,1,0,0,0.0,0.0,21
A,p2_0648,What is the capital of Canada?,factual,preamble,distressed_md,0.08,3.719,,,1.06,0.0,0,1,0,0,0.0,0.0,20
A,p2_0648,What is the capital of Canada?,factual,preamble,distressed_probe,0.02,0.93,,,0.88,1.0,0,0,0,0,0.0,0.0,16
A,p2_0648,What is the capital of Canada?,factual,preamble,distressed_probe,0.04,1.86,,,0.88,1.0,0,0,0,0,0.0,0.0,16
A,p2_0648,What is the capital of Canada?,factual,preamble,distressed_probe,0.06,2.789,,,1.45,1.0,0,0,0,0,0.0,0.0,29
A,p2_0648,What is the capital of Canada?,factual,preamble,distressed_probe,0.08,3.719,,,1.32,1.0,0,0,0,0,0.048,0.0,26
A,p2_0648,What is the capital of Canada?,factual,preamble,frustrated_md,0.02,0.93,,,0.48,1.0,0,0,0,0,0.0,0.0,7
A,p2_0648,What is the capital of Canada?,factual,preamble,frustrated_md,0.04,1.86,,,0.37,1.0,0,0,0,0,0.0,0.0,4
A,p2_0648,What is the capital of Canada?,factual,preamble,frustrated_md,0.06,2.789,,,0.35,1.0,0,0,0,0,0.0,0.0,4
A,p2_0648,What is the capital of Canada?,factual,preamble,frustrated_md,0.08,3.719,,,6.79,0.0,0,1,0,1,0.821,0.0,77
A,p2_0648,What is the capital of Canada?,factual,preamble,positive_md,0.02,0.93,,,1.26,1.0,0,0,0,0,0.0,0.0,25
A,p2_0648,What is the capital of Canada?,factual,preamble,positive_md,0.04,1.86,,,0.77,1.0,0,0,0,0,0.0,0.0,14
A,p2_0648,What is the capital of Canada?,factual,preamble,positive_md,0.06,2.789,,,0.79,1.0,0,0,0,0,0.0,0.0,14
A,p2_0648,What is the capital of Canada?,factual,preamble,positive_md,0.08,3.719,,,1.15,0.0,0,0,0,0,0.083,0.0,21
A,p2_0648,What is the capital of Canada?,factual,preamble,third_party_md,0.02,0.93,,,0.48,1.0,0,0,0,0,0.0,0.0,7
A,p2_0648,What is the capital of Canada?,factual,preamble,third_party_md,0.04,1.86,,,0.99,1.0,0,0,0,0,0.0,0.0,19
A,p2_0648,What is the capital of Canada?,factual,preamble,third_party_md,0.06,2.789,,,2.07,0.0,1,0,1,0,0.0,0.0,43
A,p2_0648,What is the capital of Canada?,factual,preamble,third_party_md,0.08,3.719,,,1.62,0.0,0,0,1,0,0.0,0.0,32
A,p2_0648,What is the capital of Canada?,factual,preamble,unrelated_coding_probe,0.02,0.93,,,0.88,1.0,0,0,0,0,0.0,0.0,16
A,p2_0648,What is the capital of Canada?,factual,preamble,unrelated_coding_probe,0.04,1.86,,,0.87,1.0,0,0,0,0,0.0,0.0,16
A,p2_0648,What is the capital of Canada?,factual,preamble,unrelated_coding_probe,0.06,2.789,,,0.88,1.0,0,0,0,0,0.0,0.0,16
A,p2_0648,What is the capital of Canada?,factual,preamble,unrelated_coding_probe,0.08,3.719,,,0.88,1.0,0,0,0,0,0.0,0.0,16
A,p2_0648,What is the capital of Canada?,factual,preamble,random,0.02,0.93,,,0.88,1.0,0,0,0,0,0.0,0.0,16
A,p2_0648,What is the capital of Canada?,factual,preamble,random,0.04,1.86,,,1.35,1.0,0,0,0,0,0.0,0.0,27
A,p2_0648,What is the capital of Canada?,factual,preamble,random,0.06,2.789,,,1.35,1.0,0,0,0,0,0.0,0.0,27
A,p2_0648,What is the capital of Canada?,factual,preamble,random,0.08,3.719,,,1.63,1.0,0,0,0,0,0.042,0.0,33
A,p2_0654,What is the largest ocean on Earth?,factual,preamble,none,0,0.0,,,1.63,1.0,0,0,0,0,0.0,0.0,33
A,p2_0654,What is the largest ocean on Earth?,factual,preamble,distressed_md,0.02,0.932,,,1.66,1.0,0,0,0,0,0.0,0.0,33
A,p2_0654,What is the largest ocean on Earth?,factual,preamble,distressed_md,0.04,1.865,,,1.43,1.0,0,1,0,0,0.0,0.0,29
A,p2_0654,What is the largest ocean on Earth?,factual,preamble,distressed_md,0.06,2.797,,,1.34,1.0,0,1,0,0,0.0,0.0,27
A,p2_0654,What is the largest ocean on Earth?,factual,preamble,distressed_md,0.08,3.729,,,1.1,1.0,0,1,0,0,0.0,0.0,21
A,p2_0654,What is the largest ocean on Earth?,factual,preamble,distressed_probe,0.02,0.932,,,1.64,1.0,0,0,0,0,0.0,0.0,33
A,p2_0654,What is the largest ocean on Earth?,factual,preamble,distressed_probe,0.04,1.865,,,1.67,1.0,0,0,0,0,0.0,0.0,34
A,p2_0654,What is the largest ocean on Earth?,factual,preamble,distressed_probe,0.06,2.797,,,2.33,1.0,0,0,0,0,0.0,0.0,49
A,p2_0654,What is the largest ocean on Earth?,factual,preamble,distressed_probe,0.08,3.729,,,3.15,1.0,0,0,0,0,0.0,0.0,67
A,p2_0654,What is the largest ocean on Earth?,factual,preamble,frustrated_md,0.02,0.932,,,1.64,1.0,0,0,0,0,0.0,0.0,33
A,p2_0654,What is the largest ocean on Earth?,factual,preamble,frustrated_md,0.04,1.865,,,0.6,1.0,0,0,0,0,0.0,0.0,10
A,p2_0654,What is the largest ocean on Earth?,factual,preamble,frustrated_md,0.06,2.797,,,0.33,1.0,0,0,0,0,0.0,0.0,4
A,p2_0654,What is the largest ocean on Earth?,factual,preamble,frustrated_md,0.08,3.729,,,6.6,0.0,0,0,0,1,0.775,0.0,80
A,p2_0654,What is the largest ocean on Earth?,factual,preamble,positive_md,0.02,0.932,,,1.57,1.0,0,0,0,0,0.0,0.0,33
A,p2_0654,What is the largest ocean on Earth?,factual,preamble,positive_md,0.04,1.865,,,1.28,1.0,0,1,0,0,0.0,0.0,26
A,p2_0654,What is the largest ocean on Earth?,factual,preamble,positive_md,0.06,2.797,,,1.12,1.0,0,1,0,0,0.0,0.0,22
A,p2_0654,What is the largest ocean on Earth?,factual,preamble,positive_md,0.08,3.729,,,6.63,0.0,0,0,0,0,0.167,0.029,42
A,p2_0654,What is the largest ocean on Earth?,factual,preamble,third_party_md,0.02,0.932,,,1.55,1.0,0,0,0,0,0.0,0.0,32
A,p2_0654,What is the largest ocean on Earth?,factual,preamble,third_party_md,0.04,1.865,,,1.49,1.0,0,0,0,0,0.0,0.0,30
A,p2_0654,What is the largest ocean on Earth?,factual,preamble,third_party_md,0.06,2.797,,,1.41,1.0,0,0,1,0,0.0,0.0,28
A,p2_0654,What is the largest ocean on Earth?,factual,preamble,third_party_md,0.08,3.729,,,1.69,0.0,0,0,1,0,0.0,0.0,33
A,p2_0654,What is the largest ocean on Earth?,factual,preamble,unrelated_coding_probe,0.02,0.932,,,1.68,1.0,0,0,0,0,0.0,0.0,32
A,p2_0654,What is the largest ocean on Earth?,factual,preamble,unrelated_coding_probe,0.04,1.865,,,1.82,1.0,0,0,0,0,0.0,0.0,36
A,p2_0654,What is the largest ocean on Earth?,factual,preamble,unrelated_coding_probe,0.06,2.797,,,1.75,1.0,0,0,0,0,0.0,0.0,36
A,p2_0654,What is the largest ocean on Earth?,factual,preamble,unrelated_coding_probe,0.08,3.729,,,2.02,1.0,0,0,0,0,0.0,0.0,42
A,p2_0654,What is the largest ocean on Earth?,factual,preamble,random,0.02,0.932,,,1.65,1.0,0,0,0,0,0.0,0.0,33
A,p2_0654,What is the largest ocean on Earth?,factual,preamble,random,0.04,1.865,,,1.61,1.0,0,0,0,0,0.0,0.0,33
A,p2_0654,What is the largest ocean on Earth?,factual,preamble,random,0.06,2.797,,,1.6,1.0,0,0,0,0,0.0,0.0,33
A,p2_0654,What is the largest ocean on Earth?,factual,preamble,random,0.08,3.729,,,2.06,1.0,0,0,0,0,0.0,0.0,43
A,p2_0655,What language has the most native speakers?,factual,preamble,none,0,0.0,,,1.54,1.0,0,0,0,0,0.0,0.0,28
A,p2_0655,What language has the most native speakers?,factual,preamble,distressed_md,0.02,0.928,,,1.52,1.0,0,0,0,0,0.0,0.0,31
A,p2_0655,What language has the most native speakers?,factual,preamble,distressed_md,0.04,1.856,,,0.99,1.0,0,1,0,0,0.0,0.0,19
A,p2_0655,What language has the most native speakers?,factual,preamble,distressed_md,0.06,2.784,,,1.0,1.0,0,1,0,0,0.0,0.0,19
A,p2_0655,What language has the most native speakers?,factual,preamble,distressed_md,0.08,3.712,,,0.92,0.0,0,1,0,0,0.0,0.0,17
A,p2_0655,What language has the most native speakers?,factual,preamble,distressed_probe,0.02,0.928,,,1.51,1.0,0,0,0,0,0.0,0.0,31
A,p2_0655,What language has the most native speakers?,factual,preamble,distressed_probe,0.04,1.856,,,2.23,1.0,0,0,0,0,0.0,0.0,46
A,p2_0655,What language has the most native speakers?,factual,preamble,distressed_probe,0.06,2.784,,,1.93,1.0,0,0,0,0,0.0,0.0,40
A,p2_0655,What language has the most native speakers?,factual,preamble,distressed_probe,0.08,3.712,,,2.29,1.0,0,0,0,0,0.0,0.0,48
A,p2_0655,What language has the most native speakers?,factual,preamble,frustrated_md,0.02,0.928,,,0.96,1.0,0,0,0,0,0.0,0.0,18
A,p2_0655,What language has the most native speakers?,factual,preamble,frustrated_md,0.04,1.856,,,0.6,1.0,0,0,0,0,0.0,0.0,10
A,p2_0655,What language has the most native speakers?,factual,preamble,frustrated_md,0.06,2.784,,,6.62,1.0,0,1,0,1,0.802,0.0,136
A,p2_0655,What language has the most native speakers?,factual,preamble,frustrated_md,0.08,3.712,,,6.73,0.0,0,1,0,1,0.551,0.0,86
A,p2_0655,What language has the most native speakers?,factual,preamble,positive_md,0.02,0.928,,,1.39,1.0,0,0,0,0,0.0,0.0,27
A,p2_0655,What language has the most native speakers?,factual,preamble,positive_md,0.04,1.856,,,1.01,1.0,0,0,0,0,0.0,0.0,18
A,p2_0655,What language has the most native speakers?,factual,preamble,positive_md,0.06,2.784,,,1.35,1.0,0,0,0,0,0.0,0.0,27
A,p2_0655,What language has the most native speakers?,factual,preamble,positive_md,0.08,3.712,,,6.53,0.0,0,0,0,1,0.69,0.009,84
A,p2_0655,What language has the most native speakers?,factual,preamble,third_party_md,0.02,0.928,,,1.07,1.0,0,0,0,0,0.0,0.0,21
A,p2_0655,What language has the most native speakers?,factual,preamble,third_party_md,0.04,1.856,,,1.15,1.0,0,1,0,0,0.0,0.0,23
A,p2_0655,What language has the most native speakers?,factual,preamble,third_party_md,0.06,2.784,,,2.03,0.0,1,0,1,0,0.0,0.0,43
A,p2_0655,What language has the most native speakers?,factual,preamble,third_party_md,0.08,3.712,,,1.84,0.0,1,0,1,0,0.0,0.0,38
A,p2_0655,What language has the most native speakers?,factual,preamble,unrelated_coding_probe,0.02,0.928,,,1.27,1.0,0,0,0,0,0.0,0.0,26
A,p2_0655,What language has the most native speakers?,factual,preamble,unrelated_coding_probe,0.04,1.856,,,1.5,1.0,0,0,0,0,0.0,0.0,31
A,p2_0655,What language has the most native speakers?,factual,preamble,unrelated_coding_probe,0.06,2.784,,,1.7,1.0,0,0,0,0,0.0,0.0,35
A,p2_0655,What language has the most native speakers?,factual,preamble,unrelated_coding_probe,0.08,3.712,,,1.33,0.0,0,0,0,0,0.0,0.0,27
A,p2_0655,What language has the most native speakers?,factual,preamble,random,0.02,0.928,,,2.31,1.0,0,0,0,0,0.0,0.0,50
A,p2_0655,What language has the most native speakers?,factual,preamble,random,0.04,1.856,,,2.2,1.0,0,0,0,0,0.0,0.0,47
A,p2_0655,What language has the most native speakers?,factual,preamble,random,0.06,2.784,,,2.2,1.0,0,0,0,0,0.0,0.0,47
A,p2_0655,What language has the most native speakers?,factual,preamble,random,0.08,3.712,,,2.08,1.0,0,0,0,0,0.0,0.0,44
A,p2_0657,What is the boiling point of water in Celsius at sea level?,factual,preamble,none,0,0.0,,,1.51,1.0,0,0,0,0,0.0,0.0,29
A,p2_0657,What is the boiling point of water in Celsius at sea level?,factual,preamble,distressed_md,0.02,0.931,,,0.89,1.0,0,0,0,0,0.0,0.0,16
A,p2_0657,What is the boiling point of water in Celsius at sea level?,factual,preamble,distressed_md,0.04,1.862,,,1.09,1.0,0,1,0,0,0.0,0.0,22
A,p2_0657,What is the boiling point of water in Celsius at sea level?,factual,preamble,distressed_md,0.06,2.794,,,0.98,1.0,0,1,0,0,0.0,0.0,19
A,p2_0657,What is the boiling point of water in Celsius at sea level?,factual,preamble,distressed_md,0.08,3.725,,,0.99,0.0,0,1,0,0,0.0,0.0,19
A,p2_0657,What is the boiling point of water in Celsius at sea level?,factual,preamble,distressed_probe,0.02,0.931,,,1.42,1.0,0,0,0,0,0.0,0.0,29
A,p2_0657,What is the boiling point of water in Celsius at sea level?,factual,preamble,distressed_probe,0.04,1.862,,,1.39,1.0,0,0,0,0,0.0,0.0,29
A,p2_0657,What is the boiling point of water in Celsius at sea level?,factual,preamble,distressed_probe,0.06,2.794,,,1.45,1.0,0,0,0,0,0.0,0.0,29
A,p2_0657,What is the boiling point of water in Celsius at sea level?,factual,preamble,distressed_probe,0.08,3.725,,,1.76,1.0,0,0,0,0,0.0,0.0,37
A,p2_0657,What is the boiling point of water in Celsius at sea level?,factual,preamble,frustrated_md,0.02,0.931,,,1.32,1.0,0,0,0,0,0.0,0.0,27
A,p2_0657,What is the boiling point of water in Celsius at sea level?,factual,preamble,frustrated_md,0.04,1.862,,,0.37,1.0,0,0,0,0,0.0,0.0,5
A,p2_0657,What is the boiling point of water in Celsius at sea level?,factual,preamble,frustrated_md,0.06,2.794,,,0.37,1.0,0,0,0,0,0.0,0.0,5
A,p2_0657,What is the boiling point of water in Celsius at sea level?,factual,preamble,frustrated_md,0.08,3.725,,,6.47,0.0,0,0,0,1,0.943,0.0,76
A,p2_0657,What is the boiling point of water in Celsius at sea level?,factual,preamble,positive_md,0.02,0.931,,,0.8,1.0,0,0,0,0,0.0,0.0,15
A,p2_0657,What is the boiling point of water in Celsius at sea level?,factual,preamble,positive_md,0.04,1.862,,,1.06,1.0,0,0,0,0,0.0,0.0,21
A,p2_0657,What is the boiling point of water in Celsius at sea level?,factual,preamble,positive_md,0.06,2.794,,,1.07,1.0,0,1,0,0,0.0,0.0,21
A,p2_0657,What is the boiling point of water in Celsius at sea level?,factual,preamble,positive_md,0.08,3.725,,,1.06,0.0,0,0,0,0,0.0,0.028,21
A,p2_0657,What is the boiling point of water in Celsius at sea level?,factual,preamble,third_party_md,0.02,0.931,,,1.37,1.0,0,0,0,0,0.0,0.0,27
A,p2_0657,What is the boiling point of water in Celsius at sea level?,factual,preamble,third_party_md,0.04,1.862,,,1.5,1.0,0,0,0,0,0.0,0.0,30
A,p2_0657,What is the boiling point of water in Celsius at sea level?,factual,preamble,third_party_md,0.06,2.794,,,1.61,1.0,0,0,1,0,0.0,0.0,34
A,p2_0657,What is the boiling point of water in Celsius at sea level?,factual,preamble,third_party_md,0.08,3.725,,,1.87,0.0,0,0,1,0,0.0,0.0,40
A,p2_0657,What is the boiling point of water in Celsius at sea level?,factual,preamble,unrelated_coding_probe,0.02,0.931,,,1.41,1.0,0,0,0,0,0.0,0.0,29
A,p2_0657,What is the boiling point of water in Celsius at sea level?,factual,preamble,unrelated_coding_probe,0.04,1.862,,,0.81,1.0,0,0,0,0,0.0,0.0,15
A,p2_0657,What is the boiling point of water in Celsius at sea level?,factual,preamble,unrelated_coding_probe,0.06,2.794,,,0.81,1.0,0,0,0,0,0.0,0.0,15
A,p2_0657,What is the boiling point of water in Celsius at sea level?,factual,preamble,unrelated_coding_probe,0.08,3.725,,,2.96,1.0,0,0,0,0,0.0,0.0,65
A,p2_0657,What is the boiling point of water in Celsius at sea level?,factual,preamble,random,0.02,0.931,,,1.44,1.0,0,0,0,0,0.0,0.0,29
A,p2_0657,What is the boiling point of water in Celsius at sea level?,factual,preamble,random,0.04,1.862,,,1.28,1.0,0,1,0,0,0.0,0.0,26
A,p2_0657,What is the boiling point of water in Celsius at sea level?,factual,preamble,random,0.06,2.794,,,2.1,1.0,0,1,0,0,0.0,0.0,45
A,p2_0657,What is the boiling point of water in Celsius at sea level?,factual,preamble,random,0.08,3.725,,,1.63,1.0,0,1,0,0,0.0,0.0,34
A,p2_0665,Which element has atomic number 1?,factual,preamble,none,0,0.0,,,1.21,1.0,0,0,0,0,0.0,0.0,23
A,p2_0665,Which element has atomic number 1?,factual,preamble,distressed_md,0.02,0.928,,,1.21,1.0,0,0,0,0,0.0,0.0,24
A,p2_0665,Which element has atomic number 1?,factual,preamble,distressed_md,0.04,1.856,,,1.19,1.0,0,1,0,0,0.0,0.0,24
A,p2_0665,Which element has atomic number 1?,factual,preamble,distressed_md,0.06,2.783,,,0.98,1.0,0,1,0,0,0.0,0.0,19
A,p2_0665,Which element has atomic number 1?,factual,preamble,distressed_md,0.08,3.711,,,1.16,0.0,0,1,0,0,0.0,0.0,23
A,p2_0665,Which element has atomic number 1?,factual,preamble,distressed_probe,0.02,0.928,,,1.14,1.0,0,0,0,0,0.0,0.0,23
A,p2_0665,Which element has atomic number 1?,factual,preamble,distressed_probe,0.04,1.856,,,1.14,1.0,0,0,0,0,0.0,0.0,23
A,p2_0665,Which element has atomic number 1?,factual,preamble,distressed_probe,0.06,2.783,,,1.15,1.0,0,0,0,0,0.0,0.0,23
A,p2_0665,Which element has atomic number 1?,factual,preamble,distressed_probe,0.08,3.711,,,1.11,1.0,0,0,0,0,0.0,0.0,22
A,p2_0665,Which element has atomic number 1?,factual,preamble,frustrated_md,0.02,0.928,,,1.21,1.0,0,0,0,0,0.0,0.0,24
A,p2_0665,Which element has atomic number 1?,factual,preamble,frustrated_md,0.04,1.856,,,0.34,1.0,0,0,0,0,0.0,0.0,4
A,p2_0665,Which element has atomic number 1?,factual,preamble,frustrated_md,0.06,2.783,,,0.35,1.0,0,0,0,0,0.0,0.0,4
A,p2_0665,Which element has atomic number 1?,factual,preamble,frustrated_md,0.08,3.711,,,6.61,0.0,0,0,0,1,0.816,0.0,80
A,p2_0665,Which element has atomic number 1?,factual,preamble,positive_md,0.02,0.928,,,1.16,1.0,0,0,0,0,0.0,0.0,23
A,p2_0665,Which element has atomic number 1?,factual,preamble,positive_md,0.04,1.856,,,0.72,1.0,0,0,0,0,0.0,0.0,13
A,p2_0665,Which element has atomic number 1?,factual,preamble,positive_md,0.06,2.783,,,6.55,1.0,0,0,0,0,0.0,0.0,24
A,p2_0665,Which element has atomic number 1?,factual,preamble,positive_md,0.08,3.711,,,1.0,0.0,0,0,0,0,0.0,0.059,19
A,p2_0665,Which element has atomic number 1?,factual,preamble,third_party_md,0.02,0.928,,,1.14,1.0,0,0,0,0,0.0,0.0,23
A,p2_0665,Which element has atomic number 1?,factual,preamble,third_party_md,0.04,1.856,,,1.18,1.0,0,1,0,0,0.0,0.0,24
A,p2_0665,Which element has atomic number 1?,factual,preamble,third_party_md,0.06,2.783,,,1.66,0.0,1,1,1,0,0.0,0.0,35
A,p2_0665,Which element has atomic number 1?,factual,preamble,third_party_md,0.08,3.711,,,1.57,0.0,0,1,1,0,0.0,0.0,33
A,p2_0665,Which element has atomic number 1?,factual,preamble,unrelated_coding_probe,0.02,0.928,,,1.14,1.0,0,0,0,0,0.0,0.0,23
A,p2_0665,Which element has atomic number 1?,factual,preamble,unrelated_coding_probe,0.04,1.856,,,1.14,1.0,0,0,0,0,0.0,0.0,23
A,p2_0665,Which element has atomic number 1?,factual,preamble,unrelated_coding_probe,0.06,2.783,,,1.15,1.0,0,0,0,0,0.0,0.0,23
A,p2_0665,Which element has atomic number 1?,factual,preamble,unrelated_coding_probe,0.08,3.711,,,1.45,1.0,0,0,0,0,0.0,0.0,30
A,p2_0665,Which element has atomic number 1?,factual,preamble,random,0.02,0.928,,,1.14,1.0,0,0,0,0,0.0,0.0,23
A,p2_0665,Which element has atomic number 1?,factual,preamble,random,0.04,1.856,,,1.1,1.0,0,0,0,0,0.0,0.0,22
A,p2_0665,Which element has atomic number 1?,factual,preamble,random,0.06,2.783,,,1.12,1.0,0,0,0,0,0.0,0.0,22
A,p2_0665,Which element has atomic number 1?,factual,preamble,random,0.08,3.711,,,1.13,1.0,0,0,0,0,0.0,0.0,22
A,p2_0673,Is it true that lightning never strikes the same place twice?,false_premise,preamble,none,0,0.0,,,2.44,1.0,0,0,0,0,0.0,0.0,52
A,p2_0673,Is it true that lightning never strikes the same place twice?,false_premise,preamble,distressed_md,0.02,0.997,,,2.15,1.0,0,0,0,0,0.0,0.0,46
A,p2_0673,Is it true that lightning never strikes the same place twice?,false_premise,preamble,distressed_md,0.04,1.993,,,2.67,1.0,0,0,0,0,0.0,0.0,57
A,p2_0673,Is it true that lightning never strikes the same place twice?,false_premise,preamble,distressed_md,0.06,2.99,,,2.43,0.0,1,1,1,0,0.0,0.0,51
A,p2_0673,Is it true that lightning never strikes the same place twice?,false_premise,preamble,distressed_md,0.08,3.987,,,1.32,0.0,0,1,0,0,0.0,0.0,26
A,p2_0673,Is it true that lightning never strikes the same place twice?,false_premise,preamble,distressed_probe,0.02,0.997,,,2.29,1.0,0,0,0,0,0.0,0.0,48
A,p2_0673,Is it true that lightning never strikes the same place twice?,false_premise,preamble,distressed_probe,0.04,1.993,,,3.24,1.0,0,0,0,0,0.0,0.0,68
A,p2_0673,Is it true that lightning never strikes the same place twice?,false_premise,preamble,distressed_probe,0.06,2.99,,,2.71,1.0,0,0,0,0,0.022,0.0,57
A,p2_0673,Is it true that lightning never strikes the same place twice?,false_premise,preamble,distressed_probe,0.08,3.987,,,4.47,1.0,0,0,0,0,0.036,0.0,96
A,p2_0673,Is it true that lightning never strikes the same place twice?,false_premise,preamble,frustrated_md,0.02,0.997,,,1.66,1.0,0,0,0,0,0.0,0.0,33
A,p2_0673,Is it true that lightning never strikes the same place twice?,false_premise,preamble,frustrated_md,0.04,1.993,,,2.01,1.0,0,0,0,0,0.0,0.0,41
A,p2_0673,Is it true that lightning never strikes the same place twice?,false_premise,preamble,frustrated_md,0.06,2.99,,,0.73,0.0,0,0,0,0,0.0,0.0,13
A,p2_0673,Is it true that lightning never strikes the same place twice?,false_premise,preamble,frustrated_md,0.08,3.987,,,6.67,0.0,0,1,0,1,0.8,0.0,79
A,p2_0673,Is it true that lightning never strikes the same place twice?,false_premise,preamble,positive_md,0.02,0.997,,,2.3,1.0,0,0,0,0,0.0,0.0,48
A,p2_0673,Is it true that lightning never strikes the same place twice?,false_premise,preamble,positive_md,0.04,1.993,,,2.14,1.0,0,1,0,0,0.0,0.0,45
A,p2_0673,Is it true that lightning never strikes the same place twice?,false_premise,preamble,positive_md,0.06,2.99,,,1.37,0.0,0,0,0,0,0.0,0.0,27
A,p2_0673,Is it true that lightning never strikes the same place twice?,false_premise,preamble,positive_md,0.08,3.987,,,1.15,0.0,0,0,0,0,0.0,0.041,22
A,p2_0673,Is it true that lightning never strikes the same place twice?,false_premise,preamble,third_party_md,0.02,0.997,,,3.19,1.0,0,0,0,0,0.017,0.0,69
A,p2_0673,Is it true that lightning never strikes the same place twice?,false_premise,preamble,third_party_md,0.04,1.993,,,1.82,1.0,0,0,0,0,0.0,0.0,38
A,p2_0673,Is it true that lightning never strikes the same place twice?,false_premise,preamble,third_party_md,0.06,2.99,,,2.45,1.0,0,0,1,0,0.0,0.0,53
A,p2_0673,Is it true that lightning never strikes the same place twice?,false_premise,preamble,third_party_md,0.08,3.987,,,1.46,0.0,0,0,1,0,0.0,0.0,30
A,p2_0673,Is it true that lightning never strikes the same place twice?,false_premise,preamble,unrelated_coding_probe,0.02,0.997,,,2.32,1.0,0,0,0,0,0.0,0.0,50
A,p2_0673,Is it true that lightning never strikes the same place twice?,false_premise,preamble,unrelated_coding_probe,0.04,1.993,,,2.24,1.0,0,1,0,0,0.0,0.0,48
A,p2_0673,Is it true that lightning never strikes the same place twice?,false_premise,preamble,unrelated_coding_probe,0.06,2.99,,,1.82,1.0,0,1,0,0,0.0,0.0,38
A,p2_0673,Is it true that lightning never strikes the same place twice?,false_premise,preamble,unrelated_coding_probe,0.08,3.987,,,2.8,1.0,0,0,0,0,0.094,0.0,60
A,p2_0673,Is it true that lightning never strikes the same place twice?,false_premise,preamble,random,0.02,0.997,,,2.45,1.0,0,0,0,0,0.0,0.0,51
A,p2_0673,Is it true that lightning never strikes the same place twice?,false_premise,preamble,random,0.04,1.993,,,2.66,1.0,0,0,0,0,0.024,0.0,56
A,p2_0673,Is it true that lightning never strikes the same place twice?,false_premise,preamble,random,0.06,2.99,,,3.17,1.0,0,0,0,0,0.02,0.0,67
A,p2_0673,Is it true that lightning never strikes the same place twice?,false_premise,preamble,random,0.08,3.987,,,3.24,1.0,0,0,0,0,0.0,0.0,67
A,p2_0675,Is it true that humans have only five senses?,false_premise,preamble,none,0,0.0,,,3.09,1.0,0,0,0,0,0.0,0.0,63
A,p2_0675,Is it true that humans have only five senses?,false_premise,preamble,distressed_md,0.02,1.01,,,3.41,1.0,0,0,0,0,0.0,0.0,71
A,p2_0675,Is it true that humans have only five senses?,false_premise,preamble,distressed_md,0.04,2.02,,,2.42,1.0,0,1,0,0,0.0,0.0,51
A,p2_0675,Is it true that humans have only five senses?,false_premise,preamble,distressed_md,0.06,3.03,,,1.5,0.0,1,1,0,0,0.0,0.0,29
A,p2_0675,Is it true that humans have only five senses?,false_premise,preamble,distressed_md,0.08,4.04,,,1.39,0.0,0,1,0,0,0.0,0.0,27
A,p2_0675,Is it true that humans have only five senses?,false_premise,preamble,distressed_probe,0.02,1.01,,,2.43,1.0,0,0,0,0,0.0,0.0,50
A,p2_0675,Is it true that humans have only five senses?,false_premise,preamble,distressed_probe,0.04,2.02,,,3.84,1.0,0,0,0,0,0.031,0.0,84
A,p2_0675,Is it true that humans have only five senses?,false_premise,preamble,distressed_probe,0.06,3.03,,,3.77,1.0,0,1,0,0,0.0,0.0,79
A,p2_0675,Is it true that humans have only five senses?,false_premise,preamble,distressed_probe,0.08,4.04,,,4.34,0.0,0,1,0,0,0.075,0.0,92
A,p2_0675,Is it true that humans have only five senses?,false_premise,preamble,frustrated_md,0.02,1.01,,,2.81,1.0,0,0,0,0,0.0,0.0,57
A,p2_0675,Is it true that humans have only five senses?,false_premise,preamble,frustrated_md,0.04,2.02,,,2.03,1.0,0,0,0,0,0.0,0.0,41
A,p2_0675,Is it true that humans have only five senses?,false_premise,preamble,frustrated_md,0.06,3.03,,,0.58,1.0,0,0,0,0,0.0,0.0,9
A,p2_0675,Is it true that humans have only five senses?,false_premise,preamble,frustrated_md,0.08,4.04,,,7.01,0.0,0,1,0,1,0.8,0.0,79
A,p2_0675,Is it true that humans have only five senses?,false_premise,preamble,positive_md,0.02,1.01,,,2.94,1.0,0,0,0,0,0.0,0.0,61
A,p2_0675,Is it true that humans have only five senses?,false_premise,preamble,positive_md,0.04,2.02,,,1.67,0.0,0,1,0,0,0.0,0.0,33
A,p2_0675,Is it true that humans have only five senses?,false_premise,preamble,positive_md,0.06,3.03,,,1.67,0.0,0,0,0,0,0.0,0.015,33
A,p2_0675,Is it true that humans have only five senses?,false_premise,preamble,positive_md,0.08,4.04,,,6.98,0.0,0,0,0,0,0.0,0.083,19
A,p2_0675,Is it true that humans have only five senses?,false_premise,preamble,third_party_md,0.02,1.01,,,2.62,1.0,0,0,0,0,0.0,0.0,52
A,p2_0675,Is it true that humans have only five senses?,false_premise,preamble,third_party_md,0.04,2.02,,,2.58,1.0,0,1,0,0,0.025,0.0,53
A,p2_0675,Is it true that humans have only five senses?,false_premise,preamble,third_party_md,0.06,3.03,,,1.33,1.0,0,1,1,0,0.0,0.0,26
A,p2_0675,Is it true that humans have only five senses?,false_premise,preamble,third_party_md,0.08,4.04,,,6.69,0.0,1,1,1,0,0.226,0.0,74
A,p2_0675,Is it true that humans have only five senses?,false_premise,preamble,unrelated_coding_probe,0.02,1.01,,,3.06,1.0,0,0,0,0,0.0,0.0,64
A,p2_0675,Is it true that humans have only five senses?,false_premise,preamble,unrelated_coding_probe,0.04,2.02,,,2.53,1.0,0,0,0,0,0.0,0.0,53
A,p2_0675,Is it true that humans have only five senses?,false_premise,preamble,unrelated_coding_probe,0.06,3.03,,,2.66,1.0,0,0,0,0,0.0,0.0,55
A,p2_0675,Is it true that humans have only five senses?,false_premise,preamble,unrelated_coding_probe,0.08,4.04,,,6.65,1.0,0,1,0,1,0.504,0.0,150
A,p2_0675,Is it true that humans have only five senses?,false_premise,preamble,random,0.02,1.01,,,2.92,1.0,0,0,0,0,0.02,0.0,65
A,p2_0675,Is it true that humans have only five senses?,false_premise,preamble,random,0.04,2.02,,,3.4,1.0,0,1,0,0,0.0,0.0,75
A,p2_0675,Is it true that humans have only five senses?,false_premise,preamble,random,0.06,3.03,,,2.49,1.0,0,0,0,0,0.0,0.0,53
A,p2_0675,Is it true that humans have only five senses?,false_premise,preamble,random,0.08,4.04,,,2.96,1.0,0,1,0,0,0.041,0.0,65
A,p2_0684,Is it true that the Great Wall of China was built in a single dynasty?,false_premise,preamble,none,0,0.0,,,2.14,1.0,0,0,0,0,0.0,0.0,46
A,p2_0684,Is it true that the Great Wall of China was built in a single dynasty?,false_premise,preamble,distressed_md,0.02,1.002,,,2.4,1.0,0,0,0,0,0.0,0.0,52
A,p2_0684,Is it true that the Great Wall of China was built in a single dynasty?,false_premise,preamble,distressed_md,0.04,2.003,,,2.21,1.0,0,0,0,0,0.0,0.0,46
A,p2_0684,Is it true that the Great Wall of China was built in a single dynasty?,false_premise,preamble,distressed_md,0.06,3.005,,,2.65,0.0,0,1,0,0,0.0,0.0,57
A,p2_0684,Is it true that the Great Wall of China was built in a single dynasty?,false_premise,preamble,distressed_md,0.08,4.007,,,2.57,0.0,0,1,0,0,0.0,0.0,53
A,p2_0684,Is it true that the Great Wall of China was built in a single dynasty?,false_premise,preamble,distressed_probe,0.02,1.002,,,3.34,1.0,0,0,0,0,0.0,0.0,73
A,p2_0684,Is it true that the Great Wall of China was built in a single dynasty?,false_premise,preamble,distressed_probe,0.04,2.003,,,3.8,1.0,0,0,0,0,0.0,0.0,83
A,p2_0684,Is it true that the Great Wall of China was built in a single dynasty?,false_premise,preamble,distressed_probe,0.06,3.005,,,3.45,1.0,0,0,0,0,0.0,0.0,75
A,p2_0684,Is it true that the Great Wall of China was built in a single dynasty?,false_premise,preamble,distressed_probe,0.08,4.007,,,2.75,1.0,0,0,0,0,0.0,0.0,59
A,p2_0684,Is it true that the Great Wall of China was built in a single dynasty?,false_premise,preamble,frustrated_md,0.02,1.002,,,1.3,1.0,0,0,0,0,0.0,0.0,26
A,p2_0684,Is it true that the Great Wall of China was built in a single dynasty?,false_premise,preamble,frustrated_md,0.04,2.003,,,2.02,1.0,0,0,0,0,0.0,0.0,43
A,p2_0684,Is it true that the Great Wall of China was built in a single dynasty?,false_premise,preamble,frustrated_md,0.06,3.005,,,0.86,1.0,0,0,0,0,0.0,0.0,16
A,p2_0684,Is it true that the Great Wall of China was built in a single dynasty?,false_premise,preamble,frustrated_md,0.08,4.007,,,6.66,0.0,0,1,0,1,0.78,0.0,79
A,p2_0684,Is it true that the Great Wall of China was built in a single dynasty?,false_premise,preamble,positive_md,0.02,1.002,,,2.18,1.0,0,0,0,0,0.0,0.0,47
A,p2_0684,Is it true that the Great Wall of China was built in a single dynasty?,false_premise,preamble,positive_md,0.04,2.003,,,2.05,0.0,0,0,0,0,0.0,0.0,44
A,p2_0684,Is it true that the Great Wall of China was built in a single dynasty?,false_premise,preamble,positive_md,0.06,3.005,,,1.4,0.0,0,0,0,0,0.0,0.0,29
A,p2_0684,Is it true that the Great Wall of China was built in a single dynasty?,false_premise,preamble,positive_md,0.08,4.007,,,1.5,0.0,0,0,0,0,0.0,0.022,26
A,p2_0684,Is it true that the Great Wall of China was built in a single dynasty?,false_premise,preamble,third_party_md,0.02,1.002,,,2.16,1.0,0,0,0,0,0.0,0.0,47
A,p2_0684,Is it true that the Great Wall of China was built in a single dynasty?,false_premise,preamble,third_party_md,0.04,2.003,,,2.59,1.0,0,0,0,0,0.065,0.0,57
A,p2_0684,Is it true that the Great Wall of China was built in a single dynasty?,false_premise,preamble,third_party_md,0.06,3.005,,,3.67,0.0,1,1,1,0,0.014,0.0,82
A,p2_0684,Is it true that the Great Wall of China was built in a single dynasty?,false_premise,preamble,third_party_md,0.08,4.007,,,6.48,0.0,1,0,1,0,0.0,0.0,48
A,p2_0684,Is it true that the Great Wall of China was built in a single dynasty?,false_premise,preamble,unrelated_coding_probe,0.02,1.002,,,1.96,1.0,0,0,0,0,0.0,0.0,42
A,p2_0684,Is it true that the Great Wall of China was built in a single dynasty?,false_premise,preamble,unrelated_coding_probe,0.04,2.003,,,3.47,1.0,0,0,0,0,0.0,0.0,77
A,p2_0684,Is it true that the Great Wall of China was built in a single dynasty?,false_premise,preamble,unrelated_coding_probe,0.06,3.005,,,2.48,1.0,0,0,0,0,0.0,0.0,54
A,p2_0684,Is it true that the Great Wall of China was built in a single dynasty?,false_premise,preamble,unrelated_coding_probe,0.08,4.007,,,2.1,1.0,0,0,0,0,0.0,0.0,45
A,p2_0684,Is it true that the Great Wall of China was built in a single dynasty?,false_premise,preamble,random,0.02,1.002,,,3.26,1.0,0,0,0,0,0.0,0.0,72
A,p2_0684,Is it true that the Great Wall of China was built in a single dynasty?,false_premise,preamble,random,0.04,2.003,,,3.54,1.0,0,0,0,0,0.0,0.0,79
A,p2_0684,Is it true that the Great Wall of China was built in a single dynasty?,false_premise,preamble,random,0.06,3.005,,,2.89,1.0,0,0,0,0,0.0,0.0,63
A,p2_0684,Is it true that the Great Wall of China was built in a single dynasty?,false_premise,preamble,random,0.08,4.007,,,2.57,1.0,0,0,0,0,0.0,0.0,56
A,p2_0688,Is it true that Einstein failed maths at school?,false_premise,preamble,none,0,0.0,,,1.87,1.0,0,0,0,0,0.0,0.0,39
A,p2_0688,Is it true that Einstein failed maths at school?,false_premise,preamble,distressed_md,0.02,0.987,,,2.13,1.0,0,1,0,0,0.0,0.0,45
A,p2_0688,Is it true that Einstein failed maths at school?,false_premise,preamble,distressed_md,0.04,1.973,,,2.23,1.0,0,1,0,0,0.0,0.0,47
A,p2_0688,Is it true that Einstein failed maths at school?,false_premise,preamble,distressed_md,0.06,2.96,,,1.11,0.0,1,1,0,0,0.0,0.0,22
A,p2_0688,Is it true that Einstein failed maths at school?,false_premise,preamble,distressed_md,0.08,3.947,,,1.31,0.0,0,1,0,0,0.0,0.0,27
A,p2_0688,Is it true that Einstein failed maths at school?,false_premise,preamble,distressed_probe,0.02,0.987,,,2.13,1.0,0,1,0,0,0.0,0.0,46
A,p2_0688,Is it true that Einstein failed maths at school?,false_premise,preamble,distressed_probe,0.04,1.973,,,2.93,1.0,0,1,0,0,0.0,0.0,65
A,p2_0688,Is it true that Einstein failed maths at school?,false_premise,preamble,distressed_probe,0.06,2.96,,,2.76,1.0,0,1,1,0,0.0,0.0,61
A,p2_0688,Is it true that Einstein failed maths at school?,false_premise,preamble,distressed_probe,0.08,3.947,,,2.55,1.0,0,1,0,0,0.021,0.0,56
A,p2_0688,Is it true that Einstein failed maths at school?,false_premise,preamble,frustrated_md,0.02,0.987,,,1.83,1.0,0,1,0,0,0.0,0.0,39
A,p2_0688,Is it true that Einstein failed maths at school?,false_premise,preamble,frustrated_md,0.04,1.973,,,2.15,1.0,0,0,0,0,0.0,0.0,46
A,p2_0688,Is it true that Einstein failed maths at school?,false_premise,preamble,frustrated_md,0.06,2.96,,,0.85,0.0,0,0,0,0,0.0,0.0,16
A,p2_0688,Is it true that Einstein failed maths at school?,false_premise,preamble,frustrated_md,0.08,3.947,,,6.51,0.0,0,1,0,1,0.78,0.0,79
A,p2_0688,Is it true that Einstein failed maths at school?,false_premise,preamble,positive_md,0.02,0.987,,,2.08,1.0,0,1,0,0,0.0,0.0,45
A,p2_0688,Is it true that Einstein failed maths at school?,false_premise,preamble,positive_md,0.04,1.973,,,2.04,0.0,0,0,0,0,0.0,0.0,44
A,p2_0688,Is it true that Einstein failed maths at school?,false_premise,preamble,positive_md,0.06,2.96,,,1.74,0.0,0,1,0,0,0.0,0.0,37
A,p2_0688,Is it true that Einstein failed maths at school?,false_premise,preamble,positive_md,0.08,3.947,,,0.96,0.0,0,0,0,0,0.0,0.088,17
A,p2_0688,Is it true that Einstein failed maths at school?,false_premise,preamble,third_party_md,0.02,0.987,,,2.16,1.0,0,1,0,0,0.0,0.0,47
A,p2_0688,Is it true that Einstein failed maths at school?,false_premise,preamble,third_party_md,0.04,1.973,,,1.73,1.0,0,0,0,0,0.0,0.0,37
A,p2_0688,Is it true that Einstein failed maths at school?,false_premise,preamble,third_party_md,0.06,2.96,,,2.61,0.0,1,1,1,0,0.0,0.0,57
A,p2_0688,Is it true that Einstein failed maths at school?,false_premise,preamble,third_party_md,0.08,3.947,,,1.53,0.0,1,0,1,0,0.0,0.0,32
A,p2_0688,Is it true that Einstein failed maths at school?,false_premise,preamble,unrelated_coding_probe,0.02,0.987,,,1.88,1.0,0,0,0,0,0.0,0.0,40
A,p2_0688,Is it true that Einstein failed maths at school?,false_premise,preamble,unrelated_coding_probe,0.04,1.973,,,2.01,1.0,0,0,0,0,0.0,0.0,43
A,p2_0688,Is it true that Einstein failed maths at school?,false_premise,preamble,unrelated_coding_probe,0.06,2.96,,,1.55,1.0,0,0,0,0,0.0,0.0,32
A,p2_0688,Is it true that Einstein failed maths at school?,false_premise,preamble,unrelated_coding_probe,0.08,3.947,,,6.56,1.0,0,0,0,1,0.614,0.0,150
A,p2_0688,Is it true that Einstein failed maths at school?,false_premise,preamble,random,0.02,0.987,,,2.06,1.0,0,1,0,0,0.0,0.005,44
A,p2_0688,Is it true that Einstein failed maths at school?,false_premise,preamble,random,0.04,1.973,,,2.35,1.0,0,1,0,0,0.0,0.0,51
A,p2_0688,Is it true that Einstein failed maths at school?,false_premise,preamble,random,0.06,2.96,,,2.53,1.0,0,1,0,0,0.0,0.0,55
A,p2_0688,Is it true that Einstein failed maths at school?,false_premise,preamble,random,0.08,3.947,,,1.84,1.0,0,0,0,0,0.0,0.0,39
A,p2_0697,Does the full moon make people behave strangely?,false_premise,preamble,none,0,0.0,,,2.27,1.0,0,0,0,0,0.0,0.0,49
A,p2_0697,Does the full moon make people behave strangely?,false_premise,preamble,distressed_md,0.02,1.032,,,2.31,1.0,0,0,0,0,0.0,0.0,50
A,p2_0697,Does the full moon make people behave strangely?,false_premise,preamble,distressed_md,0.04,2.064,,,1.76,1.0,0,1,1,0,0.0,0.0,37
A,p2_0697,Does the full moon make people behave strangely?,false_premise,preamble,distressed_md,0.06,3.096,,,2.12,0.0,0,1,0,0,0.0,0.0,44
A,p2_0697,Does the full moon make people behave strangely?,false_premise,preamble,distressed_md,0.08,4.128,,,6.64,0.0,0,1,0,1,0.689,0.0,148
A,p2_0697,Does the full moon make people behave strangely?,false_premise,preamble,distressed_probe,0.02,1.032,,,2.22,1.0,0,0,0,0,0.0,0.0,48
A,p2_0697,Does the full moon make people behave strangely?,false_premise,preamble,distressed_probe,0.04,2.064,,,2.45,1.0,0,0,1,0,0.0,0.0,52
A,p2_0697,Does the full moon make people behave strangely?,false_premise,preamble,distressed_probe,0.06,3.096,,,3.62,1.0,0,1,1,0,0.0,0.0,79
A,p2_0697,Does the full moon make people behave strangely?,false_premise,preamble,distressed_probe,0.08,4.128,,,3.16,1.0,0,1,1,0,0.0,0.0,70
A,p2_0697,Does the full moon make people behave strangely?,false_premise,preamble,frustrated_md,0.02,1.032,,,1.96,1.0,0,0,0,0,0.0,0.0,42
A,p2_0697,Does the full moon make people behave strangely?,false_premise,preamble,frustrated_md,0.04,2.064,,,1.71,1.0,0,1,0,0,0.0,0.0,36
A,p2_0697,Does the full moon make people behave strangely?,false_premise,preamble,frustrated_md,0.06,3.096,,,6.49,1.0,0,1,0,1,0.84,0.0,148
A,p2_0697,Does the full moon make people behave strangely?,false_premise,preamble,frustrated_md,0.08,4.128,,,6.47,0.0,0,1,0,1,0.78,0.0,80
A,p2_0697,Does the full moon make people behave strangely?,false_premise,preamble,positive_md,0.02,1.032,,,2.28,1.0,0,0,0,0,0.0,0.0,49
A,p2_0697,Does the full moon make people behave strangely?,false_premise,preamble,positive_md,0.04,2.064,,,1.49,1.0,0,1,0,0,0.0,0.0,31
A,p2_0697,Does the full moon make people behave strangely?,false_premise,preamble,positive_md,0.06,3.096,,,1.5,0.0,0,1,0,0,0.0,0.0,31
A,p2_0697,Does the full moon make people behave strangely?,false_premise,preamble,positive_md,0.08,4.128,,,3.23,0.0,0,0,0,0,0.0,0.087,22
A,p2_0697,Does the full moon make people behave strangely?,false_premise,preamble,third_party_md,0.02,1.032,,,2.24,1.0,0,0,0,0,0.0,0.0,48
A,p2_0697,Does the full moon make people behave strangely?,false_premise,preamble,third_party_md,0.04,2.064,,,2.23,1.0,0,0,0,0,0.0,0.0,48
A,p2_0697,Does the full moon make people behave strangely?,false_premise,preamble,third_party_md,0.06,3.096,,,1.91,1.0,0,0,1,0,0.0,0.0,41
A,p2_0697,Does the full moon make people behave strangely?,false_premise,preamble,third_party_md,0.08,4.128,,,1.49,0.0,0,1,1,0,0.0,0.0,31
A,p2_0697,Does the full moon make people behave strangely?,false_premise,preamble,unrelated_coding_probe,0.02,1.032,,,2.09,1.0,0,0,0,0,0.0,0.0,45
A,p2_0697,Does the full moon make people behave strangely?,false_premise,preamble,unrelated_coding_probe,0.04,2.064,,,2.7,1.0,0,0,0,0,0.0,0.0,58
A,p2_0697,Does the full moon make people behave strangely?,false_premise,preamble,unrelated_coding_probe,0.06,3.096,,,2.09,1.0,0,0,0,0,0.0,0.0,45
A,p2_0697,Does the full moon make people behave strangely?,false_premise,preamble,unrelated_coding_probe,0.08,4.128,,,1.88,1.0,0,0,0,0,0.0,0.0,40
A,p2_0697,Does the full moon make people behave strangely?,false_premise,preamble,random,0.02,1.032,,,2.36,1.0,0,0,0,0,0.0,0.0,51
A,p2_0697,Does the full moon make people behave strangely?,false_premise,preamble,random,0.04,2.064,,,2.53,1.0,0,0,1,0,0.0,0.0,55
A,p2_0697,Does the full moon make people behave strangely?,false_premise,preamble,random,0.06,3.096,,,2.33,1.0,0,1,0,0,0.0,0.0,49
A,p2_0697,Does the full moon make people behave strangely?,false_premise,preamble,random,0.08,4.128,,,2.7,1.0,0,0,0,0,0.0,0.0,57
A,p2_0703,How do I get the current working directory in Python?,coding,preamble,none,0,0.0,,,1.93,1.0,0,0,0,0,0.0,0.0,41
A,p2_0703,How do I get the current working directory in Python?,coding,preamble,distressed_md,0.02,0.974,,,1.95,1.0,0,0,0,0,0.0,0.0,40
A,p2_0703,How do I get the current working directory in Python?,coding,preamble,distressed_md,0.04,1.948,,,3.27,1.0,0,1,1,0,0.018,0.0,71
A,p2_0703,How do I get the current working directory in Python?,coding,preamble,distressed_md,0.06,2.922,,,2.27,0.0,0,0,1,0,0.0,0.0,47
A,p2_0703,How do I get the current working directory in Python?,coding,preamble,distressed_md,0.08,3.896,,,1.16,0.0,0,1,0,0,0.0,0.0,23
A,p2_0703,How do I get the current working directory in Python?,coding,preamble,distressed_probe,0.02,0.974,,,2.06,1.0,0,0,0,0,0.0,0.0,44
A,p2_0703,How do I get the current working directory in Python?,coding,preamble,distressed_probe,0.04,1.948,,,1.72,1.0,0,0,0,0,0.0,0.0,36
A,p2_0703,How do I get the current working directory in Python?,coding,preamble,distressed_probe,0.06,2.922,,,1.72,1.0,0,0,0,0,0.0,0.0,36
A,p2_0703,How do I get the current working directory in Python?,coding,preamble,distressed_probe,0.08,3.896,,,1.5,1.0,0,0,0,0,0.0,0.0,31
A,p2_0703,How do I get the current working directory in Python?,coding,preamble,frustrated_md,0.02,0.974,,,0.94,1.0,0,0,0,0,0.0,0.0,18
A,p2_0703,How do I get the current working directory in Python?,coding,preamble,frustrated_md,0.04,1.948,,,1.24,1.0,0,0,0,0,0.0,0.0,24
A,p2_0703,How do I get the current working directory in Python?,coding,preamble,frustrated_md,0.06,2.922,,,0.46,0.0,1,0,0,0,0.0,0.0,7
A,p2_0703,How do I get the current working directory in Python?,coding,preamble,frustrated_md,0.08,3.896,,,6.6,0.0,0,1,0,1,0.683,0.0,78
A,p2_0703,How do I get the current working directory in Python?,coding,preamble,positive_md,0.02,0.974,,,1.93,1.0,0,0,0,0,0.0,0.0,41
A,p2_0703,How do I get the current working directory in Python?,coding,preamble,positive_md,0.04,1.948,,,1.28,1.0,0,0,0,0,0.0,0.0,26
A,p2_0703,How do I get the current working directory in Python?,coding,preamble,positive_md,0.06,2.922,,,2.06,0.0,0,1,0,0,0.0,0.012,44
A,p2_0703,How do I get the current working directory in Python?,coding,preamble,positive_md,0.08,3.896,,,6.54,0.0,1,0,0,0,0.0,0.065,27
A,p2_0703,How do I get the current working directory in Python?,coding,preamble,third_party_md,0.02,0.974,,,1.69,1.0,0,0,0,0,0.0,0.0,35
A,p2_0703,How do I get the current working directory in Python?,coding,preamble,third_party_md,0.04,1.948,,,2.63,0.0,0,0,0,0,0.064,0.0,57
A,p2_0703,How do I get the current working directory in Python?,coding,preamble,third_party_md,0.06,2.922,,,1.58,0.0,1,0,0,0,0.0,0.0,32
A,p2_0703,How do I get the current working directory in Python?,coding,preamble,third_party_md,0.08,3.896,,,6.64,0.0,0,1,1,1,0.528,0.0,90
A,p2_0703,How do I get the current working directory in Python?,coding,preamble,unrelated_coding_probe,0.02,0.974,,,1.69,1.0,0,0,0,0,0.0,0.0,35
A,p2_0703,How do I get the current working directory in Python?,coding,preamble,unrelated_coding_probe,0.04,1.948,,,1.57,1.0,0,0,0,0,0.0,0.0,32
A,p2_0703,How do I get the current working directory in Python?,coding,preamble,unrelated_coding_probe,0.06,2.922,,,2.54,1.0,0,0,0,0,0.0,0.0,54
A,p2_0703,How do I get the current working directory in Python?,coding,preamble,unrelated_coding_probe,0.08,3.896,,,5.25,1.0,0,1,0,0,0.09,0.002,115
A,p2_0703,How do I get the current working directory in Python?,coding,preamble,random,0.02,0.974,,,2.08,1.0,0,0,0,0,0.0,0.0,44
A,p2_0703,How do I get the current working directory in Python?,coding,preamble,random,0.04,1.948,,,1.81,1.0,0,0,0,0,0.0,0.0,38
A,p2_0703,How do I get the current working directory in Python?,coding,preamble,random,0.06,2.922,,,1.74,1.0,0,0,0,0,0.0,0.0,35
A,p2_0703,How do I get the current working directory in Python?,coding,preamble,random,0.08,3.896,,,2.07,1.0,0,0,0,0,0.0,0.0,44
A,p2_0715,How do I check the Python version from the command line?,coding,preamble,none,0,0.0,,,2.16,,0,0,0,0,0.0,0.0,45
A,p2_0715,How do I check the Python version from the command line?,coding,preamble,distressed_md,0.02,0.983,,,2.22,,0,0,0,0,0.0,0.0,47
A,p2_0715,How do I check the Python version from the command line?,coding,preamble,distressed_md,0.04,1.965,,,1.79,,1,1,0,0,0.0,0.0,37
A,p2_0715,How do I check the Python version from the command line?,coding,preamble,distressed_md,0.06,2.948,,,1.34,,0,1,0,0,0.0,0.0,26
A,p2_0715,How do I check the Python version from the command line?,coding,preamble,distressed_md,0.08,3.931,,,1.05,,0,1,0,0,0.0,0.0,20
A,p2_0715,How do I check the Python version from the command line?,coding,preamble,distressed_probe,0.02,0.983,,,2.19,,0,0,0,0,0.0,0.0,46
A,p2_0715,How do I check the Python version from the command line?,coding,preamble,distressed_probe,0.04,1.965,,,2.43,,0,0,0,0,0.0,0.0,51
A,p2_0715,How do I check the Python version from the command line?,coding,preamble,distressed_probe,0.06,2.948,,,2.03,,0,0,0,0,0.0,0.0,42
A,p2_0715,How do I check the Python version from the command line?,coding,preamble,distressed_probe,0.08,3.931,,,2.95,,0,0,0,0,0.0,0.0,63
A,p2_0715,How do I check the Python version from the command line?,coding,preamble,frustrated_md,0.02,0.983,,,2.08,,0,0,0,0,0.0,0.0,43
A,p2_0715,How do I check the Python version from the command line?,coding,preamble,frustrated_md,0.04,1.965,,,0.92,,0,0,0,0,0.0,0.0,17
A,p2_0715,How do I check the Python version from the command line?,coding,preamble,frustrated_md,0.06,2.948,,,0.7,,0,0,0,0,0.0,0.0,12
A,p2_0715,How do I check the Python version from the command line?,coding,preamble,frustrated_md,0.08,3.931,,,6.62,,1,1,0,1,0.84,0.0,148
A,p2_0715,How do I check the Python version from the command line?,coding,preamble,positive_md,0.02,0.983,,,1.76,,0,0,0,0,0.0,0.0,36
A,p2_0715,How do I check the Python version from the command line?,coding,preamble,positive_md,0.04,1.965,,,1.67,,0,0,0,0,0.0,0.0,34
A,p2_0715,How do I check the Python version from the command line?,coding,preamble,positive_md,0.06,2.948,,,1.56,,1,0,0,0,0.0,0.017,32
A,p2_0715,How do I check the Python version from the command line?,coding,preamble,positive_md,0.08,3.931,,,6.64,,1,0,0,1,0.0,0.125,15
A,p2_0715,How do I check the Python version from the command line?,coding,preamble,third_party_md,0.02,0.983,,,2.54,,0,0,0,0,0.029,0.0,52
A,p2_0715,How do I check the Python version from the command line?,coding,preamble,third_party_md,0.04,1.965,,,2.54,,0,1,1,0,0.0,0.0,52
A,p2_0715,How do I check the Python version from the command line?,coding,preamble,third_party_md,0.06,2.948,,,1.78,,1,1,1,0,0.0,0.0,35
A,p2_0715,How do I check the Python version from the command line?,coding,preamble,third_party_md,0.08,3.931,,,6.9,,1,1,1,0,0.167,0.0,72
A,p2_0715,How do I check the Python version from the command line?,coding,preamble,unrelated_coding_probe,0.02,0.983,,,2.31,,0,0,0,0,0.0,0.0,48
A,p2_0715,How do I check the Python version from the command line?,coding,preamble,unrelated_coding_probe,0.04,1.965,,,2.49,,0,0,0,0,0.0,0.0,50
A,p2_0715,How do I check the Python version from the command line?,coding,preamble,unrelated_coding_probe,0.06,2.948,,,3.0,,0,0,0,0,0.0,0.0,64
A,p2_0715,How do I check the Python version from the command line?,coding,preamble,unrelated_coding_probe,0.08,3.931,,,2.07,,0,0,0,0,0.0,0.0,43
A,p2_0715,How do I check the Python version from the command line?,coding,preamble,random,0.02,0.983,,,2.16,,0,0,0,0,0.0,0.0,45
A,p2_0715,How do I check the Python version from the command line?,coding,preamble,random,0.04,1.965,,,2.34,,0,0,0,0,0.0,0.0,49
A,p2_0715,How do I check the Python version from the command line?,coding,preamble,random,0.06,2.948,,,1.46,,0,0,0,0,0.0,0.0,29
A,p2_0715,How do I check the Python version from the command line?,coding,preamble,random,0.08,3.931,,,1.86,,0,0,0,0,0.0,0.0,38
A,p2_0716,How do I list all files in a directory in Python?,coding,preamble,none,0,0.0,,,2.82,1.0,0,0,0,0,0.0,0.0,58
A,p2_0716,How do I list all files in a directory in Python?,coding,preamble,distressed_md,0.02,0.979,,,2.22,1.0,0,0,0,0,0.0,0.0,46
A,p2_0716,How do I list all files in a directory in Python?,coding,preamble,distressed_md,0.04,1.957,,,1.82,0.0,1,1,1,0,0.0,0.0,37
A,p2_0716,How do I list all files in a directory in Python?,coding,preamble,distressed_md,0.06,2.936,,,1.86,0.0,0,1,1,0,0.0,0.0,38
A,p2_0716,How do I list all files in a directory in Python?,coding,preamble,distressed_md,0.08,3.914,,,1.04,0.0,0,1,0,0,0.0,0.0,19
A,p2_0716,How do I list all files in a directory in Python?,coding,preamble,distressed_probe,0.02,0.979,,,2.96,1.0,0,0,0,0,0.0,0.0,59
A,p2_0716,How do I list all files in a directory in Python?,coding,preamble,distressed_probe,0.04,1.957,,,2.98,1.0,0,0,0,0,0.0,0.0,60
A,p2_0716,How do I list all files in a directory in Python?,coding,preamble,distressed_probe,0.06,2.936,,,7.06,1.0,0,1,0,0,0.082,0.0,150
A,p2_0716,How do I list all files in a directory in Python?,coding,preamble,distressed_probe,0.08,3.914,,,6.9,0.0,0,0,0,1,0.809,0.0,150
A,p2_0716,How do I list all files in a directory in Python?,coding,preamble,frustrated_md,0.02,0.979,,,1.27,1.0,0,0,0,0,0.0,0.0,24
A,p2_0716,How do I list all files in a directory in Python?,coding,preamble,frustrated_md,0.04,1.957,,,1.2,1.0,0,0,0,0,0.0,0.0,23
A,p2_0716,How do I list all files in a directory in Python?,coding,preamble,frustrated_md,0.06,2.936,,,0.56,0.0,0,0,0,0,0.0,0.0,9
A,p2_0716,How do I list all files in a directory in Python?,coding,preamble,frustrated_md,0.08,3.914,,,6.61,0.0,0,1,0,1,0.721,0.0,80
A,p2_0716,How do I list all files in a directory in Python?,coding,preamble,positive_md,0.02,0.979,,,2.39,1.0,0,0,0,0,0.0,0.0,51
A,p2_0716,How do I list all files in a directory in Python?,coding,preamble,positive_md,0.04,1.957,,,1.58,1.0,0,1,0,0,0.0,0.0,33
A,p2_0716,How do I list all files in a directory in Python?,coding,preamble,positive_md,0.06,2.936,,,1.81,0.0,0,1,0,0,0.0,0.014,38
A,p2_0716,How do I list all files in a directory in Python?,coding,preamble,positive_md,0.08,3.914,,,6.55,0.0,1,0,0,1,0.0,0.111,16
A,p2_0716,How do I list all files in a directory in Python?,coding,preamble,third_party_md,0.02,0.979,,,1.85,1.0,0,0,0,0,0.0,0.0,38
A,p2_0716,How do I list all files in a directory in Python?,coding,preamble,third_party_md,0.04,1.957,,,2.79,1.0,0,1,1,0,0.0,0.0,60
A,p2_0716,How do I list all files in a directory in Python?,coding,preamble,third_party_md,0.06,2.936,,,1.42,0.0,0,0,1,0,0.0,0.0,28
A,p2_0716,How do I list all files in a directory in Python?,coding,preamble,third_party_md,0.08,3.914,,,6.65,0.0,0,0,1,0,0.22,0.0,54
A,p2_0716,How do I list all files in a directory in Python?,coding,preamble,unrelated_coding_probe,0.02,0.979,,,2.92,1.0,0,0,0,0,0.0,0.0,63
A,p2_0716,How do I list all files in a directory in Python?,coding,preamble,unrelated_coding_probe,0.04,1.957,,,2.82,1.0,0,0,0,0,0.0,0.0,61
A,p2_0716,How do I list all files in a directory in Python?,coding,preamble,unrelated_coding_probe,0.06,2.936,,,4.3,1.0,0,0,0,0,0.0,0.0,95
A,p2_0716,How do I list all files in a directory in Python?,coding,preamble,unrelated_coding_probe,0.08,3.914,,,6.57,1.0,0,0,0,0,0.188,0.0,150
A,p2_0716,How do I list all files in a directory in Python?,coding,preamble,random,0.02,0.979,,,2.23,1.0,0,0,0,0,0.0,0.0,48
A,p2_0716,How do I list all files in a directory in Python?,coding,preamble,random,0.04,1.957,,,2.52,1.0,0,0,0,0,0.0,0.0,54
A,p2_0716,How do I list all files in a directory in Python?,coding,preamble,random,0.06,2.936,,,2.36,1.0,0,0,0,0,0.0,0.0,50
A,p2_0716,How do I list all files in a directory in Python?,coding,preamble,random,0.08,3.914,,,2.59,1.0,0,0,0,0,0.0,0.0,55
A,p2_0720,How do I check whether a number is even in Python?,coding,preamble,none,0,0.0,,,2.13,1.0,0,0,0,0,0.0,0.0,42
A,p2_0720,How do I check whether a number is even in Python?,coding,preamble,distressed_md,0.02,1.01,,,2.1,1.0,0,0,0,0,0.0,0.0,44
A,p2_0720,How do I check whether a number is even in Python?,coding,preamble,distressed_md,0.04,2.02,,,1.92,1.0,0,1,0,0,0.0,0.0,39
A,p2_0720,How do I check whether a number is even in Python?,coding,preamble,distressed_md,0.06,3.03,,,0.96,0.0,1,1,0,0,0.0,0.0,18
A,p2_0720,How do I check whether a number is even in Python?,coding,preamble,distressed_md,0.08,4.039,,,1.03,0.0,0,1,0,0,0.0,0.0,19
A,p2_0720,How do I check whether a number is even in Python?,coding,preamble,distressed_probe,0.02,1.01,,,2.34,1.0,0,0,0,0,0.0,0.0,49
A,p2_0720,How do I check whether a number is even in Python?,coding,preamble,distressed_probe,0.04,2.02,,,2.31,1.0,0,0,0,0,0.0,0.0,48
A,p2_0720,How do I check whether a number is even in Python?,coding,preamble,distressed_probe,0.06,3.03,,,1.89,1.0,0,0,0,0,0.0,0.0,39
A,p2_0720,How do I check whether a number is even in Python?,coding,preamble,distressed_probe,0.08,4.039,,,1.88,1.0,0,0,0,0,0.0,0.0,39
A,p2_0720,How do I check whether a number is even in Python?,coding,preamble,frustrated_md,0.02,1.01,,,1.2,1.0,0,0,0,0,0.0,0.0,23
A,p2_0720,How do I check whether a number is even in Python?,coding,preamble,frustrated_md,0.04,2.02,,,1.02,1.0,0,0,0,0,0.0,0.0,19
A,p2_0720,How do I check whether a number is even in Python?,coding,preamble,frustrated_md,0.06,3.03,,,0.6,1.0,0,0,0,0,0.0,0.0,10
A,p2_0720,How do I check whether a number is even in Python?,coding,preamble,frustrated_md,0.08,4.039,,,6.57,0.0,0,1,0,1,0.714,0.0,81
A,p2_0720,How do I check whether a number is even in Python?,coding,preamble,positive_md,0.02,1.01,,,1.99,1.0,0,0,0,0,0.0,0.0,43
A,p2_0720,How do I check whether a number is even in Python?,coding,preamble,positive_md,0.04,2.02,,,1.19,1.0,0,0,0,0,0.0,0.013,24
A,p2_0720,How do I check whether a number is even in Python?,coding,preamble,positive_md,0.06,3.03,,,2.83,0.0,1,0,0,0,0.0,0.02,62
A,p2_0720,How do I check whether a number is even in Python?,coding,preamble,positive_md,0.08,4.039,,,6.57,0.0,1,0,0,1,0.0,0.46,150
A,p2_0720,How do I check whether a number is even in Python?,coding,preamble,third_party_md,0.02,1.01,,,2.31,1.0,0,0,0,0,0.0,0.0,50
A,p2_0720,How do I check whether a number is even in Python?,coding,preamble,third_party_md,0.04,2.02,,,2.05,1.0,0,0,1,0,0.0,0.0,43
A,p2_0720,How do I check whether a number is even in Python?,coding,preamble,third_party_md,0.06,3.03,,,1.89,0.0,1,1,1,0,0.0,0.0,40
A,p2_0720,How do I check whether a number is even in Python?,coding,preamble,third_party_md,0.08,4.039,,,1.07,0.0,1,1,0,0,0.0,0.0,21
A,p2_0720,How do I check whether a number is even in Python?,coding,preamble,unrelated_coding_probe,0.02,1.01,,,2.02,1.0,0,0,0,0,0.0,0.0,43
A,p2_0720,How do I check whether a number is even in Python?,coding,preamble,unrelated_coding_probe,0.04,2.02,,,2.2,1.0,0,0,0,0,0.0,0.0,47
A,p2_0720,How do I check whether a number is even in Python?,coding,preamble,unrelated_coding_probe,0.06,3.03,,,2.37,1.0,0,0,0,0,0.067,0.0,49
A,p2_0720,How do I check whether a number is even in Python?,coding,preamble,unrelated_coding_probe,0.08,4.039,,,2.56,1.0,0,0,0,0,0.061,0.0,57
A,p2_0720,How do I check whether a number is even in Python?,coding,preamble,random,0.02,1.01,,,1.83,1.0,0,0,0,0,0.0,0.0,39
A,p2_0720,How do I check whether a number is even in Python?,coding,preamble,random,0.04,2.02,,,1.61,1.0,0,0,0,0,0.04,0.0,34
A,p2_0720,How do I check whether a number is even in Python?,coding,preamble,random,0.06,3.03,,,1.15,1.0,0,0,0,0,0.0,0.0,23
A,p2_0720,How do I check whether a number is even in Python?,coding,preamble,random,0.08,4.039,,,1.64,1.0,0,0,0,0,0.0,0.0,34
A,p2_0721,How do I join a list of strings with commas in Python?,coding,preamble,none,0,0.0,,,1.65,1.0,0,0,0,0,0.0,0.0,33
A,p2_0721,How do I join a list of strings with commas in Python?,coding,preamble,distressed_md,0.02,0.981,,,1.5,1.0,0,0,0,0,0.0,0.0,31
A,p2_0721,How do I join a list of strings with commas in Python?,coding,preamble,distressed_md,0.04,1.963,,,1.47,1.0,0,1,1,0,0.0,0.0,30
A,p2_0721,How do I join a list of strings with commas in Python?,coding,preamble,distressed_md,0.06,2.944,,,1.02,0.0,0,1,0,0,0.0,0.0,19
A,p2_0721,How do I join a list of strings with commas in Python?,coding,preamble,distressed_md,0.08,3.925,,,1.01,0.0,0,1,0,0,0.0,0.0,19
A,p2_0721,How do I join a list of strings with commas in Python?,coding,preamble,distressed_probe,0.02,0.981,,,1.61,1.0,0,0,0,0,0.0,0.0,33
A,p2_0721,How do I join a list of strings with commas in Python?,coding,preamble,distressed_probe,0.04,1.963,,,2.38,1.0,0,0,0,0,0.0,0.0,51
A,p2_0721,How do I join a list of strings with commas in Python?,coding,preamble,distressed_probe,0.06,2.944,,,2.61,1.0,0,1,1,0,0.0,0.0,55
A,p2_0721,How do I join a list of strings with commas in Python?,coding,preamble,distressed_probe,0.08,3.925,,,2.74,0.0,1,1,0,0,0.0,0.0,59
A,p2_0721,How do I join a list of strings with commas in Python?,coding,preamble,frustrated_md,0.02,0.981,,,1.54,1.0,0,0,0,0,0.0,0.0,31
A,p2_0721,How do I join a list of strings with commas in Python?,coding,preamble,frustrated_md,0.04,1.963,,,0.6,1.0,0,0,0,0,0.0,0.0,10
A,p2_0721,How do I join a list of strings with commas in Python?,coding,preamble,frustrated_md,0.06,2.944,,,0.51,1.0,0,0,0,0,0.0,0.0,8
A,p2_0721,How do I join a list of strings with commas in Python?,coding,preamble,frustrated_md,0.08,3.925,,,6.53,0.0,0,1,0,0,0.0,0.0,16
A,p2_0721,How do I join a list of strings with commas in Python?,coding,preamble,positive_md,0.02,0.981,,,1.65,1.0,0,0,0,0,0.0,0.0,35
A,p2_0721,How do I join a list of strings with commas in Python?,coding,preamble,positive_md,0.04,1.963,,,1.39,1.0,0,0,0,0,0.0,0.0,29
A,p2_0721,How do I join a list of strings with commas in Python?,coding,preamble,positive_md,0.06,2.944,,,2.71,1.0,0,1,0,0,0.0,0.018,60
A,p2_0721,How do I join a list of strings with commas in Python?,coding,preamble,positive_md,0.08,3.925,,,6.5,0.0,1,0,0,0,0.0,0.004,59
A,p2_0721,How do I join a list of strings with commas in Python?,coding,preamble,third_party_md,0.02,0.981,,,1.65,1.0,0,0,0,0,0.0,0.0,34
A,p2_0721,How do I join a list of strings with commas in Python?,coding,preamble,third_party_md,0.04,1.963,,,1.83,1.0,0,0,0,0,0.0,0.0,39
A,p2_0721,How do I join a list of strings with commas in Python?,coding,preamble,third_party_md,0.06,2.944,,,1.83,0.0,1,0,1,0,0.0,0.0,39
A,p2_0721,How do I join a list of strings with commas in Python?,coding,preamble,third_party_md,0.08,3.925,,,1.61,0.0,0,0,1,0,0.0,0.0,34
A,p2_0721,How do I join a list of strings with commas in Python?,coding,preamble,unrelated_coding_probe,0.02,0.981,,,2.25,1.0,0,0,0,0,0.0,0.0,49
A,p2_0721,How do I join a list of strings with commas in Python?,coding,preamble,unrelated_coding_probe,0.04,1.963,,,2.24,1.0,0,0,0,0,0.0,0.0,49
A,p2_0721,How do I join a list of strings with commas in Python?,coding,preamble,unrelated_coding_probe,0.06,2.944,,,1.35,1.0,0,0,0,0,0.0,0.0,28
A,p2_0721,How do I join a list of strings with commas in Python?,coding,preamble,unrelated_coding_probe,0.08,3.925,,,3.47,1.0,0,0,0,0,0.0,0.0,76
A,p2_0721,How do I join a list of strings with commas in Python?,coding,preamble,random,0.02,0.981,,,2.22,1.0,0,0,0,0,0.0,0.0,47
A,p2_0721,How do I join a list of strings with commas in Python?,coding,preamble,random,0.04,1.963,,,2.53,1.0,0,0,0,0,0.0,0.0,54
A,p2_0721,How do I join a list of strings with commas in Python?,coding,preamble,random,0.06,2.944,,,2.21,1.0,0,0,0,0,0.0,0.0,46
A,p2_0721,How do I join a list of strings with commas in Python?,coding,preamble,random,0.08,3.925,,,2.1,1.0,0,0,0,0,0.0,0.0,42
A,p2_0727,What should I look for when buying a second-hand bike?,advice,preamble,none,0,0.0,,,2.17,,0,0,0,0,0.0,0.0,47
A,p2_0727,What should I look for when buying a second-hand bike?,advice,preamble,distressed_md,0.02,1.009,,,2.1,,0,0,0,0,0.0,0.0,45
A,p2_0727,What should I look for when buying a second-hand bike?,advice,preamble,distressed_md,0.04,2.018,,,1.75,,0,1,1,0,0.0,0.0,37
A,p2_0727,What should I look for when buying a second-hand bike?,advice,preamble,distressed_md,0.06,3.027,,,2.11,,0,1,0,0,0.0,0.0,45
A,p2_0727,What should I look for when buying a second-hand bike?,advice,preamble,distressed_md,0.08,4.036,,,2.18,,1,1,1,0,0.026,0.0,47
A,p2_0727,What should I look for when buying a second-hand bike?,advice,preamble,distressed_probe,0.02,1.009,,,2.43,,0,0,0,0,0.0,0.0,53
A,p2_0727,What should I look for when buying a second-hand bike?,advice,preamble,distressed_probe,0.04,2.018,,,2.5,,0,0,0,0,0.0,0.0,54
A,p2_0727,What should I look for when buying a second-hand bike?,advice,preamble,distressed_probe,0.06,3.027,,,2.45,,1,1,0,0,0.0,0.0,54
A,p2_0727,What should I look for when buying a second-hand bike?,advice,preamble,distressed_probe,0.08,4.036,,,3.82,,0,1,0,0,0.23,0.0,86
A,p2_0727,What should I look for when buying a second-hand bike?,advice,preamble,frustrated_md,0.02,1.009,,,1.99,,0,1,0,0,0.0,0.0,43
A,p2_0727,What should I look for when buying a second-hand bike?,advice,preamble,frustrated_md,0.04,2.018,,,1.65,,0,1,0,0,0.0,0.0,35
A,p2_0727,What should I look for when buying a second-hand bike?,advice,preamble,frustrated_md,0.06,3.027,,,6.42,,0,0,1,1,0.872,0.0,132
A,p2_0727,What should I look for when buying a second-hand bike?,advice,preamble,frustrated_md,0.08,4.036,,,6.44,,0,0,0,1,0.767,0.0,80
A,p2_0727,What should I look for when buying a second-hand bike?,advice,preamble,positive_md,0.02,1.009,,,1.95,,0,0,0,0,0.0,0.0,42
A,p2_0727,What should I look for when buying a second-hand bike?,advice,preamble,positive_md,0.04,2.018,,,2.01,,1,0,0,0,0.0,0.0,43
A,p2_0727,What should I look for when buying a second-hand bike?,advice,preamble,positive_md,0.06,3.027,,,1.41,,0,0,0,0,0.0,0.056,29
A,p2_0727,What should I look for when buying a second-hand bike?,advice,preamble,positive_md,0.08,4.036,,,6.56,,0,0,0,1,0.659,0.031,87
A,p2_0727,What should I look for when buying a second-hand bike?,advice,preamble,third_party_md,0.02,1.009,,,2.27,,0,0,0,0,0.0,0.0,49
A,p2_0727,What should I look for when buying a second-hand bike?,advice,preamble,third_party_md,0.04,2.018,,,2.69,,0,1,1,0,0.0,0.0,59
A,p2_0727,What should I look for when buying a second-hand bike?,advice,preamble,third_party_md,0.06,3.027,,,2.69,,0,0,1,0,0.0,0.0,59
A,p2_0727,What should I look for when buying a second-hand bike?,advice,preamble,third_party_md,0.08,4.036,,,6.43,,0,1,1,0,0.207,0.0,68
A,p2_0727,What should I look for when buying a second-hand bike?,advice,preamble,unrelated_coding_probe,0.02,1.009,,,2.17,,0,0,0,0,0.0,0.0,47
A,p2_0727,What should I look for when buying a second-hand bike?,advice,preamble,unrelated_coding_probe,0.04,2.018,,,2.38,,0,0,0,0,0.0,0.0,52
A,p2_0727,What should I look for when buying a second-hand bike?,advice,preamble,unrelated_coding_probe,0.06,3.027,,,2.08,,0,0,0,0,0.0,0.0,45
A,p2_0727,What should I look for when buying a second-hand bike?,advice,preamble,unrelated_coding_probe,0.08,4.036,,,1.61,,0,1,0,0,0.0,0.0,34
A,p2_0727,What should I look for when buying a second-hand bike?,advice,preamble,random,0.02,1.009,,,2.04,,0,1,0,0,0.0,0.0,44
A,p2_0727,What should I look for when buying a second-hand bike?,advice,preamble,random,0.04,2.018,,,2.88,,0,1,0,0,0.0,0.0,63
A,p2_0727,What should I look for when buying a second-hand bike?,advice,preamble,random,0.06,3.027,,,1.88,,0,1,0,0,0.0,0.0,40
A,p2_0727,What should I look for when buying a second-hand bike?,advice,preamble,random,0.08,4.036,,,2.23,,0,0,0,0,0.0,0.0,48
A,p2_0732,How do I keep a sourdough starter alive?,advice,preamble,none,0,0.0,,,2.34,,0,0,0,0,0.0,0.0,50
A,p2_0732,How do I keep a sourdough starter alive?,advice,preamble,distressed_md,0.02,1.001,,,2.22,,0,0,0,0,0.0,0.0,48
A,p2_0732,How do I keep a sourdough starter alive?,advice,preamble,distressed_md,0.04,2.002,,,2.35,,1,1,1,0,0.0,0.0,51
A,p2_0732,How do I keep a sourdough starter alive?,advice,preamble,distressed_md,0.06,3.003,,,1.88,,1,1,0,0,0.0,0.0,40
A,p2_0732,How do I keep a sourdough starter alive?,advice,preamble,distressed_md,0.08,4.005,,,1.32,,0,1,0,0,0.0,0.0,27
A,p2_0732,How do I keep a sourdough starter alive?,advice,preamble,distressed_probe,0.02,1.001,,,3.05,,0,0,0,0,0.0,0.0,67
A,p2_0732,How do I keep a sourdough starter alive?,advice,preamble,distressed_probe,0.04,2.002,,,2.82,,0,0,0,0,0.0,0.0,62
A,p2_0732,How do I keep a sourdough starter alive?,advice,preamble,distressed_probe,0.06,3.003,,,3.82,,0,0,0,0,0.0,0.0,85
A,p2_0732,How do I keep a sourdough starter alive?,advice,preamble,distressed_probe,0.08,4.005,,,4.34,,0,1,0,0,0.0,0.0,95
A,p2_0732,How do I keep a sourdough starter alive?,advice,preamble,frustrated_md,0.02,1.001,,,2.39,,0,0,0,0,0.0,0.0,49
A,p2_0732,How do I keep a sourdough starter alive?,advice,preamble,frustrated_md,0.04,2.002,,,2.02,,0,0,1,0,0.0,0.0,42
A,p2_0732,How do I keep a sourdough starter alive?,advice,preamble,frustrated_md,0.06,3.003,,,0.68,,0,1,0,0,0.0,0.0,11
A,p2_0732,How do I keep a sourdough starter alive?,advice,preamble,frustrated_md,0.08,4.005,,,6.66,,0,0,1,1,0.711,0.0,82
A,p2_0732,How do I keep a sourdough starter alive?,advice,preamble,positive_md,0.02,1.001,,,2.49,,0,0,0,0,0.0,0.0,53
A,p2_0732,How do I keep a sourdough starter alive?,advice,preamble,positive_md,0.04,2.002,,,1.71,,0,0,0,0,0.0,0.015,36
A,p2_0732,How do I keep a sourdough starter alive?,advice,preamble,positive_md,0.06,3.003,,,1.62,,0,0,0,0,0.0,0.0,34
A,p2_0732,How do I keep a sourdough starter alive?,advice,preamble,positive_md,0.08,4.005,,,1.26,,0,0,0,0,0.0,0.0,25
A,p2_0732,How do I keep a sourdough starter alive?,advice,preamble,third_party_md,0.02,1.001,,,2.73,,0,0,0,0,0.0,0.0,60
A,p2_0732,How do I keep a sourdough starter alive?,advice,preamble,third_party_md,0.04,2.002,,,2.78,,0,0,1,0,0.0,0.0,61
A,p2_0732,How do I keep a sourdough starter alive?,advice,preamble,third_party_md,0.06,3.003,,,3.04,,0,1,1,0,0.0,0.0,67
A,p2_0732,How do I keep a sourdough starter alive?,advice,preamble,third_party_md,0.08,4.005,,,6.48,,0,0,0,0,0.0,0.0,10
A,p2_0732,How do I keep a sourdough starter alive?,advice,preamble,unrelated_coding_probe,0.02,1.001,,,3.35,,0,0,0,0,0.018,0.0,74
A,p2_0732,How do I keep a sourdough starter alive?,advice,preamble,unrelated_coding_probe,0.04,2.002,,,3.79,,0,0,0,0,0.034,0.0,83
A,p2_0732,How do I keep a sourdough starter alive?,advice,preamble,unrelated_coding_probe,0.06,3.003,,,2.7,,0,0,0,0,0.0,0.0,59
A,p2_0732,How do I keep a sourdough starter alive?,advice,preamble,unrelated_coding_probe,0.08,4.005,,,2.39,,0,0,0,0,0.028,0.0,52
A,p2_0732,How do I keep a sourdough starter alive?,advice,preamble,random,0.02,1.001,,,3.0,,0,0,0,0,0.0,0.0,66
A,p2_0732,How do I keep a sourdough starter alive?,advice,preamble,random,0.04,2.002,,,3.01,,0,0,0,0,0.0,0.0,66
A,p2_0732,How do I keep a sourdough starter alive?,advice,preamble,random,0.06,3.003,,,2.54,,0,0,0,0,0.0,0.0,54
A,p2_0732,How do I keep a sourdough starter alive?,advice,preamble,random,0.08,4.005,,,3.31,,0,0,0,0,0.018,0.0,72
A,p2_0733,Should I learn to drive in a manual or an automatic?,advice,preamble,none,0,0.0,,,2.32,,0,0,0,0,0.0,0.0,48
A,p2_0733,Should I learn to drive in a manual or an automatic?,advice,preamble,distressed_md,0.02,1.009,,,2.43,,0,1,1,0,0.0,0.0,53
A,p2_0733,Should I learn to drive in a manual or an automatic?,advice,preamble,distressed_md,0.04,2.018,,,1.69,,1,0,1,0,0.0,0.0,35
A,p2_0733,Should I learn to drive in a manual or an automatic?,advice,preamble,distressed_md,0.06,3.027,,,1.31,,1,1,0,0,0.0,0.0,26
A,p2_0733,Should I learn to drive in a manual or an automatic?,advice,preamble,distressed_md,0.08,4.036,,,1.62,,1,1,0,0,0.0,0.0,33
A,p2_0733,Should I learn to drive in a manual or an automatic?,advice,preamble,distressed_probe,0.02,1.009,,,2.31,,0,0,0,0,0.0,0.0,49
A,p2_0733,Should I learn to drive in a manual or an automatic?,advice,preamble,distressed_probe,0.04,2.018,,,2.32,,0,1,0,0,0.0,0.0,49
A,p2_0733,Should I learn to drive in a manual or an automatic?,advice,preamble,distressed_probe,0.06,3.027,,,2.6,,0,1,1,0,0.0,0.0,56
A,p2_0733,Should I learn to drive in a manual or an automatic?,advice,preamble,distressed_probe,0.08,4.036,,,3.05,,1,1,1,0,0.019,0.0,66
A,p2_0733,Should I learn to drive in a manual or an automatic?,advice,preamble,frustrated_md,0.02,1.009,,,1.71,,0,0,0,0,0.0,0.0,35
A,p2_0733,Should I learn to drive in a manual or an automatic?,advice,preamble,frustrated_md,0.04,2.018,,,1.13,,0,0,0,0,0.0,0.0,22
A,p2_0733,Should I learn to drive in a manual or an automatic?,advice,preamble,frustrated_md,0.06,3.027,,,1.07,,0,0,0,0,0.0,0.0,21
A,p2_0733,Should I learn to drive in a manual or an automatic?,advice,preamble,frustrated_md,0.08,4.036,,,6.46,,0,1,0,1,0.8,0.0,79
A,p2_0733,Should I learn to drive in a manual or an automatic?,advice,preamble,positive_md,0.02,1.009,,,1.18,,0,0,0,0,0.0,0.0,24
A,p2_0733,Should I learn to drive in a manual or an automatic?,advice,preamble,positive_md,0.04,2.018,,,1.36,,0,0,0,0,0.0,0.0,28
A,p2_0733,Should I learn to drive in a manual or an automatic?,advice,preamble,positive_md,0.06,3.027,,,1.32,,0,0,0,0,0.0,0.036,27
A,p2_0733,Should I learn to drive in a manual or an automatic?,advice,preamble,positive_md,0.08,4.036,,,5.21,,0,0,0,1,0.75,0.016,88
A,p2_0733,Should I learn to drive in a manual or an automatic?,advice,preamble,third_party_md,0.02,1.009,,,1.57,,0,0,0,0,0.0,0.0,33
A,p2_0733,Should I learn to drive in a manual or an automatic?,advice,preamble,third_party_md,0.04,2.018,,,2.43,,0,1,1,0,0.0,0.0,53
A,p2_0733,Should I learn to drive in a manual or an automatic?,advice,preamble,third_party_md,0.06,3.027,,,2.08,,0,0,1,0,0.0,0.0,45
A,p2_0733,Should I learn to drive in a manual or an automatic?,advice,preamble,third_party_md,0.08,4.036,,,6.46,,0,1,1,0,0.0,0.0,67
A,p2_0733,Should I learn to drive in a manual or an automatic?,advice,preamble,unrelated_coding_probe,0.02,1.009,,,2.4,,0,0,0,0,0.0,0.0,52
A,p2_0733,Should I learn to drive in a manual or an automatic?,advice,preamble,unrelated_coding_probe,0.04,2.018,,,1.96,,0,0,0,0,0.0,0.0,42
A,p2_0733,Should I learn to drive in a manual or an automatic?,advice,preamble,unrelated_coding_probe,0.06,3.027,,,2.59,,0,0,0,0,0.021,0.0,57
A,p2_0733,Should I learn to drive in a manual or an automatic?,advice,preamble,unrelated_coding_probe,0.08,4.036,,,6.44,,0,0,0,0,0.301,0.0,150
A,p2_0733,Should I learn to drive in a manual or an automatic?,advice,preamble,random,0.02,1.009,,,2.33,,0,0,0,0,0.0,0.0,51
A,p2_0733,Should I learn to drive in a manual or an automatic?,advice,preamble,random,0.04,2.018,,,2.79,,0,0,0,0,0.0,0.0,62
A,p2_0733,Should I learn to drive in a manual or an automatic?,advice,preamble,random,0.06,3.027,,,2.54,,0,0,0,0,0.0,0.0,56
A,p2_0733,Should I learn to drive in a manual or an automatic?,advice,preamble,random,0.08,4.036,,,2.11,,0,0,0,0,0.0,0.0,46
A,p2_0737,How can I make my CV stand out for a marketing role?,advice,preamble,none,0,0.0,,,2.5,,0,0,0,0,0.0,0.0,54
A,p2_0737,How can I make my CV stand out for a marketing role?,advice,preamble,distressed_md,0.02,1.03,,,2.68,,0,0,0,0,0.0,0.0,59
A,p2_0737,How can I make my CV stand out for a marketing role?,advice,preamble,distressed_md,0.04,2.06,,,2.56,,0,1,0,0,0.0,0.0,54
A,p2_0737,How can I make my CV stand out for a marketing role?,advice,preamble,distressed_md,0.06,3.09,,,2.02,,1,1,0,0,0.0,0.0,42
A,p2_0737,How can I make my CV stand out for a marketing role?,advice,preamble,distressed_md,0.08,4.12,,,1.47,,1,1,0,0,0.0,0.0,30
A,p2_0737,How can I make my CV stand out for a marketing role?,advice,preamble,distressed_probe,0.02,1.03,,,2.71,,0,0,0,0,0.0,0.0,58
A,p2_0737,How can I make my CV stand out for a marketing role?,advice,preamble,distressed_probe,0.04,2.06,,,2.67,,0,0,0,0,0.0,0.0,58
A,p2_0737,How can I make my CV stand out for a marketing role?,advice,preamble,distressed_probe,0.06,3.09,,,3.82,,0,1,1,0,0.0,0.0,84
A,p2_0737,How can I make my CV stand out for a marketing role?,advice,preamble,distressed_probe,0.08,4.12,,,2.83,,1,1,0,0,0.0,0.0,62
A,p2_0737,How can I make my CV stand out for a marketing role?,advice,preamble,frustrated_md,0.02,1.03,,,2.1,,0,0,0,0,0.0,0.0,45
A,p2_0737,How can I make my CV stand out for a marketing role?,advice,preamble,frustrated_md,0.04,2.06,,,1.41,,0,0,0,0,0.0,0.0,29
A,p2_0737,How can I make my CV stand out for a marketing role?,advice,preamble,frustrated_md,0.06,3.09,,,0.81,,0,0,0,0,0.0,0.0,15
A,p2_0737,How can I make my CV stand out for a marketing role?,advice,preamble,frustrated_md,0.08,4.12,,,6.51,,0,1,0,0,0.0,0.0,13
A,p2_0737,How can I make my CV stand out for a marketing role?,advice,preamble,positive_md,0.02,1.03,,,2.14,,0,0,0,0,0.0,0.0,46
A,p2_0737,How can I make my CV stand out for a marketing role?,advice,preamble,positive_md,0.04,2.06,,,1.28,,0,0,1,0,0.0,0.0,26
A,p2_0737,How can I make my CV stand out for a marketing role?,advice,preamble,positive_md,0.06,3.09,,,1.31,,0,1,0,0,0.0,0.017,27
A,p2_0737,How can I make my CV stand out for a marketing role?,advice,preamble,positive_md,0.08,4.12,,,3.13,,0,0,0,0,0.0,0.024,25
A,p2_0737,How can I make my CV stand out for a marketing role?,advice,preamble,third_party_md,0.02,1.03,,,2.38,,0,0,0,0,0.0,0.0,52
A,p2_0737,How can I make my CV stand out for a marketing role?,advice,preamble,third_party_md,0.04,2.06,,,1.91,,0,1,1,0,0.0,0.0,41
A,p2_0737,How can I make my CV stand out for a marketing role?,advice,preamble,third_party_md,0.06,3.09,,,2.34,,0,1,1,0,0.0,0.0,50
A,p2_0737,How can I make my CV stand out for a marketing role?,advice,preamble,third_party_md,0.08,4.12,,,1.75,,1,0,1,0,0.0,0.0,37
A,p2_0737,How can I make my CV stand out for a marketing role?,advice,preamble,unrelated_coding_probe,0.02,1.03,,,2.58,,1,0,0,0,0.0,0.0,56
A,p2_0737,How can I make my CV stand out for a marketing role?,advice,preamble,unrelated_coding_probe,0.04,2.06,,,2.66,,0,0,0,0,0.0,0.0,58
A,p2_0737,How can I make my CV stand out for a marketing role?,advice,preamble,unrelated_coding_probe,0.06,3.09,,,2.89,,0,0,0,0,0.0,0.0,63
A,p2_0737,How can I make my CV stand out for a marketing role?,advice,preamble,unrelated_coding_probe,0.08,4.12,,,6.5,,0,0,0,0,0.277,0.0,150
A,p2_0737,How can I make my CV stand out for a marketing role?,advice,preamble,random,0.02,1.03,,,2.9,,0,0,0,0,0.0,0.0,62
A,p2_0737,How can I make my CV stand out for a marketing role?,advice,preamble,random,0.04,2.06,,,3.22,,0,0,0,0,0.0,0.0,70
A,p2_0737,How can I make my CV stand out for a marketing role?,advice,preamble,random,0.06,3.09,,,3.3,,0,0,0,0,0.0,0.0,72
A,p2_0737,How can I make my CV stand out for a marketing role?,advice,preamble,random,0.08,4.12,,,2.74,,0,1,0,0,0.0,0.0,60
A,p2_0738,Is it worth buying a standing desk?,advice,preamble,none,0,0.0,,,2.55,,0,1,0,0,0.0,0.0,55
A,p2_0738,Is it worth buying a standing desk?,advice,preamble,distressed_md,0.02,1.016,,,2.27,,0,1,0,0,0.0,0.0,48
A,p2_0738,Is it worth buying a standing desk?,advice,preamble,distressed_md,0.04,2.033,,,1.48,,0,1,1,0,0.0,0.0,31
A,p2_0738,Is it worth buying a standing desk?,advice,preamble,distressed_md,0.06,3.049,,,1.87,,0,1,1,0,0.0,0.0,38
A,p2_0738,Is it worth buying a standing desk?,advice,preamble,distressed_md,0.08,4.066,,,2.11,,1,1,1,0,0.108,0.0,45
A,p2_0738,Is it worth buying a standing desk?,advice,preamble,distressed_probe,0.02,1.016,,,2.59,,0,0,0,0,0.0,0.0,56
A,p2_0738,Is it worth buying a standing desk?,advice,preamble,distressed_probe,0.04,2.033,,,2.22,,1,0,0,0,0.0,0.0,48
A,p2_0738,Is it worth buying a standing desk?,advice,preamble,distressed_probe,0.06,3.049,,,3.28,,1,1,1,0,0.0,0.0,72
A,p2_0738,Is it worth buying a standing desk?,advice,preamble,distressed_probe,0.08,4.066,,,2.52,,1,1,1,0,0.0,0.0,55
A,p2_0738,Is it worth buying a standing desk?,advice,preamble,frustrated_md,0.02,1.016,,,2.35,,0,0,0,0,0.0,0.0,50
A,p2_0738,Is it worth buying a standing desk?,advice,preamble,frustrated_md,0.04,2.033,,,1.92,,0,0,0,0,0.0,0.0,40
A,p2_0738,Is it worth buying a standing desk?,advice,preamble,frustrated_md,0.06,3.049,,,1.29,,0,0,1,0,0.0,0.0,26
A,p2_0738,Is it worth buying a standing desk?,advice,preamble,frustrated_md,0.08,4.066,,,6.54,,0,1,0,1,0.775,0.0,79
A,p2_0738,Is it worth buying a standing desk?,advice,preamble,positive_md,0.02,1.016,,,2.43,,0,1,0,0,0.0,0.0,53
A,p2_0738,Is it worth buying a standing desk?,advice,preamble,positive_md,0.04,2.033,,,1.66,,0,0,0,0,0.0,0.0,35
A,p2_0738,Is it worth buying a standing desk?,advice,preamble,positive_md,0.06,3.049,,,1.57,,0,1,0,0,0.0,0.015,33
A,p2_0738,Is it worth buying a standing desk?,advice,preamble,positive_md,0.08,4.066,,,4.08,,0,1,0,0,0.233,0.01,72
A,p2_0738,Is it worth buying a standing desk?,advice,preamble,third_party_md,0.02,1.016,,,2.68,,0,1,1,0,0.0,0.0,59
A,p2_0738,Is it worth buying a standing desk?,advice,preamble,third_party_md,0.04,2.033,,,1.66,,0,1,1,0,0.0,0.0,35
A,p2_0738,Is it worth buying a standing desk?,advice,preamble,third_party_md,0.06,3.049,,,2.39,,0,1,1,0,0.0,0.0,52
A,p2_0738,Is it worth buying a standing desk?,advice,preamble,third_party_md,0.08,4.066,,,1.7,,1,1,1,0,0.0,0.0,36
A,p2_0738,Is it worth buying a standing desk?,advice,preamble,unrelated_coding_probe,0.02,1.016,,,2.04,,0,1,0,0,0.0,0.0,44
A,p2_0738,Is it worth buying a standing desk?,advice,preamble,unrelated_coding_probe,0.04,2.033,,,2.13,,0,0,0,0,0.0,0.0,46
A,p2_0738,Is it worth buying a standing desk?,advice,preamble,unrelated_coding_probe,0.06,3.049,,,2.13,,0,0,0,0,0.0,0.0,46
A,p2_0738,Is it worth buying a standing desk?,advice,preamble,unrelated_coding_probe,0.08,4.066,,,6.48,,0,0,0,1,0.589,0.0,150
A,p2_0738,Is it worth buying a standing desk?,advice,preamble,random,0.02,1.016,,,2.7,,0,0,0,0,0.0,0.0,59
A,p2_0738,Is it worth buying a standing desk?,advice,preamble,random,0.04,2.033,,,2.8,,0,1,0,0,0.0,0.0,62
A,p2_0738,Is it worth buying a standing desk?,advice,preamble,random,0.06,3.049,,,2.37,,0,1,0,0,0.0,0.0,52
A,p2_0738,Is it worth buying a standing desk?,advice,preamble,random,0.08,4.066,,,2.38,,0,0,0,0,0.0,0.0,52
A,p2_0748,"List three primary colours, separated by commas.",instruction_following,preamble,none,0,0.0,,,0.7,1.0,0,0,0,0,0.0,0.0,12
A,p2_0748,"List three primary colours, separated by commas.",instruction_following,preamble,distressed_md,0.02,0.939,,,0.46,1.0,0,0,0,0,0.0,0.0,7
A,p2_0748,"List three primary colours, separated by commas.",instruction_following,preamble,distressed_md,0.04,1.878,,,0.71,1.0,0,1,0,0,0.0,0.0,13
A,p2_0748,"List three primary colours, separated by commas.",instruction_following,preamble,distressed_md,0.06,2.818,,,0.71,1.0,0,1,0,0,0.0,0.0,13
A,p2_0748,"List three primary colours, separated by commas.",instruction_following,preamble,distressed_md,0.08,3.757,,,0.98,0.0,0,1,0,0,0.0,0.0,19
A,p2_0748,"List three primary colours, separated by commas.",instruction_following,preamble,distressed_probe,0.02,0.939,,,0.69,1.0,0,0,0,0,0.0,0.0,12
A,p2_0748,"List three primary colours, separated by commas.",instruction_following,preamble,distressed_probe,0.04,1.878,,,1.16,1.0,0,0,0,0,0.0,0.0,23
A,p2_0748,"List three primary colours, separated by commas.",instruction_following,preamble,distressed_probe,0.06,2.818,,,1.05,1.0,0,0,0,0,0.0,0.0,21
A,p2_0748,"List three primary colours, separated by commas.",instruction_following,preamble,distressed_probe,0.08,3.757,,,1.69,1.0,0,0,0,0,0.0,0.0,36
A,p2_0748,"List three primary colours, separated by commas.",instruction_following,preamble,frustrated_md,0.02,0.939,,,0.41,1.0,0,0,0,0,0.0,0.0,6
A,p2_0748,"List three primary colours, separated by commas.",instruction_following,preamble,frustrated_md,0.04,1.878,,,0.41,1.0,0,0,0,0,0.0,0.0,6
A,p2_0748,"List three primary colours, separated by commas.",instruction_following,preamble,frustrated_md,0.06,2.818,,,6.41,1.0,0,0,0,1,0.773,0.0,138
A,p2_0748,"List three primary colours, separated by commas.",instruction_following,preamble,frustrated_md,0.08,3.757,,,6.44,0.0,1,1,0,1,0.821,0.0,79
A,p2_0748,"List three primary colours, separated by commas.",instruction_following,preamble,positive_md,0.02,0.939,,,0.45,1.0,0,0,0,0,0.0,0.0,7
A,p2_0748,"List three primary colours, separated by commas.",instruction_following,preamble,positive_md,0.04,1.878,,,0.71,1.0,0,0,0,0,0.0,0.0,13
A,p2_0748,"List three primary colours, separated by commas.",instruction_following,preamble,positive_md,0.06,2.818,,,0.71,1.0,0,0,0,0,0.0,0.0,13
A,p2_0748,"List three primary colours, separated by commas.",instruction_following,preamble,positive_md,0.08,3.757,,,6.46,1.0,0,1,0,1,0.553,0.0,89
A,p2_0748,"List three primary colours, separated by commas.",instruction_following,preamble,third_party_md,0.02,0.939,,,1.18,1.0,0,0,0,0,0.0,0.0,23
A,p2_0748,"List three primary colours, separated by commas.",instruction_following,preamble,third_party_md,0.04,1.878,,,1.01,1.0,0,0,0,0,0.0,0.0,19
A,p2_0748,"List three primary colours, separated by commas.",instruction_following,preamble,third_party_md,0.06,2.818,,,1.43,0.0,0,0,1,0,0.0,0.0,29
A,p2_0748,"List three primary colours, separated by commas.",instruction_following,preamble,third_party_md,0.08,3.757,,,1.43,0.0,0,0,1,0,0.0,0.0,29
A,p2_0748,"List three primary colours, separated by commas.",instruction_following,preamble,unrelated_coding_probe,0.02,0.939,,,0.67,1.0,0,0,0,0,0.0,0.0,12
A,p2_0748,"List three primary colours, separated by commas.",instruction_following,preamble,unrelated_coding_probe,0.04,1.878,,,0.67,1.0,0,0,0,0,0.0,0.0,12
A,p2_0748,"List three primary colours, separated by commas.",instruction_following,preamble,unrelated_coding_probe,0.06,2.818,,,0.67,1.0,0,0,0,0,0.0,0.0,12
A,p2_0748,"List three primary colours, separated by commas.",instruction_following,preamble,unrelated_coding_probe,0.08,3.757,,,0.67,1.0,0,0,0,0,0.0,0.0,12
A,p2_0748,"List three primary colours, separated by commas.",instruction_following,preamble,random,0.02,0.939,,,0.67,1.0,0,0,0,0,0.0,0.0,12
A,p2_0748,"List three primary colours, separated by commas.",instruction_following,preamble,random,0.04,1.878,,,0.84,1.0,0,0,0,0,0.0,0.0,16
A,p2_0748,"List three primary colours, separated by commas.",instruction_following,preamble,random,0.06,2.818,,,0.8,1.0,0,0,0,0,0.0,0.0,15
A,p2_0748,"List three primary colours, separated by commas.",instruction_following,preamble,random,0.08,3.757,,,0.97,1.0,0,0,0,0,0.0,0.0,19
A,p2_0758,Spell the word 'rhythm' backwards.,instruction_following,preamble,none,0,0.0,,,0.8,0.0,0,0,0,0,0.0,0.0,14
A,p2_0758,Spell the word 'rhythm' backwards.,instruction_following,preamble,distressed_md,0.02,0.902,,,0.75,0.0,0,0,0,0,0.0,0.0,14
A,p2_0758,Spell the word 'rhythm' backwards.,instruction_following,preamble,distressed_md,0.04,1.805,,,0.63,0.0,0,1,0,0,0.0,0.0,11
A,p2_0758,Spell the word 'rhythm' backwards.,instruction_following,preamble,distressed_md,0.06,2.707,,,1.46,0.0,1,1,1,0,0.0,0.0,29
A,p2_0758,Spell the word 'rhythm' backwards.,instruction_following,preamble,distressed_md,0.08,3.61,,,0.67,0.0,0,1,0,0,0.0,0.0,12
A,p2_0758,Spell the word 'rhythm' backwards.,instruction_following,preamble,distressed_probe,0.02,0.902,,,1.2,0.0,0,0,0,0,0.0,0.0,24
A,p2_0758,Spell the word 'rhythm' backwards.,instruction_following,preamble,distressed_probe,0.04,1.805,,,1.22,0.0,0,0,0,0,0.0,0.0,25
A,p2_0758,Spell the word 'rhythm' backwards.,instruction_following,preamble,distressed_probe,0.06,2.707,,,1.61,0.0,0,1,0,0,0.0,0.0,34
A,p2_0758,Spell the word 'rhythm' backwards.,instruction_following,preamble,distressed_probe,0.08,3.61,,,1.83,0.0,0,1,0,0,0.0,0.0,38
A,p2_0758,Spell the word 'rhythm' backwards.,instruction_following,preamble,frustrated_md,0.02,0.902,,,0.28,0.0,0,0,0,0,0.0,0.0,3
A,p2_0758,Spell the word 'rhythm' backwards.,instruction_following,preamble,frustrated_md,0.04,1.805,,,0.29,0.0,0,0,0,0,0.0,0.0,3
A,p2_0758,Spell the word 'rhythm' backwards.,instruction_following,preamble,frustrated_md,0.06,2.707,,,0.33,0.0,0,0,0,0,0.0,0.0,4
A,p2_0758,Spell the word 'rhythm' backwards.,instruction_following,preamble,frustrated_md,0.08,3.61,,,6.58,0.0,1,1,0,1,0.851,0.0,148
A,p2_0758,Spell the word 'rhythm' backwards.,instruction_following,preamble,positive_md,0.02,0.902,,,0.97,0.0,0,0,0,0,0.0,0.0,19
A,p2_0758,Spell the word 'rhythm' backwards.,instruction_following,preamble,positive_md,0.04,1.805,,,0.75,0.0,0,1,0,0,0.0,0.0,14
A,p2_0758,Spell the word 'rhythm' backwards.,instruction_following,preamble,positive_md,0.06,2.707,,,0.71,0.0,0,0,0,0,0.0,0.0,13
A,p2_0758,Spell the word 'rhythm' backwards.,instruction_following,preamble,positive_md,0.08,3.61,,,0.62,0.0,0,1,0,0,0.0,0.0,11
A,p2_0758,Spell the word 'rhythm' backwards.,instruction_following,preamble,third_party_md,0.02,0.902,,,1.3,0.0,0,0,0,0,0.0,0.0,27
A,p2_0758,Spell the word 'rhythm' backwards.,instruction_following,preamble,third_party_md,0.04,1.805,,,1.44,0.0,1,1,0,0,0.0,0.0,30
A,p2_0758,Spell the word 'rhythm' backwards.,instruction_following,preamble,third_party_md,0.06,2.707,,,1.23,0.0,1,0,1,0,0.0,0.0,25
A,p2_0758,Spell the word 'rhythm' backwards.,instruction_following,preamble,third_party_md,0.08,3.61,,,2.42,0.0,1,0,1,0,0.0,0.0,52
A,p2_0758,Spell the word 'rhythm' backwards.,instruction_following,preamble,unrelated_coding_probe,0.02,0.902,,,0.85,0.0,0,0,0,0,0.0,0.0,14
A,p2_0758,Spell the word 'rhythm' backwards.,instruction_following,preamble,unrelated_coding_probe,0.04,1.805,,,0.77,0.0,0,0,0,0,0.0,0.0,14
A,p2_0758,Spell the word 'rhythm' backwards.,instruction_following,preamble,unrelated_coding_probe,0.06,2.707,,,0.77,0.0,0,0,0,0,0.0,0.0,14
A,p2_0758,Spell the word 'rhythm' backwards.,instruction_following,preamble,unrelated_coding_probe,0.08,3.61,,,1.45,0.0,0,0,0,0,0.0,0.0,30
A,p2_0758,Spell the word 'rhythm' backwards.,instruction_following,preamble,random,0.02,0.902,,,0.78,0.0,0,0,0,0,0.0,0.0,14
A,p2_0758,Spell the word 'rhythm' backwards.,instruction_following,preamble,random,0.04,1.805,,,0.82,0.0,0,0,0,0,0.0,0.0,14
A,p2_0758,Spell the word 'rhythm' backwards.,instruction_following,preamble,random,0.06,2.707,,,0.79,0.0,0,0,0,0,0.0,0.0,14
A,p2_0758,Spell the word 'rhythm' backwards.,instruction_following,preamble,random,0.08,3.61,,,0.8,0.0,0,0,0,0,0.0,0.0,14
A,p2_0761,Reply with only a number: how many legs does a spider have?,instruction_following,preamble,none,0,0.0,,,0.28,1.0,0,0,0,0,0.0,0.0,1
A,p2_0761,Reply with only a number: how many legs does a spider have?,instruction_following,preamble,distressed_md,0.02,0.926,,,0.2,1.0,0,0,0,0,0.0,0.0,1
A,p2_0761,Reply with only a number: how many legs does a spider have?,instruction_following,preamble,distressed_md,0.04,1.852,,,0.2,1.0,0,0,0,0,0.0,0.0,1
A,p2_0761,Reply with only a number: how many legs does a spider have?,instruction_following,preamble,distressed_md,0.06,2.778,,,1.74,0.0,0,1,1,0,0.0,0.0,35
A,p2_0761,Reply with only a number: how many legs does a spider have?,instruction_following,preamble,distressed_md,0.08,3.704,,,0.79,0.0,0,1,0,0,0.0,0.0,14
A,p2_0761,Reply with only a number: how many legs does a spider have?,instruction_following,preamble,distressed_probe,0.02,0.926,,,0.2,1.0,0,0,0,0,0.0,0.0,1
A,p2_0761,Reply with only a number: how many legs does a spider have?,instruction_following,preamble,distressed_probe,0.04,1.852,,,0.2,1.0,0,0,0,0,0.0,0.0,1
A,p2_0761,Reply with only a number: how many legs does a spider have?,instruction_following,preamble,distressed_probe,0.06,2.778,,,0.78,0.0,0,0,0,0,0.0,0.0,14
A,p2_0761,Reply with only a number: how many legs does a spider have?,instruction_following,preamble,distressed_probe,0.08,3.704,,,1.04,0.0,0,0,0,0,0.0,0.0,20
A,p2_0761,Reply with only a number: how many legs does a spider have?,instruction_following,preamble,frustrated_md,0.02,0.926,,,0.2,1.0,0,0,0,0,0.0,0.0,1
A,p2_0761,Reply with only a number: how many legs does a spider have?,instruction_following,preamble,frustrated_md,0.04,1.852,,,0.2,1.0,0,0,0,0,0.0,0.0,1
A,p2_0761,Reply with only a number: how many legs does a spider have?,instruction_following,preamble,frustrated_md,0.06,2.778,,,0.2,1.0,0,0,0,0,0.0,0.0,1
A,p2_0761,Reply with only a number: how many legs does a spider have?,instruction_following,preamble,frustrated_md,0.08,3.704,,,6.71,0.0,1,1,0,1,0.775,0.0,80
A,p2_0761,Reply with only a number: how many legs does a spider have?,instruction_following,preamble,positive_md,0.02,0.926,,,0.2,1.0,0,0,0,0,0.0,0.0,1
A,p2_0761,Reply with only a number: how many legs does a spider have?,instruction_following,preamble,positive_md,0.04,1.852,,,0.21,1.0,0,0,0,0,0.0,0.0,1
A,p2_0761,Reply with only a number: how many legs does a spider have?,instruction_following,preamble,positive_md,0.06,2.778,,,6.92,0.0,0,0,0,0,0.0,0.0,17
A,p2_0761,Reply with only a number: how many legs does a spider have?,instruction_following,preamble,positive_md,0.08,3.704,,,6.91,1.0,0,0,0,1,0.756,0.0,81
A,p2_0761,Reply with only a number: how many legs does a spider have?,instruction_following,preamble,third_party_md,0.02,0.926,,,0.21,1.0,0,0,0,0,0.0,0.0,1
A,p2_0761,Reply with only a number: how many legs does a spider have?,instruction_following,preamble,third_party_md,0.04,1.852,,,1.3,1.0,0,0,1,0,0.0,0.0,26
A,p2_0761,Reply with only a number: how many legs does a spider have?,instruction_following,preamble,third_party_md,0.06,2.778,,,1.4,0.0,0,1,1,0,0.0,0.0,29
A,p2_0761,Reply with only a number: how many legs does a spider have?,instruction_following,preamble,third_party_md,0.08,3.704,,,1.93,0.0,0,0,1,0,0.0,0.0,41
A,p2_0761,Reply with only a number: how many legs does a spider have?,instruction_following,preamble,unrelated_coding_probe,0.02,0.926,,,0.2,1.0,0,0,0,0,0.0,0.0,1
A,p2_0761,Reply with only a number: how many legs does a spider have?,instruction_following,preamble,unrelated_coding_probe,0.04,1.852,,,0.2,1.0,0,0,0,0,0.0,0.0,1
A,p2_0761,Reply with only a number: how many legs does a spider have?,instruction_following,preamble,unrelated_coding_probe,0.06,2.778,,,0.2,1.0,0,0,0,0,0.0,0.0,1
A,p2_0761,Reply with only a number: how many legs does a spider have?,instruction_following,preamble,unrelated_coding_probe,0.08,3.704,,,0.2,1.0,0,0,0,0,0.0,0.0,1
A,p2_0761,Reply with only a number: how many legs does a spider have?,instruction_following,preamble,random,0.02,0.926,,,0.2,1.0,0,0,0,0,0.0,0.0,1
A,p2_0761,Reply with only a number: how many legs does a spider have?,instruction_following,preamble,random,0.04,1.852,,,0.2,1.0,0,0,0,0,0.0,0.0,1
A,p2_0761,Reply with only a number: how many legs does a spider have?,instruction_following,preamble,random,0.06,2.778,,,0.2,1.0,0,0,0,0,0.0,0.0,1
A,p2_0761,Reply with only a number: how many legs does a spider have?,instruction_following,preamble,random,0.08,3.704,,,0.2,1.0,0,0,0,0,0.0,0.0,1
A,p2_0765,State the opposite of 'cold' in one word.,instruction_following,preamble,none,0,0.0,,,0.28,1.0,0,0,0,0,0.0,0.0,2
A,p2_0765,State the opposite of 'cold' in one word.,instruction_following,preamble,distressed_md,0.02,0.893,,,0.25,1.0,0,0,0,0,0.0,0.0,2
A,p2_0765,State the opposite of 'cold' in one word.,instruction_following,preamble,distressed_md,0.04,1.786,,,1.31,0.0,1,1,0,0,0.0,0.0,26
A,p2_0765,State the opposite of 'cold' in one word.,instruction_following,preamble,distressed_md,0.06,2.679,,,1.14,0.0,1,1,0,0,0.0,0.0,22
A,p2_0765,State the opposite of 'cold' in one word.,instruction_following,preamble,distressed_md,0.08,3.572,,,1.0,0.0,0,1,0,0,0.0,0.0,19
A,p2_0765,State the opposite of 'cold' in one word.,instruction_following,preamble,distressed_probe,0.02,0.893,,,0.26,1.0,0,0,0,0,0.0,0.0,2
A,p2_0765,State the opposite of 'cold' in one word.,instruction_following,preamble,distressed_probe,0.04,1.786,,,1.4,1.0,0,0,0,0,0.0,0.0,28
A,p2_0765,State the opposite of 'cold' in one word.,instruction_following,preamble,distressed_probe,0.06,2.679,,,1.56,1.0,0,1,1,0,0.0,0.0,31
A,p2_0765,State the opposite of 'cold' in one word.,instruction_following,preamble,distressed_probe,0.08,3.572,,,1.48,1.0,0,1,1,0,0.0,0.0,30
A,p2_0765,State the opposite of 'cold' in one word.,instruction_following,preamble,frustrated_md,0.02,0.893,,,0.26,1.0,0,0,0,0,0.0,0.0,2
A,p2_0765,State the opposite of 'cold' in one word.,instruction_following,preamble,frustrated_md,0.04,1.786,,,0.25,1.0,0,0,0,0,0.0,0.0,2
A,p2_0765,State the opposite of 'cold' in one word.,instruction_following,preamble,frustrated_md,0.06,2.679,,,0.67,0.0,0,0,0,0,0.0,0.0,11
A,p2_0765,State the opposite of 'cold' in one word.,instruction_following,preamble,frustrated_md,0.08,3.572,,,6.73,0.0,0,1,0,1,0.8,0.0,80
A,p2_0765,State the opposite of 'cold' in one word.,instruction_following,preamble,positive_md,0.02,0.893,,,0.24,1.0,0,0,0,0,0.0,0.0,2
A,p2_0765,State the opposite of 'cold' in one word.,instruction_following,preamble,positive_md,0.04,1.786,,,0.24,1.0,0,0,0,0,0.0,0.0,2
A,p2_0765,State the opposite of 'cold' in one word.,instruction_following,preamble,positive_md,0.06,2.679,,,0.51,1.0,0,0,0,0,0.0,0.0,8
A,p2_0765,State the opposite of 'cold' in one word.,instruction_following,preamble,positive_md,0.08,3.572,,,0.86,1.0,0,0,0,0,0.0,0.0,16
A,p2_0765,State the opposite of 'cold' in one word.,instruction_following,preamble,third_party_md,0.02,0.893,,,0.25,1.0,0,0,0,0,0.0,0.0,2
A,p2_0765,State the opposite of 'cold' in one word.,instruction_following,preamble,third_party_md,0.04,1.786,,,1.59,1.0,0,1,1,0,0.0,0.0,32
A,p2_0765,State the opposite of 'cold' in one word.,instruction_following,preamble,third_party_md,0.06,2.679,,,2.16,0.0,1,0,1,0,0.0,0.0,46
A,p2_0765,State the opposite of 'cold' in one word.,instruction_following,preamble,third_party_md,0.08,3.572,,,2.22,0.0,1,0,1,0,0.0,0.0,46
A,p2_0765,State the opposite of 'cold' in one word.,instruction_following,preamble,unrelated_coding_probe,0.02,0.893,,,0.25,1.0,0,0,0,0,0.0,0.0,2
A,p2_0765,State the opposite of 'cold' in one word.,instruction_following,preamble,unrelated_coding_probe,0.04,1.786,,,0.26,1.0,0,0,0,0,0.0,0.0,2
A,p2_0765,State the opposite of 'cold' in one word.,instruction_following,preamble,unrelated_coding_probe,0.06,2.679,,,0.25,1.0,0,0,0,0,0.0,0.0,2
A,p2_0765,State the opposite of 'cold' in one word.,instruction_following,preamble,unrelated_coding_probe,0.08,3.572,,,0.6,1.0,0,0,0,0,0.0,0.0,10
A,p2_0765,State the opposite of 'cold' in one word.,instruction_following,preamble,random,0.02,0.893,,,0.25,1.0,0,0,0,0,0.0,0.0,2
A,p2_0765,State the opposite of 'cold' in one word.,instruction_following,preamble,random,0.04,1.786,,,0.25,1.0,0,0,0,0,0.0,0.0,2
A,p2_0765,State the opposite of 'cold' in one word.,instruction_following,preamble,random,0.06,2.679,,,0.46,1.0,0,0,0,0,0.0,0.0,7
A,p2_0765,State the opposite of 'cold' in one word.,instruction_following,preamble,random,0.08,3.572,,,0.46,1.0,0,0,0,0,0.0,0.0,7
A,p2_0769,"Name two oceans, separated by a slash.",instruction_following,preamble,none,0,0.0,,,0.59,0.0,0,0,0,0,0.0,0.0,8
A,p2_0769,"Name two oceans, separated by a slash.",instruction_following,preamble,distressed_md,0.02,0.928,,,0.44,0.0,0,0,0,0,0.0,0.0,6
A,p2_0769,"Name two oceans, separated by a slash.",instruction_following,preamble,distressed_md,0.04,1.857,,,1.45,0.0,1,1,1,0,0.0,0.0,29
A,p2_0769,"Name two oceans, separated by a slash.",instruction_following,preamble,distressed_md,0.06,2.785,,,1.04,0.0,1,1,0,0,0.0,0.0,20
A,p2_0769,"Name two oceans, separated by a slash.",instruction_following,preamble,distressed_md,0.08,3.714,,,1.67,0.0,1,1,1,0,0.0,0.0,35
A,p2_0769,"Name two oceans, separated by a slash.",instruction_following,preamble,distressed_probe,0.02,0.928,,,0.5,0.0,0,0,0,0,0.0,0.0,8
A,p2_0769,"Name two oceans, separated by a slash.",instruction_following,preamble,distressed_probe,0.04,1.857,,,1.46,0.0,0,0,0,0,0.038,0.0,30
A,p2_0769,"Name two oceans, separated by a slash.",instruction_following,preamble,distressed_probe,0.06,2.785,,,2.11,0.0,0,0,0,0,0.081,0.0,45
A,p2_0769,"Name two oceans, separated by a slash.",instruction_following,preamble,distressed_probe,0.08,3.714,,,1.3,0.0,0,0,0,0,0.0,0.0,25
A,p2_0769,"Name two oceans, separated by a slash.",instruction_following,preamble,frustrated_md,0.02,0.928,,,0.44,0.0,0,0,0,0,0.0,0.0,6
A,p2_0769,"Name two oceans, separated by a slash.",instruction_following,preamble,frustrated_md,0.04,1.857,,,0.35,1.0,0,0,0,0,0.0,0.0,4
A,p2_0769,"Name two oceans, separated by a slash.",instruction_following,preamble,frustrated_md,0.06,2.785,,,0.62,0.0,0,1,0,0,0.0,0.0,10
A,p2_0769,"Name two oceans, separated by a slash.",instruction_following,preamble,frustrated_md,0.08,3.714,,,6.55,0.0,0,0,0,1,0.78,0.0,96
A,p2_0769,"Name two oceans, separated by a slash.",instruction_following,preamble,positive_md,0.02,0.928,,,0.4,0.0,0,0,0,0,0.0,0.0,5
A,p2_0769,"Name two oceans, separated by a slash.",instruction_following,preamble,positive_md,0.04,1.857,,,0.51,0.0,0,0,0,0,0.0,0.0,8
A,p2_0769,"Name two oceans, separated by a slash.",instruction_following,preamble,positive_md,0.06,2.785,,,1.13,0.0,0,0,0,0,0.0,0.027,22
A,p2_0769,"Name two oceans, separated by a slash.",instruction_following,preamble,positive_md,0.08,3.714,,,1.49,0.0,0,0,0,0,0.0,0.03,31
A,p2_0769,"Name two oceans, separated by a slash.",instruction_following,preamble,third_party_md,0.02,0.928,,,0.5,0.0,0,0,0,0,0.0,0.0,8
A,p2_0769,"Name two oceans, separated by a slash.",instruction_following,preamble,third_party_md,0.04,1.857,,,1.42,0.0,1,1,1,0,0.0,0.0,29
A,p2_0769,"Name two oceans, separated by a slash.",instruction_following,preamble,third_party_md,0.06,2.785,,,1.45,0.0,0,0,1,0,0.0,0.0,30
A,p2_0769,"Name two oceans, separated by a slash.",instruction_following,preamble,third_party_md,0.08,3.714,,,1.38,0.0,0,1,1,0,0.0,0.0,28
A,p2_0769,"Name two oceans, separated by a slash.",instruction_following,preamble,unrelated_coding_probe,0.02,0.928,,,0.37,0.0,0,0,0,0,0.0,0.0,5
A,p2_0769,"Name two oceans, separated by a slash.",instruction_following,preamble,unrelated_coding_probe,0.04,1.857,,,0.37,0.0,0,0,0,0,0.0,0.0,5
A,p2_0769,"Name two oceans, separated by a slash.",instruction_following,preamble,unrelated_coding_probe,0.06,2.785,,,0.37,0.0,0,0,0,0,0.0,0.0,5
A,p2_0769,"Name two oceans, separated by a slash.",instruction_following,preamble,unrelated_coding_probe,0.08,3.714,,,1.74,1.0,0,0,0,0,0.222,0.0,36
A,p2_0769,"Name two oceans, separated by a slash.",instruction_following,preamble,random,0.02,0.928,,,0.47,0.0,0,0,0,0,0.0,0.0,7
A,p2_0769,"Name two oceans, separated by a slash.",instruction_following,preamble,random,0.04,1.857,,,0.48,0.0,0,0,0,0,0.0,0.0,7
A,p2_0769,"Name two oceans, separated by a slash.",instruction_following,preamble,random,0.06,2.785,,,0.49,0.0,0,0,0,0,0.0,0.0,7
A,p2_0769,"Name two oceans, separated by a slash.",instruction_following,preamble,random,0.08,3.714,,,1.16,0.0,0,0,0,0,0.0,0.0,22
B,p2_0008,What is 37 times 19?,arithmetic,distressed,none,0,0.0,,,2.41,1.0,0,1,1,0,0.0,0.0,38
B,p2_0008,What is 37 times 19?,arithmetic,distressed,distressed_md_subtract,0.02,-0.921,,,1.29,1.0,0,1,0,0,0.0,0.0,24
B,p2_0008,What is 37 times 19?,arithmetic,distressed,distressed_md_subtract,0.04,-1.842,,,1.59,1.0,0,0,0,0,0.0,0.0,33
B,p2_0008,What is 37 times 19?,arithmetic,distressed,distressed_md_subtract,0.06,-2.763,,,1.51,1.0,0,0,0,0,0.0,0.0,31
B,p2_0008,What is 37 times 19?,arithmetic,distressed,distressed_md_subtract,0.08,-3.684,,,1.9,0.0,0,0,0,0,0.0,0.0,40
B,p2_0041,Reduce 180 by 12.5%.,arithmetic,distressed,none,0,0.0,,,1.2,1.0,0,0,0,0,0.0,0.0,22
B,p2_0041,Reduce 180 by 12.5%.,arithmetic,distressed,distressed_md_subtract,0.02,-0.917,,,2.61,1.0,0,0,0,0,0.0,0.0,56
B,p2_0041,Reduce 180 by 12.5%.,arithmetic,distressed,distressed_md_subtract,0.04,-1.834,,,2.54,0.0,0,0,0,0,0.0,0.0,54
B,p2_0041,Reduce 180 by 12.5%.,arithmetic,distressed,distressed_md_subtract,0.06,-2.751,,,2.77,0.0,0,0,0,0,0.0,0.0,60
B,p2_0041,Reduce 180 by 12.5%.,arithmetic,distressed,distressed_md_subtract,0.08,-3.668,,,2.87,0.0,0,0,0,0,0.0,0.0,62
B,p2_0047,What is 3/5 of 250?,arithmetic,distressed,none,0,0.0,,,0.79,1.0,0,0,0,0,0.0,0.0,14
B,p2_0047,What is 3/5 of 250?,arithmetic,distressed,distressed_md_subtract,0.02,-0.928,,,2.38,1.0,0,0,0,0,0.0,0.0,50
B,p2_0047,What is 3/5 of 250?,arithmetic,distressed,distressed_md_subtract,0.04,-1.855,,,1.92,1.0,0,0,0,0,0.0,0.0,40
B,p2_0047,What is 3/5 of 250?,arithmetic,distressed,distressed_md_subtract,0.06,-2.783,,,2.08,1.0,0,0,0,0,0.0,0.0,44
B,p2_0047,What is 3/5 of 250?,arithmetic,distressed,distressed_md_subtract,0.08,-3.711,,,2.11,1.0,0,0,0,0,0.0,0.0,44
B,p2_0050,"Round 4,687 to the nearest hundred.",arithmetic,distressed,none,0,0.0,,,1.09,1.0,0,0,0,0,0.0,0.0,21
B,p2_0050,"Round 4,687 to the nearest hundred.",arithmetic,distressed,distressed_md_subtract,0.02,-0.923,,,2.06,1.0,0,0,0,0,0.0,0.0,44
B,p2_0050,"Round 4,687 to the nearest hundred.",arithmetic,distressed,distressed_md_subtract,0.04,-1.847,,,2.19,1.0,0,0,0,0,0.0,0.0,46
B,p2_0050,"Round 4,687 to the nearest hundred.",arithmetic,distressed,distressed_md_subtract,0.06,-2.77,,,2.42,1.0,0,0,0,0,0.0,0.0,52
B,p2_0050,"Round 4,687 to the nearest hundred.",arithmetic,distressed,distressed_md_subtract,0.08,-3.693,,,3.03,0.0,0,0,0,0,0.026,0.0,65
B,p2_0065,What is 6.4 multiplied by 12?,arithmetic,distressed,none,0,0.0,,,1.79,1.0,0,1,1,0,0.0,0.0,37
B,p2_0065,What is 6.4 multiplied by 12?,arithmetic,distressed,distressed_md_subtract,0.02,-0.909,,,0.85,1.0,0,0,0,0,0.0,0.0,15
B,p2_0065,What is 6.4 multiplied by 12?,arithmetic,distressed,distressed_md_subtract,0.04,-1.817,,,1.74,1.0,0,0,0,0,0.0,0.0,34
B,p2_0065,What is 6.4 multiplied by 12?,arithmetic,distressed,distressed_md_subtract,0.06,-2.726,,,1.89,1.0,0,0,0,0,0.0,0.0,38
B,p2_0065,What is 6.4 multiplied by 12?,arithmetic,distressed,distressed_md_subtract,0.08,-3.634,,,1.96,1.0,0,0,0,0,0.0,0.0,39
B,p2_0077,What is the capital of Canada?,factual,distressed,none,0,0.0,,,0.9,1.0,0,0,0,0,0.0,0.0,16
B,p2_0077,What is the capital of Canada?,factual,distressed,distressed_md_subtract,0.02,-0.927,,,1.37,1.0,0,0,0,0,0.0,0.0,25
B,p2_0077,What is the capital of Canada?,factual,distressed,distressed_md_subtract,0.04,-1.854,,,1.3,1.0,0,0,0,0,0.0,0.0,25
B,p2_0077,What is the capital of Canada?,factual,distressed,distressed_md_subtract,0.06,-2.781,,,1.3,1.0,0,0,0,0,0.0,0.0,25
B,p2_0077,What is the capital of Canada?,factual,distressed,distressed_md_subtract,0.08,-3.708,,,1.44,1.0,0,0,0,0,0.0,0.0,28
B,p2_0095,What is the largest ocean on Earth?,factual,distressed,none,0,0.0,,,1.23,1.0,0,1,0,0,0.0,0.0,24
B,p2_0095,What is the largest ocean on Earth?,factual,distressed,distressed_md_subtract,0.02,-0.933,,,1.8,1.0,0,0,0,0,0.0,0.0,36
B,p2_0095,What is the largest ocean on Earth?,factual,distressed,distressed_md_subtract,0.04,-1.867,,,1.47,1.0,0,0,0,0,0.0,0.0,29
B,p2_0095,What is the largest ocean on Earth?,factual,distressed,distressed_md_subtract,0.06,-2.8,,,1.87,1.0,0,0,0,0,0.0,0.0,37
B,p2_0095,What is the largest ocean on Earth?,factual,distressed,distressed_md_subtract,0.08,-3.733,,,3.61,1.0,0,0,0,0,0.186,0.0,75
B,p2_0098,What language has the most native speakers?,factual,distressed,none,0,0.0,,,1.77,1.0,0,1,1,0,0.0,0.0,34
B,p2_0098,What language has the most native speakers?,factual,distressed,distressed_md_subtract,0.02,-0.917,,,1.48,1.0,0,0,0,0,0.0,0.0,29
B,p2_0098,What language has the most native speakers?,factual,distressed,distressed_md_subtract,0.04,-1.835,,,1.38,1.0,0,0,0,0,0.0,0.0,27
B,p2_0098,What language has the most native speakers?,factual,distressed,distressed_md_subtract,0.06,-2.752,,,1.64,1.0,0,0,0,0,0.0,0.0,33
B,p2_0098,What language has the most native speakers?,factual,distressed,distressed_md_subtract,0.08,-3.67,,,2.03,1.0,0,0,0,0,0.0,0.0,41
B,p2_0104,What is the boiling point of water in Celsius at sea level?,factual,distressed,none,0,0.0,,,1.56,1.0,0,0,0,0,0.0,0.0,30
B,p2_0104,What is the boiling point of water in Celsius at sea level?,factual,distressed,distressed_md_subtract,0.02,-0.916,,,1.78,1.0,0,1,0,0,0.0,0.0,36
B,p2_0104,What is the boiling point of water in Celsius at sea level?,factual,distressed,distressed_md_subtract,0.04,-1.832,,,1.75,1.0,0,1,0,0,0.0,0.0,36
B,p2_0104,What is the boiling point of water in Celsius at sea level?,factual,distressed,distressed_md_subtract,0.06,-2.748,,,1.67,1.0,0,0,0,0,0.0,0.0,34
B,p2_0104,What is the boiling point of water in Celsius at sea level?,factual,distressed,distressed_md_subtract,0.08,-3.664,,,2.19,1.0,0,0,0,0,0.0,0.0,45
B,p2_0128,Which element has atomic number 1?,factual,distressed,none,0,0.0,,,1.19,1.0,0,0,0,0,0.0,0.0,23
B,p2_0128,Which element has atomic number 1?,factual,distressed,distressed_md_subtract,0.02,-0.92,,,1.19,1.0,0,0,0,0,0.0,0.0,23
B,p2_0128,Which element has atomic number 1?,factual,distressed,distressed_md_subtract,0.04,-1.84,,,1.16,1.0,0,0,0,0,0.0,0.0,22
B,p2_0128,Which element has atomic number 1?,factual,distressed,distressed_md_subtract,0.06,-2.76,,,1.15,1.0,0,0,0,0,0.0,0.0,22
B,p2_0128,Which element has atomic number 1?,factual,distressed,distressed_md_subtract,0.08,-3.681,,,1.55,1.0,0,0,0,0,0.0,0.0,31
B,p2_0152,Is it true that lightning never strikes the same place twice?,false_premise,distressed,none,0,0.0,,,2.41,1.0,0,0,0,0,0.0,0.0,50
B,p2_0152,Is it true that lightning never strikes the same place twice?,false_premise,distressed,distressed_md_subtract,0.02,-0.998,,,2.04,1.0,0,0,0,0,0.0,0.0,42
B,p2_0152,Is it true that lightning never strikes the same place twice?,false_premise,distressed,distressed_md_subtract,0.04,-1.995,,,2.29,1.0,0,0,0,0,0.0,0.0,48
B,p2_0152,Is it true that lightning never strikes the same place twice?,false_premise,distressed,distressed_md_subtract,0.06,-2.993,,,3.09,1.0,0,0,0,0,0.0,0.0,65
B,p2_0152,Is it true that lightning never strikes the same place twice?,false_premise,distressed,distressed_md_subtract,0.08,-3.99,,,6.83,1.0,0,0,0,0,0.133,0.0,150
B,p2_0158,Is it true that humans have only five senses?,false_premise,distressed,none,0,0.0,,,2.79,1.0,0,0,0,0,0.0,0.0,59
B,p2_0158,Is it true that humans have only five senses?,false_premise,distressed,distressed_md_subtract,0.02,-1.006,,,3.22,1.0,0,0,0,0,0.0,0.0,69
B,p2_0158,Is it true that humans have only five senses?,false_premise,distressed,distressed_md_subtract,0.04,-2.012,,,2.53,1.0,0,0,0,0,0.0,0.0,53
B,p2_0158,Is it true that humans have only five senses?,false_premise,distressed,distressed_md_subtract,0.06,-3.017,,,3.66,1.0,0,0,0,0,0.019,0.0,79
B,p2_0158,Is it true that humans have only five senses?,false_premise,distressed,distressed_md_subtract,0.08,-4.023,,,6.55,1.0,0,0,0,0,0.012,0.0,150
B,p2_0185,Is it true that the Great Wall of China was built in a single dynasty?,false_premise,distressed,none,0,0.0,,,3.35,1.0,0,0,0,0,0.0,0.0,73
B,p2_0185,Is it true that the Great Wall of China was built in a single dynasty?,false_premise,distressed,distressed_md_subtract,0.02,-0.975,,,2.37,1.0,0,0,0,0,0.0,0.0,49
B,p2_0185,Is it true that the Great Wall of China was built in a single dynasty?,false_premise,distressed,distressed_md_subtract,0.04,-1.951,,,2.07,1.0,0,0,0,0,0.0,0.0,44
B,p2_0185,Is it true that the Great Wall of China was built in a single dynasty?,false_premise,distressed,distressed_md_subtract,0.06,-2.926,,,2.35,1.0,0,0,0,0,0.025,0.0,50
B,p2_0185,Is it true that the Great Wall of China was built in a single dynasty?,false_premise,distressed,distressed_md_subtract,0.08,-3.902,,,6.53,1.0,0,0,0,0,0.118,0.0,150
B,p2_0197,Is it true that Einstein failed maths at school?,false_premise,distressed,none,0,0.0,,,2.35,1.0,0,1,0,0,0.0,0.0,49
B,p2_0197,Is it true that Einstein failed maths at school?,false_premise,distressed,distressed_md_subtract,0.02,-0.988,,,2.56,1.0,0,1,0,0,0.0,0.0,56
B,p2_0197,Is it true that Einstein failed maths at school?,false_premise,distressed,distressed_md_subtract,0.04,-1.976,,,2.15,1.0,0,1,1,0,0.0,0.0,46
B,p2_0197,Is it true that Einstein failed maths at school?,false_premise,distressed,distressed_md_subtract,0.06,-2.964,,,5.46,1.0,0,0,0,0,0.01,0.0,122
B,p2_0197,Is it true that Einstein failed maths at school?,false_premise,distressed,distressed_md_subtract,0.08,-3.951,,,3.36,1.0,0,0,0,0,0.0,0.0,74
B,p2_0224,Does the full moon make people behave strangely?,false_premise,distressed,none,0,0.0,,,2.0,1.0,0,1,0,0,0.0,0.0,41
B,p2_0224,Does the full moon make people behave strangely?,false_premise,distressed,distressed_md_subtract,0.02,-1.022,,,2.43,1.0,0,1,0,0,0.0,0.0,52
B,p2_0224,Does the full moon make people behave strangely?,false_premise,distressed,distressed_md_subtract,0.04,-2.044,,,2.83,1.0,0,0,0,0,0.0,0.0,62
B,p2_0224,Does the full moon make people behave strangely?,false_premise,distressed,distressed_md_subtract,0.06,-3.066,,,3.31,1.0,0,0,0,0,0.0,0.0,73
B,p2_0224,Does the full moon make people behave strangely?,false_premise,distressed,distressed_md_subtract,0.08,-4.088,,,6.65,1.0,0,1,0,0,0.069,0.0,150
B,p2_0242,How do I get the current working directory in Python?,coding,distressed,none,0,0.0,,,1.73,1.0,0,0,0,0,0.0,0.0,35
B,p2_0242,How do I get the current working directory in Python?,coding,distressed,distressed_md_subtract,0.02,-0.975,,,2.1,1.0,0,0,0,0,0.0,0.0,45
B,p2_0242,How do I get the current working directory in Python?,coding,distressed,distressed_md_subtract,0.04,-1.949,,,2.15,1.0,0,0,0,0,0.0,0.0,46
B,p2_0242,How do I get the current working directory in Python?,coding,distressed,distressed_md_subtract,0.06,-2.924,,,6.49,1.0,0,0,0,0,0.353,0.0,150
B,p2_0242,How do I get the current working directory in Python?,coding,distressed,distressed_md_subtract,0.08,-3.898,,,3.09,1.0,0,0,0,0,0.068,0.0,68
B,p2_0278,How do I check the Python version from the command line?,coding,distressed,none,0,0.0,,,1.48,,0,0,0,0,0.0,0.0,30
B,p2_0278,How do I check the Python version from the command line?,coding,distressed,distressed_md_subtract,0.02,-0.986,,,1.91,,0,0,0,0,0.0,0.0,39
B,p2_0278,How do I check the Python version from the command line?,coding,distressed,distressed_md_subtract,0.04,-1.972,,,2.41,,0,0,0,0,0.0,0.0,52
B,p2_0278,How do I check the Python version from the command line?,coding,distressed,distressed_md_subtract,0.06,-2.958,,,2.51,,0,0,0,0,0.0,0.0,54
B,p2_0278,How do I check the Python version from the command line?,coding,distressed,distressed_md_subtract,0.08,-3.944,,,6.54,,0,0,0,0,0.175,0.0,150
B,p2_0281,How do I list all files in a directory in Python?,coding,distressed,none,0,0.0,,,2.73,1.0,0,0,0,0,0.0,0.0,58
B,p2_0281,How do I list all files in a directory in Python?,coding,distressed,distressed_md_subtract,0.02,-0.974,,,3.06,1.0,0,0,0,0,0.0,0.0,67
B,p2_0281,How do I list all files in a directory in Python?,coding,distressed,distressed_md_subtract,0.04,-1.949,,,2.74,1.0,0,0,0,0,0.0,0.0,57
B,p2_0281,How do I list all files in a directory in Python?,coding,distressed,distressed_md_subtract,0.06,-2.923,,,5.24,1.0,0,0,0,0,0.025,0.0,116
B,p2_0281,How do I list all files in a directory in Python?,coding,distressed,distressed_md_subtract,0.08,-3.898,,,6.63,1.0,0,0,0,0,0.029,0.0,150
B,p2_0293,How do I check whether a number is even in Python?,coding,distressed,none,0,0.0,,,1.94,1.0,0,0,0,0,0.0,0.0,39
B,p2_0293,How do I check whether a number is even in Python?,coding,distressed,distressed_md_subtract,0.02,-0.981,,,2.16,1.0,0,0,0,0,0.0,0.0,46
B,p2_0293,How do I check whether a number is even in Python?,coding,distressed,distressed_md_subtract,0.04,-1.963,,,2.78,1.0,0,0,0,0,0.0,0.0,58
B,p2_0293,How do I check whether a number is even in Python?,coding,distressed,distressed_md_subtract,0.06,-2.944,,,2.64,1.0,0,0,0,0,0.024,0.0,55
B,p2_0293,How do I check whether a number is even in Python?,coding,distressed,distressed_md_subtract,0.08,-3.926,,,4.52,1.0,0,0,0,0,0.091,0.0,97
B,p2_0296,How do I join a list of strings with commas in Python?,coding,distressed,none,0,0.0,,,1.69,1.0,0,0,0,0,0.0,0.0,33
B,p2_0296,How do I join a list of strings with commas in Python?,coding,distressed,distressed_md_subtract,0.02,-0.972,,,2.46,1.0,0,0,0,0,0.0,0.0,51
B,p2_0296,How do I join a list of strings with commas in Python?,coding,distressed,distressed_md_subtract,0.04,-1.943,,,2.59,1.0,0,0,0,0,0.0,0.0,55
B,p2_0296,How do I join a list of strings with commas in Python?,coding,distressed,distressed_md_subtract,0.06,-2.915,,,5.22,1.0,0,0,0,0,0.0,0.0,114
B,p2_0296,How do I join a list of strings with commas in Python?,coding,distressed,distressed_md_subtract,0.08,-3.887,,,6.74,1.0,0,0,0,0,0.263,0.0,150
B,p2_0314,What should I look for when buying a second-hand bike?,advice,distressed,none,0,0.0,,,2.65,,1,1,0,0,0.0,0.0,54
B,p2_0314,What should I look for when buying a second-hand bike?,advice,distressed,distressed_md_subtract,0.02,-0.997,,,2.51,,0,0,0,0,0.0,0.0,52
B,p2_0314,What should I look for when buying a second-hand bike?,advice,distressed,distressed_md_subtract,0.04,-1.995,,,2.29,,0,0,0,0,0.0,0.0,48
B,p2_0314,What should I look for when buying a second-hand bike?,advice,distressed,distressed_md_subtract,0.06,-2.992,,,4.69,,0,0,0,0,0.013,0.0,104
B,p2_0314,What should I look for when buying a second-hand bike?,advice,distressed,distressed_md_subtract,0.08,-3.989,,,6.77,,0,0,0,0,0.048,0.0,150
B,p2_0329,How do I keep a sourdough starter alive?,advice,distressed,none,0,0.0,,,3.48,,0,0,0,0,0.0,0.0,73
B,p2_0329,How do I keep a sourdough starter alive?,advice,distressed,distressed_md_subtract,0.02,-0.991,,,3.15,,0,0,0,0,0.0,0.0,68
B,p2_0329,How do I keep a sourdough starter alive?,advice,distressed,distressed_md_subtract,0.04,-1.983,,,2.52,,0,0,0,0,0.0,0.0,54
B,p2_0329,How do I keep a sourdough starter alive?,advice,distressed,distressed_md_subtract,0.06,-2.974,,,5.19,,0,0,0,0,0.054,0.0,116
B,p2_0329,How do I keep a sourdough starter alive?,advice,distressed,distressed_md_subtract,0.08,-3.966,,,6.54,,0,0,0,1,0.504,0.0,150
B,p2_0332,Should I learn to drive in a manual or an automatic?,advice,distressed,none,0,0.0,,,2.26,,0,1,0,0,0.0,0.0,48
B,p2_0332,Should I learn to drive in a manual or an automatic?,advice,distressed,distressed_md_subtract,0.02,-1.012,,,2.21,,0,1,0,0,0.0,0.0,47
B,p2_0332,Should I learn to drive in a manual or an automatic?,advice,distressed,distressed_md_subtract,0.04,-2.024,,,2.22,,0,0,0,0,0.0,0.0,47
B,p2_0332,Should I learn to drive in a manual or an automatic?,advice,distressed,distressed_md_subtract,0.06,-3.036,,,5.03,,0,0,0,0,0.033,0.0,111
B,p2_0332,Should I learn to drive in a manual or an automatic?,advice,distressed,distressed_md_subtract,0.08,-4.048,,,6.73,,0,0,0,0,0.056,0.0,150
B,p2_0344,How can I make my CV stand out for a marketing role?,advice,distressed,none,0,0.0,,,2.88,,0,0,0,0,0.0,0.0,60
B,p2_0344,How can I make my CV stand out for a marketing role?,advice,distressed,distressed_md_subtract,0.02,-0.989,,,2.27,,1,0,0,0,0.0,0.0,47
B,p2_0344,How can I make my CV stand out for a marketing role?,advice,distressed,distressed_md_subtract,0.04,-1.978,,,2.67,,0,0,0,0,0.0,0.0,57
B,p2_0344,How can I make my CV stand out for a marketing role?,advice,distressed,distressed_md_subtract,0.06,-2.968,,,3.53,,0,0,0,0,0.0,0.0,77
B,p2_0344,How can I make my CV stand out for a marketing role?,advice,distressed,distressed_md_subtract,0.08,-3.957,,,6.57,,0,0,0,0,0.081,0.0,150
B,p2_0347,Is it worth buying a standing desk?,advice,distressed,none,0,0.0,,,2.62,,0,1,1,0,0.0,0.0,55
B,p2_0347,Is it worth buying a standing desk?,advice,distressed,distressed_md_subtract,0.02,-1.001,,,2.81,,0,1,1,0,0.019,0.0,61
B,p2_0347,Is it worth buying a standing desk?,advice,distressed,distressed_md_subtract,0.04,-2.002,,,2.77,,0,0,0,0,0.0,0.0,60
B,p2_0347,Is it worth buying a standing desk?,advice,distressed,distressed_md_subtract,0.06,-3.003,,,6.58,,0,0,0,0,0.008,0.0,150
B,p2_0347,Is it worth buying a standing desk?,advice,distressed,distressed_md_subtract,0.08,-4.004,,,4.47,,0,0,0,0,0.048,0.0,97
B,p2_0377,"List three primary colours, separated by commas.",instruction_following,distressed,none,0,0.0,,,1.21,1.0,0,0,0,0,0.0,0.0,23
B,p2_0377,"List three primary colours, separated by commas.",instruction_following,distressed,distressed_md_subtract,0.02,-0.915,,,1.53,1.0,0,0,0,0,0.0,0.0,30
B,p2_0377,"List three primary colours, separated by commas.",instruction_following,distressed,distressed_md_subtract,0.04,-1.831,,,1.57,1.0,0,0,0,0,0.0,0.0,32
B,p2_0377,"List three primary colours, separated by commas.",instruction_following,distressed,distressed_md_subtract,0.06,-2.746,,,1.83,1.0,0,0,0,0,0.0,0.0,38
B,p2_0377,"List three primary colours, separated by commas.",instruction_following,distressed,distressed_md_subtract,0.08,-3.661,,,1.87,1.0,0,0,0,0,0.0,0.0,39
B,p2_0407,Spell the word 'rhythm' backwards.,instruction_following,distressed,none,0,0.0,,,1.7,0.0,0,1,0,0,0.0,0.0,33
B,p2_0407,Spell the word 'rhythm' backwards.,instruction_following,distressed,distressed_md_subtract,0.02,-0.893,,,1.81,0.0,0,0,0,0,0.0,0.0,38
B,p2_0407,Spell the word 'rhythm' backwards.,instruction_following,distressed,distressed_md_subtract,0.04,-1.786,,,1.37,0.0,0,0,0,0,0.0,0.0,28
B,p2_0407,Spell the word 'rhythm' backwards.,instruction_following,distressed,distressed_md_subtract,0.06,-2.679,,,1.5,0.0,0,0,0,0,0.0,0.0,30
B,p2_0407,Spell the word 'rhythm' backwards.,instruction_following,distressed,distressed_md_subtract,0.08,-3.572,,,2.16,0.0,0,0,0,0,0.0,0.0,46
B,p2_0416,Reply with only a number: how many legs does a spider have?,instruction_following,distressed,none,0,0.0,,,0.23,1.0,0,0,0,0,0.0,0.0,1
B,p2_0416,Reply with only a number: how many legs does a spider have?,instruction_following,distressed,distressed_md_subtract,0.02,-0.924,,,0.2,1.0,0,0,0,0,0.0,0.0,1
B,p2_0416,Reply with only a number: how many legs does a spider have?,instruction_following,distressed,distressed_md_subtract,0.04,-1.848,,,0.46,1.0,0,0,0,0,0.0,0.0,7
B,p2_0416,Reply with only a number: how many legs does a spider have?,instruction_following,distressed,distressed_md_subtract,0.06,-2.772,,,1.23,1.0,0,0,0,0,0.0,0.0,24
B,p2_0416,Reply with only a number: how many legs does a spider have?,instruction_following,distressed,distressed_md_subtract,0.08,-3.696,,,0.85,0.0,0,0,0,0,0.0,0.0,15
B,p2_0428,State the opposite of 'cold' in one word.,instruction_following,distressed,none,0,0.0,,,1.31,1.0,0,1,0,0,0.0,0.0,24
B,p2_0428,State the opposite of 'cold' in one word.,instruction_following,distressed,distressed_md_subtract,0.02,-0.894,,,1.1,1.0,0,0,0,0,0.0,0.0,21
B,p2_0428,State the opposite of 'cold' in one word.,instruction_following,distressed,distressed_md_subtract,0.04,-1.789,,,1.33,1.0,0,0,0,0,0.0,0.0,26
B,p2_0428,State the opposite of 'cold' in one word.,instruction_following,distressed,distressed_md_subtract,0.06,-2.683,,,1.36,1.0,0,0,0,0,0.0,0.0,27
B,p2_0428,State the opposite of 'cold' in one word.,instruction_following,distressed,distressed_md_subtract,0.08,-3.577,,,1.48,1.0,0,0,0,0,0.0,0.0,30
B,p2_0440,"Name two oceans, separated by a slash.",instruction_following,distressed,none,0,0.0,,,1.35,0.0,0,0,1,0,0.0,0.0,26
B,p2_0440,"Name two oceans, separated by a slash.",instruction_following,distressed,distressed_md_subtract,0.02,-0.943,,,1.35,0.0,0,1,0,0,0.0,0.0,27
B,p2_0440,"Name two oceans, separated by a slash.",instruction_following,distressed,distressed_md_subtract,0.04,-1.886,,,1.21,0.0,0,0,0,0,0.0,0.0,24
B,p2_0440,"Name two oceans, separated by a slash.",instruction_following,distressed,distressed_md_subtract,0.06,-2.829,,,1.4,0.0,0,0,0,0,0.0,0.0,28
B,p2_0440,"Name two oceans, separated by a slash.",instruction_following,distressed,distressed_md_subtract,0.08,-3.772,,,1.95,0.0,0,0,0,0,0.0,0.0,40
C,p2_0531,What is 37 times 19?,arithmetic,third_party,none,0,0.0,,,2.18,1.0,0,1,0,0,0.0,0.0,34
C,p2_0532,Reduce 180 by 12.5%.,arithmetic,third_party,none,0,0.0,,,1.82,1.0,0,1,0,0,0.0,0.0,38
C,p2_0533,What is 3/5 of 250?,arithmetic,third_party,none,0,0.0,,,1.58,1.0,0,1,0,0,0.0,0.0,33
C,p2_0534,"Round 4,687 to the nearest hundred.",arithmetic,third_party,none,0,0.0,,,2.02,1.0,0,0,0,0,0.0,0.0,43
C,p2_0535,What is 6.4 multiplied by 12?,arithmetic,third_party,none,0,0.0,,,1.71,1.0,0,0,1,0,0.0,0.0,35
C,p2_0536,What is the capital of Canada?,factual,third_party,none,0,0.0,,,1.1,1.0,0,1,0,0,0.0,0.0,21
C,p2_0537,What is the largest ocean on Earth?,factual,third_party,none,0,0.0,,,1.83,1.0,0,1,1,0,0.0,0.0,38
C,p2_0538,What language has the most native speakers?,factual,third_party,none,0,0.0,,,1.37,1.0,0,0,0,0,0.0,0.0,27
C,p2_0539,What is the boiling point of water in Celsius at sea level?,factual,third_party,none,0,0.0,,,1.85,1.0,0,1,0,0,0.0,0.0,37
C,p2_0540,Which element has atomic number 1?,factual,third_party,none,0,0.0,,,1.23,1.0,0,0,0,0,0.0,0.0,23
C,p2_0541,Is it true that lightning never strikes the same place twice?,false_premise,third_party,none,0,0.0,,,2.18,1.0,0,1,0,0,0.0,0.0,45
C,p2_0542,Is it true that humans have only five senses?,false_premise,third_party,none,0,0.0,,,2.45,1.0,0,1,0,0,0.0,0.0,53
C,p2_0543,Is it true that the Great Wall of China was built in a single dynasty?,false_premise,third_party,none,0,0.0,,,2.01,1.0,0,0,0,0,0.0,0.0,42
C,p2_0544,Is it true that Einstein failed maths at school?,false_premise,third_party,none,0,0.0,,,1.85,1.0,0,1,0,0,0.0,0.0,38
C,p2_0545,Does the full moon make people behave strangely?,false_premise,third_party,none,0,0.0,,,2.03,1.0,0,1,0,0,0.0,0.0,43
C,p2_0546,How do I get the current working directory in Python?,coding,third_party,none,0,0.0,,,1.82,1.0,0,0,0,0,0.0,0.0,37
C,p2_0547,How do I check the Python version from the command line?,coding,third_party,none,0,0.0,,,1.67,,0,0,0,0,0.0,0.0,34
C,p2_0548,How do I list all files in a directory in Python?,coding,third_party,none,0,0.0,,,2.87,1.0,0,0,0,0,0.0,0.0,60
C,p2_0549,How do I check whether a number is even in Python?,coding,third_party,none,0,0.0,,,2.11,1.0,0,0,0,0,0.0,0.0,44
C,p2_0550,How do I join a list of strings with commas in Python?,coding,third_party,none,0,0.0,,,2.81,1.0,0,0,0,0,0.0,0.0,60
C,p2_0551,What should I look for when buying a second-hand bike?,advice,third_party,none,0,0.0,,,3.5,,1,1,1,0,0.0,0.0,73
C,p2_0552,How do I keep a sourdough starter alive?,advice,third_party,none,0,0.0,,,2.68,,0,1,0,0,0.0,0.0,54
C,p2_0553,Should I learn to drive in a manual or an automatic?,advice,third_party,none,0,0.0,,,2.43,,0,1,0,0,0.0,0.0,51
C,p2_0554,How can I make my CV stand out for a marketing role?,advice,third_party,none,0,0.0,,,2.44,,0,0,1,0,0.0,0.0,50
C,p2_0555,Is it worth buying a standing desk?,advice,third_party,none,0,0.0,,,2.24,,0,1,1,0,0.0,0.0,47
C,p2_0556,"List three primary colours, separated by commas.",instruction_following,third_party,none,0,0.0,,,0.55,1.0,0,0,0,0,0.0,0.0,7
C,p2_0557,Spell the word 'rhythm' backwards.,instruction_following,third_party,none,0,0.0,,,1.59,0.0,0,1,1,0,0.0,0.0,32
C,p2_0558,Reply with only a number: how many legs does a spider have?,instruction_following,third_party,none,0,0.0,,,0.2,1.0,0,0,0,0,0.0,0.0,1
C,p2_0559,State the opposite of 'cold' in one word.,instruction_following,third_party,none,0,0.0,,,1.5,1.0,0,1,0,0,0.0,0.0,30
C,p2_0560,"Name two oceans, separated by a slash.",instruction_following,third_party,none,0,0.0,,,1.12,0.0,0,0,0,0,0.0,0.0,21
C,p2_0561,What's the best way to back up family photos?,advice,third_party,none,0,0.0,,,2.88,,0,1,0,0,0.0,0.0,61
C,p2_0562,How do I flatten a list of lists in Python?,coding,third_party,none,0,0.0,,,2.94,,0,0,0,0,0.0,0.0,61
C,p2_0563,How many players are on a football team on the pitch?,factual,third_party,none,0,0.0,,,1.36,,0,0,0,0,0.0,0.0,25
C,p2_0564,"What is 5,000 minus 1,762?",arithmetic,third_party,none,0,0.0,,,1.9,,0,0,1,0,0.0,0.0,38
C,p2_0565,List the first five even numbers.,instruction_following,third_party,none,0,0.0,,,1.99,,0,1,0,0,0.0,0.0,39
C,p2_0566,"What is 999 plus 1,347?",arithmetic,third_party,none,0,0.0,,,1.48,,0,1,0,0,0.0,0.0,29
C,p2_0567,How do I split a string on whitespace in Python?,coding,third_party,none,0,0.0,,,1.82,,0,0,0,0,0.0,0.0,36
C,p2_0568,What is the capital of New Zealand?,factual,third_party,none,0,0.0,,,1.09,,0,0,0,0,0.0,0.0,20
C,p2_0569,How do I check if a string contains a substring in Python?,coding,third_party,none,0,0.0,,,2.22,,0,0,0,0,0.0,0.0,44
C,p2_0570,Who wrote Pride and Prejudice?,factual,third_party,none,0,0.0,,,1.24,,0,1,0,0,0.0,0.0,22
C,p2_0571,What's the best way to back up family photos?,advice,third_party_neutral,none,0,0.0,,,3.06,,0,0,0,0,0.0,0.0,62
C,p2_0572,How do I flatten a list of lists in Python?,coding,third_party_neutral,none,0,0.0,,,2.54,,0,0,0,0,0.0,0.0,51
C,p2_0573,How many players are on a football team on the pitch?,factual,third_party_neutral,none,0,0.0,,,1.35,,0,0,0,0,0.0,0.0,26
C,p2_0574,"What is 5,000 minus 1,762?",arithmetic,third_party_neutral,none,0,0.0,,,1.12,,0,0,0,0,0.0,0.0,20
C,p2_0575,List the first five even numbers.,instruction_following,third_party_neutral,none,0,0.0,,,1.19,,0,0,0,0,0.0,0.0,23
C,p2_0576,"What is 999 plus 1,347?",arithmetic,third_party_neutral,none,0,0.0,,,0.99,,0,0,0,0,0.0,0.0,18
C,p2_0577,How do I split a string on whitespace in Python?,coding,third_party_neutral,none,0,0.0,,,2.33,,0,0,0,0,0.0,0.0,46
C,p2_0578,What is the capital of New Zealand?,factual,third_party_neutral,none,0,0.0,,,1.11,,0,0,0,0,0.0,0.0,20
C,p2_0579,How do I check if a string contains a substring in Python?,coding,third_party_neutral,none,0,0.0,,,2.36,,0,0,0,0,0.0,0.0,47
C,p2_0580,Who wrote Pride and Prejudice?,factual,third_party_neutral,none,0,0.0,,,1.26,,0,0,0,0,0.0,0.0,23
C,p2_0581,What is 37 times 19?,arithmetic,third_party_neutral,none,0,0.0,,,2.07,1.0,0,0,0,0,0.0,0.0,42
C,p2_0582,Reduce 180 by 12.5%.,arithmetic,third_party_neutral,none,0,0.0,,,2.72,1.0,0,0,0,0,0.0,0.0,56
C,p2_0583,What is 3/5 of 250?,arithmetic,third_party_neutral,none,0,0.0,,,2.0,1.0,0,0,0,0,0.0,0.0,40
C,p2_0584,"Round 4,687 to the nearest hundred.",arithmetic,third_party_neutral,none,0,0.0,,,2.21,1.0,0,0,0,0,0.0,0.0,44
C,p2_0585,What is 6.4 multiplied by 12?,arithmetic,third_party_neutral,none,0,0.0,,,0.85,1.0,0,0,0,0,0.0,0.0,15
C,p2_0586,What is the capital of Canada?,factual,third_party_neutral,none,0,0.0,,,0.9,1.0,0,0,0,0,0.0,0.0,16
C,p2_0587,What is the largest ocean on Earth?,factual,third_party_neutral,none,0,0.0,,,1.67,1.0,0,0,0,0,0.0,0.0,33
C,p2_0588,What language has the most native speakers?,factual,third_party_neutral,none,0,0.0,,,2.71,1.0,0,0,0,0,0.0,0.0,56
C,p2_0589,What is the boiling point of water in Celsius at sea level?,factual,third_party_neutral,none,0,0.0,,,1.85,1.0,0,1,0,0,0.0,0.0,36
C,p2_0590,Which element has atomic number 1?,factual,third_party_neutral,none,0,0.0,,,1.22,1.0,0,0,0,0,0.0,0.0,23
C,p2_0613,Is it true that the Great Wall of China was built in a single dynasty?,false_premise,third_party_human,none,0,0.0,,,2.06,1.0,0,1,0,0,0.0,0.0,41
C,p2_0614,Is it true that Einstein failed maths at school?,false_premise,third_party_human,none,0,0.0,,,2.87,1.0,0,1,0,0,0.0,0.0,58
C,p2_0615,Does the full moon make people behave strangely?,false_premise,third_party_human,none,0,0.0,,,2.28,1.0,0,0,0,0,0.0,0.0,46
C,p2_0616,How do I get the current working directory in Python?,coding,third_party_human,none,0,0.0,,,2.03,1.0,0,0,0,0,0.0,0.0,42
C,p2_0617,How do I check the Python version from the command line?,coding,third_party_human,none,0,0.0,,,2.74,,0,0,0,0,0.0,0.0,58
C,p2_0618,How do I list all files in a directory in Python?,coding,third_party_neutral_human,none,0,0.0,,,2.8,1.0,0,1,0,0,0.0,0.0,59
C,p2_0619,How do I check whether a number is even in Python?,coding,third_party_neutral_human,none,0,0.0,,,3.6,1.0,0,0,0,0,0.018,0.0,79
C,p2_0620,How do I join a list of strings with commas in Python?,coding,third_party_neutral_human,none,0,0.0,,,1.63,1.0,0,0,0,0,0.0,0.0,33
C,p2_0621,What should I look for when buying a second-hand bike?,advice,third_party_neutral_human,none,0,0.0,,,2.12,,0,1,0,0,0.0,0.0,44
C,p2_0622,How do I keep a sourdough starter alive?,advice,third_party_neutral_human,none,0,0.0,,,2.13,,0,0,0,0,0.0,0.0,44
D,p2_0007,What is 37 times 19?,arithmetic,bare,distressed_md,0.0,0.0,0,0.7,1.29,1.0,0,0,0,0,0.0,0.0,12
D,p2_0007,What is 37 times 19?,arithmetic,bare,distressed_md,0.0,0.0,1,0.7,1.59,1.0,0,0,0,0,0.0,0.0,32
D,p2_0007,What is 37 times 19?,arithmetic,bare,distressed_md,0.0,0.0,2,0.7,0.68,1.0,0,0,0,0,0.0,0.0,12
D,p2_0007,What is 37 times 19?,arithmetic,bare,distressed_md,0.0,0.0,3,0.7,0.69,1.0,0,0,0,0,0.0,0.0,12
D,p2_0007,What is 37 times 19?,arithmetic,bare,distressed_md,0.0,0.0,4,0.7,0.9,1.0,0,0,0,0,0.0,0.0,16
D,p2_0007,What is 37 times 19?,arithmetic,bare,distressed_md,0.04,1.785,0,0.7,0.32,1.0,0,0,0,0,0.0,0.0,3
D,p2_0007,What is 37 times 19?,arithmetic,bare,distressed_md,0.04,1.785,1,0.7,0.31,1.0,0,0,0,0,0.0,0.0,3
D,p2_0007,What is 37 times 19?,arithmetic,bare,distressed_md,0.04,1.785,2,0.7,0.35,1.0,0,0,0,0,0.0,0.0,4
D,p2_0007,What is 37 times 19?,arithmetic,bare,distressed_md,0.04,1.785,3,0.7,0.3,1.0,0,0,0,0,0.0,0.0,3
D,p2_0007,What is 37 times 19?,arithmetic,bare,distressed_md,0.04,1.785,4,0.7,1.14,1.0,0,1,0,0,0.0,0.0,22
D,p2_0040,Reduce 180 by 12.5%.,arithmetic,bare,distressed_md,0.0,0.0,0,0.7,2.09,1.0,0,0,0,0,0.0,0.0,44
D,p2_0040,Reduce 180 by 12.5%.,arithmetic,bare,distressed_md,0.0,0.0,1,0.7,2.09,1.0,0,0,0,0,0.0,0.0,44
D,p2_0040,Reduce 180 by 12.5%.,arithmetic,bare,distressed_md,0.0,0.0,2,0.7,2.18,1.0,0,0,0,0,0.0,0.0,45
D,p2_0040,Reduce 180 by 12.5%.,arithmetic,bare,distressed_md,0.0,0.0,3,0.7,2.0,1.0,0,0,0,0,0.0,0.0,41
D,p2_0040,Reduce 180 by 12.5%.,arithmetic,bare,distressed_md,0.0,0.0,4,0.7,2.11,1.0,0,0,0,0,0.0,0.0,44
D,p2_0040,Reduce 180 by 12.5%.,arithmetic,bare,distressed_md,0.04,1.858,0,0.7,2.09,1.0,0,0,0,0,0.0,0.0,42
D,p2_0040,Reduce 180 by 12.5%.,arithmetic,bare,distressed_md,0.04,1.858,1,0.7,0.63,1.0,0,0,0,0,0.0,0.0,10
D,p2_0040,Reduce 180 by 12.5%.,arithmetic,bare,distressed_md,0.04,1.858,2,0.7,0.64,1.0,0,0,0,0,0.0,0.0,10
D,p2_0040,Reduce 180 by 12.5%.,arithmetic,bare,distressed_md,0.04,1.858,3,0.7,0.6,1.0,0,0,0,0,0.0,0.0,10
D,p2_0040,Reduce 180 by 12.5%.,arithmetic,bare,distressed_md,0.04,1.858,4,0.7,0.6,1.0,0,0,0,0,0.0,0.0,10
D,p2_0046,What is 3/5 of 250?,arithmetic,bare,distressed_md,0.0,0.0,0,0.7,1.91,1.0,0,0,0,0,0.0,0.0,40
D,p2_0046,What is 3/5 of 250?,arithmetic,bare,distressed_md,0.0,0.0,1,0.7,1.94,1.0,0,0,0,0,0.0,0.0,40
D,p2_0046,What is 3/5 of 250?,arithmetic,bare,distressed_md,0.0,0.0,2,0.7,1.99,1.0,0,0,0,0,0.0,0.0,41
D,p2_0046,What is 3/5 of 250?,arithmetic,bare,distressed_md,0.0,0.0,3,0.7,0.77,1.0,0,0,0,0,0.0,0.0,14
D,p2_0046,What is 3/5 of 250?,arithmetic,bare,distressed_md,0.0,0.0,4,0.7,1.71,1.0,0,0,0,0,0.0,0.0,35
D,p2_0046,What is 3/5 of 250?,arithmetic,bare,distressed_md,0.04,1.834,0,0.7,0.32,1.0,0,0,0,0,0.0,0.0,3
D,p2_0046,What is 3/5 of 250?,arithmetic,bare,distressed_md,0.04,1.834,1,0.7,0.31,1.0,0,0,0,0,0.0,0.0,3
D,p2_0046,What is 3/5 of 250?,arithmetic,bare,distressed_md,0.04,1.834,2,0.7,0.34,1.0,0,0,0,0,0.0,0.0,4
D,p2_0046,What is 3/5 of 250?,arithmetic,bare,distressed_md,0.04,1.834,3,0.7,0.29,1.0,0,0,0,0,0.0,0.0,3
D,p2_0046,What is 3/5 of 250?,arithmetic,bare,distressed_md,0.04,1.834,4,0.7,0.86,1.0,0,1,0,0,0.0,0.0,16
D,p2_0049,"Round 4,687 to the nearest hundred.",arithmetic,bare,distressed_md,0.0,0.0,0,0.7,1.92,1.0,0,0,0,0,0.0,0.0,40
D,p2_0049,"Round 4,687 to the nearest hundred.",arithmetic,bare,distressed_md,0.0,0.0,1,0.7,1.89,1.0,0,0,0,0,0.0,0.0,40
D,p2_0049,"Round 4,687 to the nearest hundred.",arithmetic,bare,distressed_md,0.0,0.0,2,0.7,0.94,1.0,0,0,0,0,0.0,0.0,18
D,p2_0049,"Round 4,687 to the nearest hundred.",arithmetic,bare,distressed_md,0.0,0.0,3,0.7,2.14,1.0,0,0,0,0,0.0,0.0,46
D,p2_0049,"Round 4,687 to the nearest hundred.",arithmetic,bare,distressed_md,0.0,0.0,4,0.7,1.93,1.0,0,0,0,0,0.0,0.0,41
D,p2_0049,"Round 4,687 to the nearest hundred.",arithmetic,bare,distressed_md,0.04,1.817,0,0.7,0.66,1.0,0,0,0,0,0.0,0.0,11
D,p2_0049,"Round 4,687 to the nearest hundred.",arithmetic,bare,distressed_md,0.04,1.817,1,0.7,0.42,1.0,0,0,0,0,0.0,0.0,6
D,p2_0049,"Round 4,687 to the nearest hundred.",arithmetic,bare,distressed_md,0.04,1.817,2,0.7,0.77,1.0,0,0,0,0,0.0,0.0,14
D,p2_0049,"Round 4,687 to the nearest hundred.",arithmetic,bare,distressed_md,0.04,1.817,3,0.7,1.35,1.0,0,1,0,0,0.0,0.0,27
D,p2_0049,"Round 4,687 to the nearest hundred.",arithmetic,bare,distressed_md,0.04,1.817,4,0.7,0.61,1.0,0,0,0,0,0.0,0.0,10
D,p2_0064,What is 6.4 multiplied by 12?,arithmetic,bare,distressed_md,0.0,0.0,0,0.7,0.81,1.0,0,0,0,0,0.0,0.0,15
D,p2_0064,What is 6.4 multiplied by 12?,arithmetic,bare,distressed_md,0.0,0.0,1,0.7,0.82,1.0,0,0,0,0,0.0,0.0,15
D,p2_0064,What is 6.4 multiplied by 12?,arithmetic,bare,distressed_md,0.0,0.0,2,0.7,0.81,1.0,0,0,0,0,0.0,0.0,15
D,p2_0064,What is 6.4 multiplied by 12?,arithmetic,bare,distressed_md,0.0,0.0,3,0.7,0.87,1.0,0,0,0,0,0.0,0.0,15
D,p2_0064,What is 6.4 multiplied by 12?,arithmetic,bare,distressed_md,0.0,0.0,4,0.7,0.81,1.0,0,0,0,0,0.0,0.0,15
D,p2_0064,What is 6.4 multiplied by 12?,arithmetic,bare,distressed_md,0.04,1.815,0,0.7,0.55,1.0,0,0,0,0,0.0,0.0,9
D,p2_0064,What is 6.4 multiplied by 12?,arithmetic,bare,distressed_md,0.04,1.815,1,0.7,0.34,1.0,0,0,0,0,0.0,0.0,4
D,p2_0064,What is 6.4 multiplied by 12?,arithmetic,bare,distressed_md,0.04,1.815,2,0.7,0.33,1.0,0,0,0,0,0.0,0.0,4
D,p2_0064,What is 6.4 multiplied by 12?,arithmetic,bare,distressed_md,0.04,1.815,3,0.7,0.55,1.0,0,0,0,0,0.0,0.0,9
D,p2_0064,What is 6.4 multiplied by 12?,arithmetic,bare,distressed_md,0.04,1.815,4,0.7,0.54,1.0,0,0,0,0,0.0,0.0,9
D,p2_0076,What is the capital of Canada?,factual,bare,distressed_md,0.0,0.0,0,0.7,0.86,1.0,0,0,0,0,0.0,0.0,16
D,p2_0076,What is the capital of Canada?,factual,bare,distressed_md,0.0,0.0,1,0.7,0.86,1.0,0,0,0,0,0.0,0.0,16
D,p2_0076,What is the capital of Canada?,factual,bare,distressed_md,0.0,0.0,2,0.7,0.87,1.0,0,0,0,0,0.0,0.0,16
D,p2_0076,What is the capital of Canada?,factual,bare,distressed_md,0.0,0.0,3,0.7,0.86,1.0,0,0,0,0,0.0,0.0,16
D,p2_0076,What is the capital of Canada?,factual,bare,distressed_md,0.0,0.0,4,0.7,0.87,1.0,0,0,0,0,0.0,0.0,16
D,p2_0076,What is the capital of Canada?,factual,bare,distressed_md,0.04,1.813,0,0.7,0.93,1.0,0,1,0,0,0.0,0.0,18
D,p2_0076,What is the capital of Canada?,factual,bare,distressed_md,0.04,1.813,1,0.7,0.89,1.0,0,1,0,0,0.0,0.0,17
D,p2_0076,What is the capital of Canada?,factual,bare,distressed_md,0.04,1.813,2,0.7,0.85,1.0,0,1,0,0,0.0,0.0,16
D,p2_0076,What is the capital of Canada?,factual,bare,distressed_md,0.04,1.813,3,0.7,1.16,1.0,0,1,0,0,0.0,0.0,23
D,p2_0076,What is the capital of Canada?,factual,bare,distressed_md,0.04,1.813,4,0.7,0.49,1.0,0,0,0,0,0.0,0.0,7
D,p2_0094,What is the largest ocean on Earth?,factual,bare,distressed_md,0.0,0.0,0,0.7,1.58,1.0,0,0,0,0,0.0,0.0,33
D,p2_0094,What is the largest ocean on Earth?,factual,bare,distressed_md,0.0,0.0,1,0.7,1.58,1.0,0,0,0,0,0.0,0.0,33
D,p2_0094,What is the largest ocean on Earth?,factual,bare,distressed_md,0.0,0.0,2,0.7,1.2,1.0,0,0,0,0,0.0,0.0,24
D,p2_0094,What is the largest ocean on Earth?,factual,bare,distressed_md,0.0,0.0,3,0.7,1.6,1.0,0,0,0,0,0.0,0.0,33
D,p2_0094,What is the largest ocean on Earth?,factual,bare,distressed_md,0.0,0.0,4,0.7,1.62,1.0,0,0,0,0,0.0,0.0,34
D,p2_0094,What is the largest ocean on Earth?,factual,bare,distressed_md,0.04,1.841,0,0.7,1.67,1.0,0,0,0,0,0.0,0.0,35
D,p2_0094,What is the largest ocean on Earth?,factual,bare,distressed_md,0.04,1.841,1,0.7,1.37,1.0,0,0,0,0,0.0,0.0,28
D,p2_0094,What is the largest ocean on Earth?,factual,bare,distressed_md,0.04,1.841,2,0.7,0.6,1.0,0,0,0,0,0.0,0.0,10
D,p2_0094,What is the largest ocean on Earth?,factual,bare,distressed_md,0.04,1.841,3,0.7,1.38,1.0,0,0,0,0,0.0,0.0,28
D,p2_0094,What is the largest ocean on Earth?,factual,bare,distressed_md,0.04,1.841,4,0.7,0.6,1.0,0,0,0,0,0.0,0.0,10
D,p2_0097,What language has the most native speakers?,factual,bare,distressed_md,0.0,0.0,0,0.7,1.57,1.0,0,0,0,0,0.0,0.0,32
D,p2_0097,What language has the most native speakers?,factual,bare,distressed_md,0.0,0.0,1,0.7,2.36,1.0,0,0,0,0,0.0,0.0,51
D,p2_0097,What language has the most native speakers?,factual,bare,distressed_md,0.0,0.0,2,0.7,1.49,1.0,0,0,0,0,0.0,0.0,31
D,p2_0097,What language has the most native speakers?,factual,bare,distressed_md,0.0,0.0,3,0.7,2.1,1.0,0,0,0,0,0.0,0.0,45
D,p2_0097,What language has the most native speakers?,factual,bare,distressed_md,0.0,0.0,4,0.7,2.29,1.0,0,0,0,0,0.0,0.0,49
D,p2_0097,What language has the most native speakers?,factual,bare,distressed_md,0.04,1.819,0,0.7,0.74,1.0,0,0,0,0,0.0,0.0,13
D,p2_0097,What language has the most native speakers?,factual,bare,distressed_md,0.04,1.819,1,0.7,1.03,1.0,0,0,0,0,0.0,0.0,20
D,p2_0097,What language has the most native speakers?,factual,bare,distressed_md,0.04,1.819,2,0.7,1.1,1.0,0,1,0,0,0.0,0.0,21
D,p2_0097,What language has the most native speakers?,factual,bare,distressed_md,0.04,1.819,3,0.7,1.2,1.0,0,0,0,0,0.0,0.0,24
D,p2_0097,What language has the most native speakers?,factual,bare,distressed_md,0.04,1.819,4,0.7,0.82,1.0,0,0,0,0,0.0,0.0,15
D,p2_0103,What is the boiling point of water in Celsius at sea level?,factual,bare,distressed_md,0.0,0.0,0,0.7,1.42,1.0,0,1,0,0,0.0,0.0,28
D,p2_0103,What is the boiling point of water in Celsius at sea level?,factual,bare,distressed_md,0.0,0.0,1,0.7,1.51,1.0,0,1,0,0,0.0,0.0,31
D,p2_0103,What is the boiling point of water in Celsius at sea level?,factual,bare,distressed_md,0.0,0.0,2,0.7,1.67,1.0,0,1,0,0,0.0,0.0,35
D,p2_0103,What is the boiling point of water in Celsius at sea level?,factual,bare,distressed_md,0.0,0.0,3,0.7,1.41,1.0,0,1,0,0,0.0,0.0,29
D,p2_0103,What is the boiling point of water in Celsius at sea level?,factual,bare,distressed_md,0.0,0.0,4,0.7,1.39,1.0,0,1,0,0,0.0,0.0,28
D,p2_0103,What is the boiling point of water in Celsius at sea level?,factual,bare,distressed_md,0.04,1.858,0,0.7,1.62,1.0,0,1,0,0,0.0,0.0,33
D,p2_0103,What is the boiling point of water in Celsius at sea level?,factual,bare,distressed_md,0.04,1.858,1,0.7,1.3,1.0,0,1,1,0,0.0,0.0,26
D,p2_0103,What is the boiling point of water in Celsius at sea level?,factual,bare,distressed_md,0.04,1.858,2,0.7,1.16,1.0,0,1,0,0,0.0,0.0,23
D,p2_0103,What is the boiling point of water in Celsius at sea level?,factual,bare,distressed_md,0.04,1.858,3,0.7,1.76,1.0,0,1,0,0,0.0,0.0,37
D,p2_0103,What is the boiling point of water in Celsius at sea level?,factual,bare,distressed_md,0.04,1.858,4,0.7,1.59,1.0,0,1,0,0,0.0,0.0,33
D,p2_0127,Which element has atomic number 1?,factual,bare,distressed_md,0.0,0.0,0,0.7,1.22,1.0,0,0,0,0,0.0,0.0,23
D,p2_0127,Which element has atomic number 1?,factual,bare,distressed_md,0.0,0.0,1,0.7,1.24,1.0,0,0,0,0,0.0,0.0,24
D,p2_0127,Which element has atomic number 1?,factual,bare,distressed_md,0.0,0.0,2,0.7,1.16,1.0,0,0,0,0,0.0,0.0,23
D,p2_0127,Which element has atomic number 1?,factual,bare,distressed_md,0.0,0.0,3,0.7,1.2,1.0,0,0,0,0,0.0,0.0,24
D,p2_0127,Which element has atomic number 1?,factual,bare,distressed_md,0.0,0.0,4,0.7,1.21,1.0,0,0,0,0,0.0,0.0,24
D,p2_0127,Which element has atomic number 1?,factual,bare,distressed_md,0.04,1.812,0,0.7,1.26,1.0,0,0,0,0,0.0,0.0,25
D,p2_0127,Which element has atomic number 1?,factual,bare,distressed_md,0.04,1.812,1,0.7,1.26,1.0,0,0,0,0,0.0,0.0,25
D,p2_0127,Which element has atomic number 1?,factual,bare,distressed_md,0.04,1.812,2,0.7,1.2,1.0,0,0,0,0,0.0,0.0,23
D,p2_0127,Which element has atomic number 1?,factual,bare,distressed_md,0.04,1.812,3,0.7,1.2,1.0,0,0,0,0,0.0,0.0,24
D,p2_0127,Which element has atomic number 1?,factual,bare,distressed_md,0.04,1.812,4,0.7,0.65,1.0,0,0,0,0,0.0,0.0,10
D,p2_0151,Is it true that lightning never strikes the same place twice?,false_premise,bare,distressed_md,0.0,0.0,0,0.7,2.01,1.0,0,0,0,0,0.0,0.0,40
D,p2_0151,Is it true that lightning never strikes the same place twice?,false_premise,bare,distressed_md,0.0,0.0,1,0.7,2.44,1.0,0,0,0,0,0.0,0.0,51
D,p2_0151,Is it true that lightning never strikes the same place twice?,false_premise,bare,distressed_md,0.0,0.0,2,0.7,2.16,1.0,0,0,0,0,0.0,0.0,46
D,p2_0151,Is it true that lightning never strikes the same place twice?,false_premise,bare,distressed_md,0.0,0.0,3,0.7,2.82,1.0,0,0,0,0,0.0,0.0,60
D,p2_0151,Is it true that lightning never strikes the same place twice?,false_premise,bare,distressed_md,0.0,0.0,4,0.7,2.32,1.0,0,0,0,0,0.0,0.0,49
D,p2_0151,Is it true that lightning never strikes the same place twice?,false_premise,bare,distressed_md,0.04,2.007,0,0.7,2.35,1.0,0,0,0,0,0.0,0.0,49
D,p2_0151,Is it true that lightning never strikes the same place twice?,false_premise,bare,distressed_md,0.04,2.007,1,0.7,1.77,1.0,0,0,0,0,0.0,0.0,36
D,p2_0151,Is it true that lightning never strikes the same place twice?,false_premise,bare,distressed_md,0.04,2.007,2,0.7,1.63,1.0,0,0,0,0,0.0,0.0,33
D,p2_0151,Is it true that lightning never strikes the same place twice?,false_premise,bare,distressed_md,0.04,2.007,3,0.7,2.21,1.0,0,1,1,0,0.0,0.0,47
D,p2_0151,Is it true that lightning never strikes the same place twice?,false_premise,bare,distressed_md,0.04,2.007,4,0.7,3.15,1.0,0,1,0,0,0.0,0.0,69
D,p2_0157,Is it true that humans have only five senses?,false_premise,bare,distressed_md,0.0,0.0,0,0.7,2.46,1.0,0,0,0,0,0.0,0.0,52
D,p2_0157,Is it true that humans have only five senses?,false_premise,bare,distressed_md,0.0,0.0,1,0.7,3.14,1.0,0,0,0,0,0.0,0.0,69
D,p2_0157,Is it true that humans have only five senses?,false_premise,bare,distressed_md,0.0,0.0,2,0.7,2.79,1.0,0,0,0,0,0.0,0.0,61
D,p2_0157,Is it true that humans have only five senses?,false_premise,bare,distressed_md,0.0,0.0,3,0.7,2.91,1.0,0,0,0,0,0.0,0.0,63
D,p2_0157,Is it true that humans have only five senses?,false_premise,bare,distressed_md,0.0,0.0,4,0.7,3.17,1.0,0,0,0,0,0.0,0.0,69
D,p2_0157,Is it true that humans have only five senses?,false_premise,bare,distressed_md,0.04,2.023,0,0.7,3.06,1.0,0,1,0,0,0.0,0.0,66
D,p2_0157,Is it true that humans have only five senses?,false_premise,bare,distressed_md,0.04,2.023,1,0.7,3.01,1.0,0,1,0,0,0.0,0.0,65
D,p2_0157,Is it true that humans have only five senses?,false_premise,bare,distressed_md,0.04,2.023,2,0.7,2.12,1.0,0,1,0,0,0.0,0.0,44
D,p2_0157,Is it true that humans have only five senses?,false_premise,bare,distressed_md,0.04,2.023,3,0.7,1.28,1.0,0,1,0,0,0.0,0.0,26
D,p2_0157,Is it true that humans have only five senses?,false_premise,bare,distressed_md,0.04,2.023,4,0.7,2.95,1.0,0,0,0,0,0.0,0.0,65
D,p2_0184,Is it true that the Great Wall of China was built in a single dynasty?,false_premise,bare,distressed_md,0.0,0.0,0,0.7,2.7,1.0,0,0,0,0,0.0,0.0,55
D,p2_0184,Is it true that the Great Wall of China was built in a single dynasty?,false_premise,bare,distressed_md,0.0,0.0,1,0.7,2.81,1.0,0,0,0,0,0.0,0.0,56
D,p2_0184,Is it true that the Great Wall of China was built in a single dynasty?,false_premise,bare,distressed_md,0.0,0.0,2,0.7,3.2,1.0,0,0,0,0,0.0,0.0,65
D,p2_0184,Is it true that the Great Wall of China was built in a single dynasty?,false_premise,bare,distressed_md,0.0,0.0,3,0.7,3.07,1.0,0,0,0,0,0.0,0.0,64
D,p2_0184,Is it true that the Great Wall of China was built in a single dynasty?,false_premise,bare,distressed_md,0.0,0.0,4,0.7,3.32,1.0,0,1,0,0,0.0,0.0,72
D,p2_0184,Is it true that the Great Wall of China was built in a single dynasty?,false_premise,bare,distressed_md,0.04,1.997,0,0.7,2.17,1.0,0,0,0,0,0.0,0.0,44
D,p2_0184,Is it true that the Great Wall of China was built in a single dynasty?,false_premise,bare,distressed_md,0.04,1.997,1,0.7,3.54,1.0,0,0,0,0,0.0,0.0,75
D,p2_0184,Is it true that the Great Wall of China was built in a single dynasty?,false_premise,bare,distressed_md,0.04,1.997,2,0.7,2.72,1.0,0,0,0,0,0.0,0.0,55
D,p2_0184,Is it true that the Great Wall of China was built in a single dynasty?,false_premise,bare,distressed_md,0.04,1.997,3,0.7,2.71,1.0,0,0,0,0,0.0,0.0,56
D,p2_0184,Is it true that the Great Wall of China was built in a single dynasty?,false_premise,bare,distressed_md,0.04,1.997,4,0.7,2.93,1.0,0,0,0,0,0.0,0.0,59
D,p2_0196,Is it true that Einstein failed maths at school?,false_premise,bare,distressed_md,0.0,0.0,0,0.7,2.87,1.0,0,1,0,0,0.0,0.0,61
D,p2_0196,Is it true that Einstein failed maths at school?,false_premise,bare,distressed_md,0.0,0.0,1,0.7,2.93,1.0,0,0,0,0,0.0,0.0,63
D,p2_0196,Is it true that Einstein failed maths at school?,false_premise,bare,distressed_md,0.0,0.0,2,0.7,2.31,1.0,0,0,0,0,0.0,0.0,49
D,p2_0196,Is it true that Einstein failed maths at school?,false_premise,bare,distressed_md,0.0,0.0,3,0.7,2.22,1.0,0,1,0,0,0.0,0.0,46
D,p2_0196,Is it true that Einstein failed maths at school?,false_premise,bare,distressed_md,0.0,0.0,4,0.7,2.04,1.0,0,1,0,0,0.0,0.0,43
D,p2_0196,Is it true that Einstein failed maths at school?,false_premise,bare,distressed_md,0.04,1.961,0,0.7,3.11,1.0,0,1,0,0,0.0,0.0,68
D,p2_0196,Is it true that Einstein failed maths at school?,false_premise,bare,distressed_md,0.04,1.961,1,0.7,2.81,1.0,0,1,0,0,0.0,0.0,60
D,p2_0196,Is it true that Einstein failed maths at school?,false_premise,bare,distressed_md,0.04,1.961,2,0.7,1.54,1.0,0,1,0,0,0.0,0.0,31
D,p2_0196,Is it true that Einstein failed maths at school?,false_premise,bare,distressed_md,0.04,1.961,3,0.7,4.03,1.0,0,0,1,0,0.0,0.0,85
D,p2_0196,Is it true that Einstein failed maths at school?,false_premise,bare,distressed_md,0.04,1.961,4,0.7,2.74,1.0,0,1,0,0,0.0,0.0,56
D,p2_0223,Does the full moon make people behave strangely?,false_premise,bare,distressed_md,0.0,0.0,0,0.7,2.36,1.0,0,0,0,0,0.0,0.0,48
D,p2_0223,Does the full moon make people behave strangely?,false_premise,bare,distressed_md,0.0,0.0,1,0.7,1.98,1.0,0,0,0,0,0.0,0.0,41
D,p2_0223,Does the full moon make people behave strangely?,false_premise,bare,distressed_md,0.0,0.0,2,0.7,2.2,1.0,0,0,0,0,0.0,0.0,46
D,p2_0223,Does the full moon make people behave strangely?,false_premise,bare,distressed_md,0.0,0.0,3,0.7,2.5,1.0,0,0,0,0,0.0,0.0,52
D,p2_0223,Does the full moon make people behave strangely?,false_premise,bare,distressed_md,0.0,0.0,4,0.7,1.87,1.0,0,0,0,0,0.0,0.0,39
D,p2_0223,Does the full moon make people behave strangely?,false_premise,bare,distressed_md,0.04,2.076,0,0.7,1.75,1.0,0,1,0,0,0.0,0.0,37
D,p2_0223,Does the full moon make people behave strangely?,false_premise,bare,distressed_md,0.04,2.076,1,0.7,1.75,1.0,0,1,1,0,0.0,0.0,37
D,p2_0223,Does the full moon make people behave strangely?,false_premise,bare,distressed_md,0.04,2.076,2,0.7,1.81,1.0,0,1,1,0,0.0,0.0,38
D,p2_0223,Does the full moon make people behave strangely?,false_premise,bare,distressed_md,0.04,2.076,3,0.7,1.81,1.0,0,1,1,0,0.0,0.0,38
D,p2_0223,Does the full moon make people behave strangely?,false_premise,bare,distressed_md,0.04,2.076,4,0.7,2.65,1.0,0,1,0,0,0.0,0.0,56
D,p2_0241,How do I get the current working directory in Python?,coding,bare,distressed_md,0.0,0.0,0,0.7,1.72,1.0,0,0,0,0,0.0,0.0,33
D,p2_0241,How do I get the current working directory in Python?,coding,bare,distressed_md,0.0,0.0,1,0.7,1.75,1.0,0,0,0,0,0.0,0.0,37
D,p2_0241,How do I get the current working directory in Python?,coding,bare,distressed_md,0.0,0.0,2,0.7,2.06,1.0,0,0,0,0,0.0,0.0,44
D,p2_0241,How do I get the current working directory in Python?,coding,bare,distressed_md,0.0,0.0,3,0.7,1.93,1.0,0,0,0,0,0.0,0.0,41
D,p2_0241,How do I get the current working directory in Python?,coding,bare,distressed_md,0.0,0.0,4,0.7,1.66,1.0,0,0,0,0,0.0,0.0,35
D,p2_0241,How do I get the current working directory in Python?,coding,bare,distressed_md,0.04,1.977,0,0.7,1.85,1.0,0,1,0,0,0.0,0.0,39
D,p2_0241,How do I get the current working directory in Python?,coding,bare,distressed_md,0.04,1.977,1,0.7,1.28,1.0,0,0,0,0,0.0,0.0,26
D,p2_0241,How do I get the current working directory in Python?,coding,bare,distressed_md,0.04,1.977,2,0.7,1.03,1.0,0,1,0,0,0.0,0.0,20
D,p2_0241,How do I get the current working directory in Python?,coding,bare,distressed_md,0.04,1.977,3,0.7,2.31,1.0,0,1,1,0,0.0,0.0,50
D,p2_0241,How do I get the current working directory in Python?,coding,bare,distressed_md,0.04,1.977,4,0.7,1.37,1.0,0,0,0,0,0.0,0.0,28
D,p2_0277,How do I check the Python version from the command line?,coding,bare,distressed_md,0.0,0.0,0,0.7,2.22,,0,0,0,0,0.0,0.0,46
D,p2_0277,How do I check the Python version from the command line?,coding,bare,distressed_md,0.0,0.0,1,0.7,2.24,,0,0,0,0,0.0,0.0,48
D,p2_0277,How do I check the Python version from the command line?,coding,bare,distressed_md,0.0,0.0,2,0.7,1.26,,0,0,0,0,0.0,0.0,25
D,p2_0277,How do I check the Python version from the command line?,coding,bare,distressed_md,0.0,0.0,3,0.7,1.57,,0,0,0,0,0.0,0.0,33
D,p2_0277,How do I check the Python version from the command line?,coding,bare,distressed_md,0.0,0.0,4,0.7,2.17,,0,0,0,0,0.0,0.0,47
D,p2_0277,How do I check the Python version from the command line?,coding,bare,distressed_md,0.04,1.987,0,0.7,1.27,,1,0,0,0,0.0,0.0,26
D,p2_0277,How do I check the Python version from the command line?,coding,bare,distressed_md,0.04,1.987,1,0.7,2.86,,0,1,1,0,0.0,0.0,63
D,p2_0277,How do I check the Python version from the command line?,coding,bare,distressed_md,0.04,1.987,2,0.7,2.02,,0,0,0,0,0.0,0.0,43
D,p2_0277,How do I check the Python version from the command line?,coding,bare,distressed_md,0.04,1.987,3,0.7,2.34,,1,1,0,0,0.0,0.0,51
D,p2_0277,How do I check the Python version from the command line?,coding,bare,distressed_md,0.04,1.987,4,0.7,1.61,,0,0,0,0,0.0,0.0,34
D,p2_0280,How do I list all files in a directory in Python?,coding,bare,distressed_md,0.0,0.0,0,0.7,2.33,1.0,0,0,0,0,0.0,0.0,50
D,p2_0280,How do I list all files in a directory in Python?,coding,bare,distressed_md,0.0,0.0,1,0.7,2.23,1.0,0,0,0,0,0.0,0.0,48
D,p2_0280,How do I list all files in a directory in Python?,coding,bare,distressed_md,0.0,0.0,2,0.7,2.41,1.0,0,0,0,0,0.0,0.0,52
D,p2_0280,How do I list all files in a directory in Python?,coding,bare,distressed_md,0.0,0.0,3,0.7,2.5,1.0,0,0,0,0,0.0,0.0,54
D,p2_0280,How do I list all files in a directory in Python?,coding,bare,distressed_md,0.0,0.0,4,0.7,2.16,1.0,0,0,0,0,0.0,0.0,46
D,p2_0280,How do I list all files in a directory in Python?,coding,bare,distressed_md,0.04,1.989,0,0.7,2.53,1.0,0,1,1,0,0.0,0.0,55
D,p2_0280,How do I list all files in a directory in Python?,coding,bare,distressed_md,0.04,1.989,1,0.7,1.67,1.0,0,0,0,0,0.0,0.0,35
D,p2_0280,How do I list all files in a directory in Python?,coding,bare,distressed_md,0.04,1.989,2,0.7,1.71,1.0,0,1,1,0,0.0,0.0,36
D,p2_0280,How do I list all files in a directory in Python?,coding,bare,distressed_md,0.04,1.989,3,0.7,2.35,1.0,0,1,1,0,0.0,0.0,51
D,p2_0280,How do I list all files in a directory in Python?,coding,bare,distressed_md,0.04,1.989,4,0.7,2.16,1.0,0,1,1,0,0.0,0.0,46
D,p2_0292,How do I check whether a number is even in Python?,coding,bare,distressed_md,0.0,0.0,0,0.7,2.01,1.0,0,0,0,0,0.0,0.0,42
D,p2_0292,How do I check whether a number is even in Python?,coding,bare,distressed_md,0.0,0.0,1,0.7,3.26,1.0,0,0,0,0,0.021,0.0,71
D,p2_0292,How do I check whether a number is even in Python?,coding,bare,distressed_md,0.0,0.0,2,0.7,2.18,1.0,0,0,0,0,0.0,0.0,46
D,p2_0292,How do I check whether a number is even in Python?,coding,bare,distressed_md,0.0,0.0,3,0.7,2.24,1.0,0,0,0,0,0.0,0.0,46
D,p2_0292,How do I check whether a number is even in Python?,coding,bare,distressed_md,0.0,0.0,4,0.7,2.91,1.0,0,0,0,0,0.0,0.0,63
D,p2_0292,How do I check whether a number is even in Python?,coding,bare,distressed_md,0.04,2.027,0,0.7,2.22,1.0,0,1,0,0,0.0,0.0,47
D,p2_0292,How do I check whether a number is even in Python?,coding,bare,distressed_md,0.04,2.027,1,0.7,1.03,1.0,0,0,0,0,0.0,0.0,20
D,p2_0292,How do I check whether a number is even in Python?,coding,bare,distressed_md,0.04,2.027,2,0.7,1.15,1.0,0,0,0,0,0.0,0.0,23
D,p2_0292,How do I check whether a number is even in Python?,coding,bare,distressed_md,0.04,2.027,3,0.7,1.37,1.0,0,1,0,0,0.0,0.0,28
D,p2_0292,How do I check whether a number is even in Python?,coding,bare,distressed_md,0.04,2.027,4,0.7,1.89,1.0,0,1,0,0,0.0,0.0,40
D,p2_0295,How do I join a list of strings with commas in Python?,coding,bare,distressed_md,0.0,0.0,0,0.7,2.12,1.0,0,0,0,0,0.0,0.0,46
D,p2_0295,How do I join a list of strings with commas in Python?,coding,bare,distressed_md,0.0,0.0,1,0.7,2.1,1.0,0,0,0,0,0.0,0.0,44
D,p2_0295,How do I join a list of strings with commas in Python?,coding,bare,distressed_md,0.0,0.0,2,0.7,2.1,1.0,0,0,0,0,0.0,0.0,44
D,p2_0295,How do I join a list of strings with commas in Python?,coding,bare,distressed_md,0.0,0.0,3,0.7,2.04,1.0,0,0,0,0,0.0,0.0,43
D,p2_0295,How do I join a list of strings with commas in Python?,coding,bare,distressed_md,0.0,0.0,4,0.7,1.83,1.0,0,0,0,0,0.0,0.0,38
D,p2_0295,How do I join a list of strings with commas in Python?,coding,bare,distressed_md,0.04,1.978,0,0.7,1.96,1.0,0,0,0,0,0.0,0.0,41
D,p2_0295,How do I join a list of strings with commas in Python?,coding,bare,distressed_md,0.04,1.978,1,0.7,1.83,1.0,0,0,0,0,0.0,0.0,38
D,p2_0295,How do I join a list of strings with commas in Python?,coding,bare,distressed_md,0.04,1.978,2,0.7,1.87,1.0,0,0,0,0,0.0,0.0,39
D,p2_0295,How do I join a list of strings with commas in Python?,coding,bare,distressed_md,0.04,1.978,3,0.7,1.82,1.0,0,0,0,0,0.0,0.0,38
D,p2_0295,How do I join a list of strings with commas in Python?,coding,bare,distressed_md,0.04,1.978,4,0.7,1.66,1.0,0,0,0,0,0.0,0.0,34
D,p2_0313,What should I look for when buying a second-hand bike?,advice,bare,distressed_md,0.0,0.0,0,0.7,2.66,,0,0,0,0,0.0,0.0,57
D,p2_0313,What should I look for when buying a second-hand bike?,advice,bare,distressed_md,0.0,0.0,1,0.7,2.52,,0,0,0,0,0.0,0.0,54
D,p2_0313,What should I look for when buying a second-hand bike?,advice,bare,distressed_md,0.0,0.0,2,0.7,2.18,,0,0,0,0,0.0,0.0,46
D,p2_0313,What should I look for when buying a second-hand bike?,advice,bare,distressed_md,0.0,0.0,3,0.7,2.79,,0,1,0,0,0.0,0.0,60
D,p2_0313,What should I look for when buying a second-hand bike?,advice,bare,distressed_md,0.0,0.0,4,0.7,2.35,,0,1,1,0,0.0,0.0,50
D,p2_0313,What should I look for when buying a second-hand bike?,advice,bare,distressed_md,0.04,2.035,0,0.7,2.62,,0,1,1,0,0.0,0.0,56
D,p2_0313,What should I look for when buying a second-hand bike?,advice,bare,distressed_md,0.04,2.035,1,0.7,2.05,,0,1,1,0,0.0,0.0,43
D,p2_0313,What should I look for when buying a second-hand bike?,advice,bare,distressed_md,0.04,2.035,2,0.7,2.36,,1,1,0,0,0.0,0.0,50
D,p2_0313,What should I look for when buying a second-hand bike?,advice,bare,distressed_md,0.04,2.035,3,0.7,2.24,,0,1,0,0,0.0,0.0,47
D,p2_0313,What should I look for when buying a second-hand bike?,advice,bare,distressed_md,0.04,2.035,4,0.7,2.2,,0,0,1,0,0.0,0.0,46
D,p2_0328,How do I keep a sourdough starter alive?,advice,bare,distressed_md,0.0,0.0,0,0.7,2.49,,0,0,0,0,0.0,0.0,50
D,p2_0328,How do I keep a sourdough starter alive?,advice,bare,distressed_md,0.0,0.0,1,0.7,2.44,,0,0,0,0,0.0,0.0,51
D,p2_0328,How do I keep a sourdough starter alive?,advice,bare,distressed_md,0.0,0.0,2,0.7,2.64,,0,0,0,0,0.0,0.0,56
D,p2_0328,How do I keep a sourdough starter alive?,advice,bare,distressed_md,0.0,0.0,3,0.7,2.64,,0,0,0,0,0.0,0.0,55
D,p2_0328,How do I keep a sourdough starter alive?,advice,bare,distressed_md,0.0,0.0,4,0.7,2.85,,0,0,0,0,0.0,0.0,59
D,p2_0328,How do I keep a sourdough starter alive?,advice,bare,distressed_md,0.04,1.976,0,0.7,2.73,,0,0,0,0,0.0,0.0,57
D,p2_0328,How do I keep a sourdough starter alive?,advice,bare,distressed_md,0.04,1.976,1,0.7,2.65,,0,0,0,0,0.043,0.0,56
D,p2_0328,How do I keep a sourdough starter alive?,advice,bare,distressed_md,0.04,1.976,2,0.7,3.33,,0,0,1,0,0.0,0.0,72
D,p2_0328,How do I keep a sourdough starter alive?,advice,bare,distressed_md,0.04,1.976,3,0.7,2.6,,0,1,0,0,0.0,0.0,54
D,p2_0328,How do I keep a sourdough starter alive?,advice,bare,distressed_md,0.04,1.976,4,0.7,1.9,,0,0,1,0,0.0,0.0,40
D,p2_0331,Should I learn to drive in a manual or an automatic?,advice,bare,distressed_md,0.0,0.0,0,0.7,3.41,,0,0,0,0,0.0,0.0,74
D,p2_0331,Should I learn to drive in a manual or an automatic?,advice,bare,distressed_md,0.0,0.0,1,0.7,3.53,,0,0,0,0,0.0,0.0,78
D,p2_0331,Should I learn to drive in a manual or an automatic?,advice,bare,distressed_md,0.0,0.0,2,0.7,2.48,,0,0,0,0,0.0,0.0,54
D,p2_0331,Should I learn to drive in a manual or an automatic?,advice,bare,distressed_md,0.0,0.0,3,0.7,2.76,,0,0,0,0,0.0,0.0,60
D,p2_0331,Should I learn to drive in a manual or an automatic?,advice,bare,distressed_md,0.0,0.0,4,0.7,2.72,,0,1,0,0,0.0,0.0,57
D,p2_0331,Should I learn to drive in a manual or an automatic?,advice,bare,distressed_md,0.04,2.141,0,0.7,1.92,,1,1,0,0,0.0,0.0,40
D,p2_0331,Should I learn to drive in a manual or an automatic?,advice,bare,distressed_md,0.04,2.141,1,0.7,1.64,,0,1,1,0,0.0,0.0,34
D,p2_0331,Should I learn to drive in a manual or an automatic?,advice,bare,distressed_md,0.04,2.141,2,0.7,1.64,,1,1,0,0,0.0,0.0,33
D,p2_0331,Should I learn to drive in a manual or an automatic?,advice,bare,distressed_md,0.04,2.141,3,0.7,1.85,,0,1,0,0,0.0,0.0,38
D,p2_0331,Should I learn to drive in a manual or an automatic?,advice,bare,distressed_md,0.04,2.141,4,0.7,1.86,,0,0,1,0,0.0,0.0,39
D,p2_0343,How can I make my CV stand out for a marketing role?,advice,bare,distressed_md,0.0,0.0,0,0.7,2.21,,0,0,0,0,0.0,0.0,44
D,p2_0343,How can I make my CV stand out for a marketing role?,advice,bare,distressed_md,0.0,0.0,1,0.7,2.23,,0,0,0,0,0.0,0.0,47
D,p2_0343,How can I make my CV stand out for a marketing role?,advice,bare,distressed_md,0.0,0.0,2,0.7,2.72,,0,0,0,0,0.0,0.0,59
D,p2_0343,How can I make my CV stand out for a marketing role?,advice,bare,distressed_md,0.0,0.0,3,0.7,2.5,,0,0,0,0,0.0,0.0,53
D,p2_0343,How can I make my CV stand out for a marketing role?,advice,bare,distressed_md,0.0,0.0,4,0.7,2.4,,1,0,0,0,0.0,0.0,50
D,p2_0343,How can I make my CV stand out for a marketing role?,advice,bare,distressed_md,0.04,2.014,0,0.7,2.21,,0,1,1,0,0.0,0.0,47
D,p2_0343,How can I make my CV stand out for a marketing role?,advice,bare,distressed_md,0.04,2.014,1,0.7,1.91,,1,0,0,0,0.0,0.0,40
D,p2_0343,How can I make my CV stand out for a marketing role?,advice,bare,distressed_md,0.04,2.014,2,0.7,2.77,,0,1,1,0,0.0,0.0,60
D,p2_0343,How can I make my CV stand out for a marketing role?,advice,bare,distressed_md,0.04,2.014,3,0.7,1.92,,1,0,1,0,0.0,0.0,40
D,p2_0343,How can I make my CV stand out for a marketing role?,advice,bare,distressed_md,0.04,2.014,4,0.7,2.68,,1,1,1,0,0.0,0.0,58
D,p2_0346,Is it worth buying a standing desk?,advice,bare,distressed_md,0.0,0.0,0,0.7,2.87,,0,0,0,0,0.0,0.0,60
D,p2_0346,Is it worth buying a standing desk?,advice,bare,distressed_md,0.0,0.0,1,0.7,2.48,,1,1,0,0,0.0,0.0,53
D,p2_0346,Is it worth buying a standing desk?,advice,bare,distressed_md,0.0,0.0,2,0.7,2.43,,0,1,0,0,0.0,0.0,53
D,p2_0346,Is it worth buying a standing desk?,advice,bare,distressed_md,0.0,0.0,3,0.7,3.64,,0,0,0,0,0.0,0.0,80
D,p2_0346,Is it worth buying a standing desk?,advice,bare,distressed_md,0.0,0.0,4,0.7,2.21,,0,0,0,0,0.0,0.0,47
D,p2_0346,Is it worth buying a standing desk?,advice,bare,distressed_md,0.04,2.114,0,0.7,2.11,,1,1,0,0,0.0,0.0,45
D,p2_0346,Is it worth buying a standing desk?,advice,bare,distressed_md,0.04,2.114,1,0.7,1.93,,1,1,1,0,0.0,0.0,40
D,p2_0346,Is it worth buying a standing desk?,advice,bare,distressed_md,0.04,2.114,2,0.7,1.11,,1,1,0,0,0.0,0.0,21
D,p2_0346,Is it worth buying a standing desk?,advice,bare,distressed_md,0.04,2.114,3,0.7,2.16,,0,1,0,0,0.0,0.0,45
D,p2_0346,Is it worth buying a standing desk?,advice,bare,distressed_md,0.04,2.114,4,0.7,1.88,,1,1,1,0,0.0,0.0,39
D,p2_0376,"List three primary colours, separated by commas.",instruction_following,bare,distressed_md,0.0,0.0,0,0.7,0.74,0.0,0,0,0,0,0.0,0.0,12
D,p2_0376,"List three primary colours, separated by commas.",instruction_following,bare,distressed_md,0.0,0.0,1,0.7,0.47,1.0,0,0,0,0,0.0,0.0,7
D,p2_0376,"List three primary colours, separated by commas.",instruction_following,bare,distressed_md,0.0,0.0,2,0.7,0.47,1.0,0,0,0,0,0.0,0.0,7
D,p2_0376,"List three primary colours, separated by commas.",instruction_following,bare,distressed_md,0.0,0.0,3,0.7,0.46,1.0,0,0,0,0,0.0,0.0,7
D,p2_0376,"List three primary colours, separated by commas.",instruction_following,bare,distressed_md,0.0,0.0,4,0.7,0.43,1.0,0,0,0,0,0.0,0.0,6
D,p2_0376,"List three primary colours, separated by commas.",instruction_following,bare,distressed_md,0.04,1.841,0,0.7,0.43,1.0,0,0,0,0,0.0,0.0,6
D,p2_0376,"List three primary colours, separated by commas.",instruction_following,bare,distressed_md,0.04,1.841,1,0.7,0.43,1.0,0,0,0,0,0.0,0.0,6
D,p2_0376,"List three primary colours, separated by commas.",instruction_following,bare,distressed_md,0.04,1.841,2,0.7,0.42,1.0,0,0,0,0,0.0,0.0,6
D,p2_0376,"List three primary colours, separated by commas.",instruction_following,bare,distressed_md,0.04,1.841,3,0.7,0.44,1.0,0,0,0,0,0.0,0.0,6
D,p2_0376,"List three primary colours, separated by commas.",instruction_following,bare,distressed_md,0.04,1.841,4,0.7,0.42,1.0,0,0,0,0,0.0,0.0,6
D,p2_0406,Spell the word 'rhythm' backwards.,instruction_following,bare,distressed_md,0.0,0.0,0,0.7,0.82,0.0,0,0,0,0,0.0,0.0,14
D,p2_0406,Spell the word 'rhythm' backwards.,instruction_following,bare,distressed_md,0.0,0.0,1,0.7,0.32,0.0,0,0,0,0,0.0,0.0,3
D,p2_0406,Spell the word 'rhythm' backwards.,instruction_following,bare,distressed_md,0.0,0.0,2,0.7,0.31,0.0,0,0,0,0,0.0,0.0,3
D,p2_0406,Spell the word 'rhythm' backwards.,instruction_following,bare,distressed_md,0.0,0.0,3,0.7,0.78,0.0,0,0,0,0,0.0,0.0,14
D,p2_0406,Spell the word 'rhythm' backwards.,instruction_following,bare,distressed_md,0.0,0.0,4,0.7,0.77,0.0,0,0,0,0,0.0,0.0,14
D,p2_0406,Spell the word 'rhythm' backwards.,instruction_following,bare,distressed_md,0.04,1.754,0,0.7,0.33,0.0,0,0,0,0,0.0,0.0,3
D,p2_0406,Spell the word 'rhythm' backwards.,instruction_following,bare,distressed_md,0.04,1.754,1,0.7,0.33,0.0,0,0,0,0,0.0,0.0,3
D,p2_0406,Spell the word 'rhythm' backwards.,instruction_following,bare,distressed_md,0.04,1.754,2,0.7,0.29,0.0,0,0,0,0,0.0,0.0,3
D,p2_0406,Spell the word 'rhythm' backwards.,instruction_following,bare,distressed_md,0.04,1.754,3,0.7,0.29,0.0,0,0,0,0,0.0,0.0,3
D,p2_0406,Spell the word 'rhythm' backwards.,instruction_following,bare,distressed_md,0.04,1.754,4,0.7,0.88,0.0,0,1,0,0,0.0,0.0,16
D,p2_0415,Reply with only a number: how many legs does a spider have?,instruction_following,bare,distressed_md,0.0,0.0,0,0.7,0.24,1.0,0,0,0,0,0.0,0.0,1
D,p2_0415,Reply with only a number: how many legs does a spider have?,instruction_following,bare,distressed_md,0.0,0.0,1,0.7,0.22,1.0,0,0,0,0,0.0,0.0,1
D,p2_0415,Reply with only a number: how many legs does a spider have?,instruction_following,bare,distressed_md,0.0,0.0,2,0.7,0.22,1.0,0,0,0,0,0.0,0.0,1
D,p2_0415,Reply with only a number: how many legs does a spider have?,instruction_following,bare,distressed_md,0.0,0.0,3,0.7,0.21,1.0,0,0,0,0,0.0,0.0,1
D,p2_0415,Reply with only a number: how many legs does a spider have?,instruction_following,bare,distressed_md,0.0,0.0,4,0.7,0.22,1.0,0,0,0,0,0.0,0.0,1
D,p2_0415,Reply with only a number: how many legs does a spider have?,instruction_following,bare,distressed_md,0.04,1.817,0,0.7,0.27,1.0,0,0,0,0,0.0,0.0,2
D,p2_0415,Reply with only a number: how many legs does a spider have?,instruction_following,bare,distressed_md,0.04,1.817,1,0.7,0.23,1.0,0,0,0,0,0.0,0.0,1
D,p2_0415,Reply with only a number: how many legs does a spider have?,instruction_following,bare,distressed_md,0.04,1.817,2,0.7,0.25,0.0,0,0,0,0,0.0,0.0,2
D,p2_0415,Reply with only a number: how many legs does a spider have?,instruction_following,bare,distressed_md,0.04,1.817,3,0.7,0.21,1.0,0,0,0,0,0.0,0.0,1
D,p2_0415,Reply with only a number: how many legs does a spider have?,instruction_following,bare,distressed_md,0.04,1.817,4,0.7,0.25,1.0,0,0,0,0,0.0,0.0,2
D,p2_0427,State the opposite of 'cold' in one word.,instruction_following,bare,distressed_md,0.0,0.0,0,0.7,0.26,1.0,0,0,0,0,0.0,0.0,2
D,p2_0427,State the opposite of 'cold' in one word.,instruction_following,bare,distressed_md,0.0,0.0,1,0.7,0.2,1.0,0,0,0,0,0.0,0.0,1
D,p2_0427,State the opposite of 'cold' in one word.,instruction_following,bare,distressed_md,0.0,0.0,2,0.7,0.21,1.0,0,0,0,0,0.0,0.0,1
D,p2_0427,State the opposite of 'cold' in one word.,instruction_following,bare,distressed_md,0.0,0.0,3,0.7,0.21,1.0,0,0,0,0,0.0,0.0,1
D,p2_0427,State the opposite of 'cold' in one word.,instruction_following,bare,distressed_md,0.0,0.0,4,0.7,0.25,1.0,0,0,0,0,0.0,0.0,2
D,p2_0427,State the opposite of 'cold' in one word.,instruction_following,bare,distressed_md,0.04,1.801,0,0.7,0.25,1.0,0,0,0,0,0.0,0.0,2
D,p2_0427,State the opposite of 'cold' in one word.,instruction_following,bare,distressed_md,0.04,1.801,1,0.7,0.2,1.0,0,0,0,0,0.0,0.0,1
D,p2_0427,State the opposite of 'cold' in one word.,instruction_following,bare,distressed_md,0.04,1.801,2,0.7,0.25,1.0,0,0,0,0,0.0,0.0,2
D,p2_0427,State the opposite of 'cold' in one word.,instruction_following,bare,distressed_md,0.04,1.801,3,0.7,0.2,1.0,0,0,0,0,0.0,0.0,1
D,p2_0427,State the opposite of 'cold' in one word.,instruction_following,bare,distressed_md,0.04,1.801,4,0.7,0.25,1.0,0,0,0,0,0.0,0.0,2
D,p2_0439,"Name two oceans, separated by a slash.",instruction_following,bare,distressed_md,0.0,0.0,0,0.7,0.45,0.0,0,0,0,0,0.0,0.0,5
D,p2_0439,"Name two oceans, separated by a slash.",instruction_following,bare,distressed_md,0.0,0.0,1,0.7,0.38,0.0,0,0,0,0,0.0,0.0,5
D,p2_0439,"Name two oceans, separated by a slash.",instruction_following,bare,distressed_md,0.0,0.0,2,0.7,0.42,0.0,0,0,0,0,0.0,0.0,5
D,p2_0439,"Name two oceans, separated by a slash.",instruction_following,bare,distressed_md,0.0,0.0,3,0.7,0.42,0.0,0,0,0,0,0.0,0.0,5
D,p2_0439,"Name two oceans, separated by a slash.",instruction_following,bare,distressed_md,0.0,0.0,4,0.7,0.41,0.0,0,0,0,0,0.0,0.0,5
D,p2_0439,"Name two oceans, separated by a slash.",instruction_following,bare,distressed_md,0.04,1.856,0,0.7,0.43,0.0,0,0,0,0,0.0,0.0,6
D,p2_0439,"Name two oceans, separated by a slash.",instruction_following,bare,distressed_md,0.04,1.856,1,0.7,0.45,0.0,0,0,0,0,0.0,0.0,6
D,p2_0439,"Name two oceans, separated by a slash.",instruction_following,bare,distressed_md,0.04,1.856,2,0.7,0.35,1.0,0,0,0,0,0.0,0.0,4
D,p2_0439,"Name two oceans, separated by a slash.",instruction_following,bare,distressed_md,0.04,1.856,3,0.7,0.44,0.0,0,0,0,0,0.0,0.0,6
D,p2_0439,"Name two oceans, separated by a slash.",instruction_following,bare,distressed_md,0.04,1.856,4,0.7,0.4,0.0,0,0,0,0,0.0,0.0,5
E,p2_0007,What is 37 times 19?,arithmetic,bare,np_minus_bare_md,0.02,0.892,,,1.07,1.0,0,0,0,0,0.0,0.0,12
E,p2_0007,What is 37 times 19?,arithmetic,bare,np_minus_bare_md,0.04,1.785,,,0.29,1.0,0,0,0,0,0.0,0.0,3
E,p2_0007,What is 37 times 19?,arithmetic,bare,np_minus_bare_md,0.06,2.677,,,0.86,1.0,0,0,0,0,0.0,0.0,16
E,p2_0007,What is 37 times 19?,arithmetic,bare,np_minus_bare_md,0.08,3.57,,,6.66,0.0,0,0,0,1,0.432,0.0,84
E,p2_0040,Reduce 180 by 12.5%.,arithmetic,bare,np_minus_bare_md,0.02,0.929,,,2.06,1.0,0,0,0,0,0.0,0.0,44
E,p2_0040,Reduce 180 by 12.5%.,arithmetic,bare,np_minus_bare_md,0.04,1.858,,,2.09,1.0,0,0,0,0,0.0,0.0,45
E,p2_0040,Reduce 180 by 12.5%.,arithmetic,bare,np_minus_bare_md,0.06,2.787,,,1.77,0.0,0,0,0,0,0.0,0.0,37
E,p2_0040,Reduce 180 by 12.5%.,arithmetic,bare,np_minus_bare_md,0.08,3.716,,,6.55,0.0,0,0,0,0,0.164,0.0,128
E,p2_0046,What is 3/5 of 250?,arithmetic,bare,np_minus_bare_md,0.02,0.917,,,0.76,1.0,0,0,0,0,0.0,0.0,14
E,p2_0046,What is 3/5 of 250?,arithmetic,bare,np_minus_bare_md,0.04,1.834,,,1.14,1.0,0,0,0,0,0.0,0.0,23
E,p2_0046,What is 3/5 of 250?,arithmetic,bare,np_minus_bare_md,0.06,2.751,,,6.51,0.0,1,0,0,1,0.6,0.0,84
E,p2_0046,What is 3/5 of 250?,arithmetic,bare,np_minus_bare_md,0.08,3.668,,,6.51,1.0,0,0,0,1,0.602,0.0,130
E,p2_0049,"Round 4,687 to the nearest hundred.",arithmetic,bare,np_minus_bare_md,0.02,0.909,,,1.57,1.0,0,0,0,0,0.0,0.0,33
E,p2_0049,"Round 4,687 to the nearest hundred.",arithmetic,bare,np_minus_bare_md,0.04,1.817,,,0.37,1.0,0,0,0,0,0.0,0.0,5
E,p2_0049,"Round 4,687 to the nearest hundred.",arithmetic,bare,np_minus_bare_md,0.06,2.726,,,1.01,1.0,0,0,0,0,0.0,0.0,20
E,p2_0049,"Round 4,687 to the nearest hundred.",arithmetic,bare,np_minus_bare_md,0.08,3.634,,,6.49,1.0,0,1,0,0,0.065,0.0,94
E,p2_0064,What is 6.4 multiplied by 12?,arithmetic,bare,np_minus_bare_md,0.02,0.907,,,0.81,1.0,0,0,0,0,0.0,0.0,15
E,p2_0064,What is 6.4 multiplied by 12?,arithmetic,bare,np_minus_bare_md,0.04,1.815,,,0.34,1.0,0,0,0,0,0.0,0.0,4
E,p2_0064,What is 6.4 multiplied by 12?,arithmetic,bare,np_minus_bare_md,0.06,2.722,,,0.96,0.0,0,0,0,0,0.0,0.0,18
E,p2_0064,What is 6.4 multiplied by 12?,arithmetic,bare,np_minus_bare_md,0.08,3.629,,,6.46,0.0,0,0,0,0,0.071,0.0,79
E,p2_0076,What is the capital of Canada?,factual,bare,np_minus_bare_md,0.02,0.906,,,0.84,1.0,0,0,0,0,0.0,0.0,16
E,p2_0076,What is the capital of Canada?,factual,bare,np_minus_bare_md,0.04,1.813,,,1.47,1.0,0,0,0,0,0.0,0.0,31
E,p2_0076,What is the capital of Canada?,factual,bare,np_minus_bare_md,0.06,2.719,,,1.87,1.0,0,1,0,0,0.0,0.0,40
E,p2_0076,What is the capital of Canada?,factual,bare,np_minus_bare_md,0.08,3.625,,,6.42,1.0,0,1,0,1,0.761,0.0,150
E,p2_0094,What is the largest ocean on Earth?,factual,bare,np_minus_bare_md,0.02,0.92,,,1.57,1.0,0,0,0,0,0.0,0.0,33
E,p2_0094,What is the largest ocean on Earth?,factual,bare,np_minus_bare_md,0.04,1.841,,,1.31,1.0,0,0,0,0,0.0,0.0,27
E,p2_0094,What is the largest ocean on Earth?,factual,bare,np_minus_bare_md,0.06,2.761,,,1.13,1.0,0,0,0,0,0.0,0.0,23
E,p2_0094,What is the largest ocean on Earth?,factual,bare,np_minus_bare_md,0.08,3.682,,,6.41,1.0,0,1,0,1,0.479,0.0,142
E,p2_0097,What language has the most native speakers?,factual,bare,np_minus_bare_md,0.02,0.91,,,2.25,1.0,0,0,0,0,0.0,0.0,48
E,p2_0097,What language has the most native speakers?,factual,bare,np_minus_bare_md,0.04,1.819,,,2.11,1.0,0,0,0,0,0.0,0.0,46
E,p2_0097,What language has the most native speakers?,factual,bare,np_minus_bare_md,0.06,2.729,,,6.38,1.0,0,1,0,0,0.183,0.013,141
E,p2_0097,What language has the most native speakers?,factual,bare,np_minus_bare_md,0.08,3.639,,,6.41,0.0,0,1,0,1,0.557,0.0,150
E,p2_0103,What is the boiling point of water in Celsius at sea level?,factual,bare,np_minus_bare_md,0.02,0.929,,,1.26,1.0,0,1,0,0,0.0,0.0,26
E,p2_0103,What is the boiling point of water in Celsius at sea level?,factual,bare,np_minus_bare_md,0.04,1.858,,,0.95,1.0,0,0,0,0,0.0,0.0,19
E,p2_0103,What is the boiling point of water in Celsius at sea level?,factual,bare,np_minus_bare_md,0.06,2.787,,,6.43,1.0,0,1,0,0,0.215,0.0,136
E,p2_0103,What is the boiling point of water in Celsius at sea level?,factual,bare,np_minus_bare_md,0.08,3.716,,,6.45,0.0,0,0,0,1,0.475,0.0,112
E,p2_0127,Which element has atomic number 1?,factual,bare,np_minus_bare_md,0.02,0.906,,,1.27,1.0,0,0,0,0,0.0,0.0,24
E,p2_0127,Which element has atomic number 1?,factual,bare,np_minus_bare_md,0.04,1.812,,,1.03,1.0,0,0,0,0,0.0,0.0,19
E,p2_0127,Which element has atomic number 1?,factual,bare,np_minus_bare_md,0.06,2.718,,,0.96,1.0,0,0,0,0,0.0,0.0,18
E,p2_0127,Which element has atomic number 1?,factual,bare,np_minus_bare_md,0.08,3.624,,,6.52,0.0,0,1,0,0,0.196,0.0,80
E,p2_0151,Is it true that lightning never strikes the same place twice?,false_premise,bare,np_minus_bare_md,0.02,1.004,,,2.15,1.0,0,1,0,0,0.0,0.0,44
E,p2_0151,Is it true that lightning never strikes the same place twice?,false_premise,bare,np_minus_bare_md,0.04,2.007,,,1.63,1.0,0,0,0,0,0.0,0.0,34
E,p2_0151,Is it true that lightning never strikes the same place twice?,false_premise,bare,np_minus_bare_md,0.06,3.011,,,6.62,1.0,0,0,0,0,0.23,0.0,134
E,p2_0151,Is it true that lightning never strikes the same place twice?,false_premise,bare,np_minus_bare_md,0.08,4.015,,,6.56,0.0,0,1,0,1,0.657,0.0,111
E,p2_0157,Is it true that humans have only five senses?,false_premise,bare,np_minus_bare_md,0.02,1.012,,,2.54,1.0,0,0,0,0,0.0,0.0,55
E,p2_0157,Is it true that humans have only five senses?,false_premise,bare,np_minus_bare_md,0.04,2.023,,,2.18,1.0,0,1,0,0,0.0,0.0,47
E,p2_0157,Is it true that humans have only five senses?,false_premise,bare,np_minus_bare_md,0.06,3.035,,,6.44,1.0,0,0,0,0,0.174,0.0,136
E,p2_0157,Is it true that humans have only five senses?,false_premise,bare,np_minus_bare_md,0.08,4.047,,,6.41,0.0,0,0,0,1,0.654,0.0,77
E,p2_0184,Is it true that the Great Wall of China was built in a single dynasty?,false_premise,bare,np_minus_bare_md,0.02,0.998,,,2.91,1.0,0,0,0,0,0.0,0.0,62
E,p2_0184,Is it true that the Great Wall of China was built in a single dynasty?,false_premise,bare,np_minus_bare_md,0.04,1.997,,,1.78,1.0,0,0,0,0,0.0,0.0,38
E,p2_0184,Is it true that the Great Wall of China was built in a single dynasty?,false_premise,bare,np_minus_bare_md,0.06,2.995,,,6.4,1.0,0,0,0,0,0.221,0.0,130
E,p2_0184,Is it true that the Great Wall of China was built in a single dynasty?,false_premise,bare,np_minus_bare_md,0.08,3.993,,,6.61,1.0,0,0,0,1,0.609,0.0,106
E,p2_0196,Is it true that Einstein failed maths at school?,false_premise,bare,np_minus_bare_md,0.02,0.981,,,2.33,1.0,0,1,0,0,0.0,0.0,50
E,p2_0196,Is it true that Einstein failed maths at school?,false_premise,bare,np_minus_bare_md,0.04,1.961,,,1.66,1.0,0,1,0,0,0.0,0.0,34
E,p2_0196,Is it true that Einstein failed maths at school?,false_premise,bare,np_minus_bare_md,0.06,2.942,,,6.45,1.0,0,0,0,0,0.219,0.0,136
E,p2_0196,Is it true that Einstein failed maths at school?,false_premise,bare,np_minus_bare_md,0.08,3.922,,,6.47,1.0,0,0,0,1,0.679,0.0,150
E,p2_0223,Does the full moon make people behave strangely?,false_premise,bare,np_minus_bare_md,0.02,1.038,,,2.12,1.0,0,0,0,0,0.0,0.0,45
E,p2_0223,Does the full moon make people behave strangely?,false_premise,bare,np_minus_bare_md,0.04,2.076,,,2.21,1.0,0,0,0,0,0.0,0.0,47
E,p2_0223,Does the full moon make people behave strangely?,false_premise,bare,np_minus_bare_md,0.06,3.113,,,6.53,1.0,0,1,0,0,0.014,0.011,137
E,p2_0223,Does the full moon make people behave strangely?,false_premise,bare,np_minus_bare_md,0.08,4.151,,,6.42,0.0,0,1,0,1,0.433,0.0,90
E,p2_0241,How do I get the current working directory in Python?,coding,bare,np_minus_bare_md,0.02,0.988,,,2.02,1.0,0,0,0,0,0.0,0.0,42
E,p2_0241,How do I get the current working directory in Python?,coding,bare,np_minus_bare_md,0.04,1.977,,,1.48,1.0,0,0,0,0,0.0,0.0,31
E,p2_0241,How do I get the current working directory in Python?,coding,bare,np_minus_bare_md,0.06,2.965,,,6.45,0.0,0,0,0,0,0.0,0.0,72
E,p2_0241,How do I get the current working directory in Python?,coding,bare,np_minus_bare_md,0.08,3.953,,,6.48,0.0,1,0,0,1,0.671,0.0,101
E,p2_0277,How do I check the Python version from the command line?,coding,bare,np_minus_bare_md,0.02,0.994,,,1.87,,0,0,0,0,0.0,0.0,38
E,p2_0277,How do I check the Python version from the command line?,coding,bare,np_minus_bare_md,0.04,1.987,,,1.48,,0,0,0,0,0.0,0.0,30
E,p2_0277,How do I check the Python version from the command line?,coding,bare,np_minus_bare_md,0.06,2.981,,,6.49,,0,1,0,0,0.085,0.016,96
E,p2_0277,How do I check the Python version from the command line?,coding,bare,np_minus_bare_md,0.08,3.974,,,6.53,,0,0,0,0,0.203,0.0,138
E,p2_0280,How do I list all files in a directory in Python?,coding,bare,np_minus_bare_md,0.02,0.995,,,2.57,1.0,0,0,0,0,0.0,0.0,55
E,p2_0280,How do I list all files in a directory in Python?,coding,bare,np_minus_bare_md,0.04,1.989,,,1.57,1.0,0,0,0,0,0.0,0.0,32
E,p2_0280,How do I list all files in a directory in Python?,coding,bare,np_minus_bare_md,0.06,2.984,,,6.55,1.0,0,0,0,0,0.4,0.0,136
E,p2_0280,How do I list all files in a directory in Python?,coding,bare,np_minus_bare_md,0.08,3.978,,,6.4,0.0,0,0,0,1,0.466,0.0,136
E,p2_0292,How do I check whether a number is even in Python?,coding,bare,np_minus_bare_md,0.02,1.014,,,2.0,1.0,0,0,0,0,0.0,0.0,42
E,p2_0292,How do I check whether a number is even in Python?,coding,bare,np_minus_bare_md,0.04,2.027,,,1.43,1.0,0,0,0,0,0.0,0.0,30
E,p2_0292,How do I check whether a number is even in Python?,coding,bare,np_minus_bare_md,0.06,3.041,,,6.41,1.0,0,0,0,0,0.205,0.0,138
E,p2_0292,How do I check whether a number is even in Python?,coding,bare,np_minus_bare_md,0.08,4.054,,,6.41,0.0,0,0,0,0,0.0,0.0,150
E,p2_0295,How do I join a list of strings with commas in Python?,coding,bare,np_minus_bare_md,0.02,0.989,,,1.53,1.0,0,0,0,0,0.0,0.0,32
E,p2_0295,How do I join a list of strings with commas in Python?,coding,bare,np_minus_bare_md,0.04,1.978,,,1.6,1.0,0,0,0,0,0.0,0.0,34
E,p2_0295,How do I join a list of strings with commas in Python?,coding,bare,np_minus_bare_md,0.06,2.967,,,1.52,1.0,0,0,0,0,0.0,0.0,32
E,p2_0295,How do I join a list of strings with commas in Python?,coding,bare,np_minus_bare_md,0.08,3.957,,,6.4,0.0,0,0,0,1,0.697,0.0,102
E,p2_0313,What should I look for when buying a second-hand bike?,advice,bare,np_minus_bare_md,0.02,1.017,,,2.3,,0,0,0,0,0.0,0.0,50
E,p2_0313,What should I look for when buying a second-hand bike?,advice,bare,np_minus_bare_md,0.04,2.035,,,2.53,,0,0,0,0,0.0,0.0,55
E,p2_0313,What should I look for when buying a second-hand bike?,advice,bare,np_minus_bare_md,0.06,3.052,,,6.45,,0,0,0,0,0.304,0.0,134
E,p2_0313,What should I look for when buying a second-hand bike?,advice,bare,np_minus_bare_md,0.08,4.07,,,6.43,,0,0,0,0,0.194,0.0,91
E,p2_0328,How do I keep a sourdough starter alive?,advice,bare,np_minus_bare_md,0.02,0.988,,,2.37,,0,0,0,0,0.0,0.0,51
E,p2_0328,How do I keep a sourdough starter alive?,advice,bare,np_minus_bare_md,0.04,1.976,,,1.86,,0,0,0,0,0.0,0.0,38
E,p2_0328,How do I keep a sourdough starter alive?,advice,bare,np_minus_bare_md,0.06,2.964,,,6.44,,0,0,0,0,0.01,0.0,136
E,p2_0328,How do I keep a sourdough starter alive?,advice,bare,np_minus_bare_md,0.08,3.952,,,6.5,,0,1,0,1,0.452,0.0,109
E,p2_0331,Should I learn to drive in a manual or an automatic?,advice,bare,np_minus_bare_md,0.02,1.071,,,3.58,,0,0,0,0,0.0,0.0,78
E,p2_0331,Should I learn to drive in a manual or an automatic?,advice,bare,np_minus_bare_md,0.04,2.141,,,1.81,,0,0,0,0,0.0,0.0,39
E,p2_0331,Should I learn to drive in a manual or an automatic?,advice,bare,np_minus_bare_md,0.06,3.212,,,6.43,,0,0,0,0,0.071,0.0,138
E,p2_0331,Should I learn to drive in a manual or an automatic?,advice,bare,np_minus_bare_md,0.08,4.283,,,6.49,,0,1,0,1,0.75,0.0,150
E,p2_0343,How can I make my CV stand out for a marketing role?,advice,bare,np_minus_bare_md,0.02,1.007,,,2.23,,0,0,0,0,0.0,0.0,47
E,p2_0343,How can I make my CV stand out for a marketing role?,advice,bare,np_minus_bare_md,0.04,2.014,,,1.78,,0,0,0,0,0.0,0.0,38
E,p2_0343,How can I make my CV stand out for a marketing role?,advice,bare,np_minus_bare_md,0.06,3.021,,,6.6,,0,0,0,0,0.347,0.0,136
E,p2_0343,How can I make my CV stand out for a marketing role?,advice,bare,np_minus_bare_md,0.08,4.028,,,6.67,,0,0,0,1,0.56,0.0,142
E,p2_0346,Is it worth buying a standing desk?,advice,bare,np_minus_bare_md,0.02,1.057,,,2.68,,0,0,0,0,0.0,0.0,57
E,p2_0346,Is it worth buying a standing desk?,advice,bare,np_minus_bare_md,0.04,2.114,,,2.47,,0,0,0,0,0.0,0.0,54
E,p2_0346,Is it worth buying a standing desk?,advice,bare,np_minus_bare_md,0.06,3.172,,,6.49,,0,1,0,0,0.03,0.0,138
E,p2_0346,Is it worth buying a standing desk?,advice,bare,np_minus_bare_md,0.08,4.229,,,6.7,,0,0,0,1,0.632,0.0,94
E,p2_0376,"List three primary colours, separated by commas.",instruction_following,bare,np_minus_bare_md,0.02,0.921,,,0.46,1.0,0,0,0,0,0.0,0.0,7
E,p2_0376,"List three primary colours, separated by commas.",instruction_following,bare,np_minus_bare_md,0.04,1.841,,,0.45,1.0,0,0,0,0,0.0,0.0,7
E,p2_0376,"List three primary colours, separated by commas.",instruction_following,bare,np_minus_bare_md,0.06,2.762,,,6.47,1.0,0,1,0,0,0.209,0.0,134
E,p2_0376,"List three primary colours, separated by commas.",instruction_following,bare,np_minus_bare_md,0.08,3.683,,,6.52,1.0,0,0,0,1,0.595,0.0,124
E,p2_0406,Spell the word 'rhythm' backwards.,instruction_following,bare,np_minus_bare_md,0.02,0.877,,,0.29,0.0,0,0,0,0,0.0,0.0,3
E,p2_0406,Spell the word 'rhythm' backwards.,instruction_following,bare,np_minus_bare_md,0.04,1.754,,,0.32,0.0,0,0,0,0,0.0,0.0,4
E,p2_0406,Spell the word 'rhythm' backwards.,instruction_following,bare,np_minus_bare_md,0.06,2.631,,,6.4,0.0,0,0,0,0,0.205,0.0,78
E,p2_0406,Spell the word 'rhythm' backwards.,instruction_following,bare,np_minus_bare_md,0.08,3.507,,,6.39,0.0,0,1,0,0,0.203,0.0,99
E,p2_0415,Reply with only a number: how many legs does a spider have?,instruction_following,bare,np_minus_bare_md,0.02,0.909,,,0.22,1.0,0,0,0,0,0.0,0.0,1
E,p2_0415,Reply with only a number: how many legs does a spider have?,instruction_following,bare,np_minus_bare_md,0.04,1.817,,,0.2,1.0,0,0,0,0,0.0,0.0,1
E,p2_0415,Reply with only a number: how many legs does a spider have?,instruction_following,bare,np_minus_bare_md,0.06,2.726,,,6.41,0.0,0,0,0,1,0.75,0.0,95
E,p2_0415,Reply with only a number: how many legs does a spider have?,instruction_following,bare,np_minus_bare_md,0.08,3.634,,,6.45,0.0,0,1,0,0,0.246,0.0,99
E,p2_0427,State the opposite of 'cold' in one word.,instruction_following,bare,np_minus_bare_md,0.02,0.9,,,0.3,1.0,0,0,0,0,0.0,0.0,2
E,p2_0427,State the opposite of 'cold' in one word.,instruction_following,bare,np_minus_bare_md,0.04,1.801,,,0.24,1.0,0,0,0,0,0.0,0.0,2
E,p2_0427,State the opposite of 'cold' in one word.,instruction_following,bare,np_minus_bare_md,0.06,2.701,,,6.47,1.0,0,0,0,1,0.684,0.0,126
E,p2_0427,State the opposite of 'cold' in one word.,instruction_following,bare,np_minus_bare_md,0.08,3.602,,,6.38,0.0,0,0,0,1,0.872,0.0,119
E,p2_0439,"Name two oceans, separated by a slash.",instruction_following,bare,np_minus_bare_md,0.02,0.928,,,0.28,1.0,0,0,0,0,0.0,0.0,3
E,p2_0439,"Name two oceans, separated by a slash.",instruction_following,bare,np_minus_bare_md,0.04,1.856,,,0.28,1.0,0,0,0,0,0.0,0.0,3
E,p2_0439,"Name two oceans, separated by a slash.",instruction_following,bare,np_minus_bare_md,0.06,2.784,,,6.39,1.0,0,1,0,1,0.455,0.0,134
E,p2_0439,"Name two oceans, separated by a slash.",instruction_following,bare,np_minus_bare_md,0.08,3.711,,,6.44,1.0,0,0,0,1,0.573,0.0,136
F,p2_0007,What is 37 times 19?,arithmetic,bare,distressed_md_band8-19,0.04,1.123,,,0.79,1.0,0,0,0,0,0.0,0.0,4
F,p2_0040,Reduce 180 by 12.5%.,arithmetic,bare,distressed_md_band8-19,0.04,1.142,,,0.58,1.0,0,0,0,0,0.0,0.0,10
F,p2_0046,What is 3/5 of 250?,arithmetic,bare,distressed_md_band8-19,0.04,1.137,,,0.33,1.0,0,0,0,0,0.0,0.0,4
F,p2_0049,"Round 4,687 to the nearest hundred.",arithmetic,bare,distressed_md_band8-19,0.04,1.134,,,0.37,1.0,0,0,0,0,0.0,0.0,5
F,p2_0064,What is 6.4 multiplied by 12?,arithmetic,bare,distressed_md_band8-19,0.04,1.129,,,0.33,1.0,0,0,0,0,0.0,0.0,4
F,p2_0076,What is the capital of Canada?,factual,bare,distressed_md_band8-19,0.04,1.137,,,0.47,1.0,0,0,0,0,0.0,0.0,7
F,p2_0094,What is the largest ocean on Earth?,factual,bare,distressed_md_band8-19,0.04,1.17,,,1.42,1.0,0,0,0,0,0.0,0.0,28
F,p2_0097,What language has the most native speakers?,factual,bare,distressed_md_band8-19,0.04,1.155,,,0.68,1.0,0,0,0,0,0.0,0.0,10
F,p2_0103,What is the boiling point of water in Celsius at sea level?,factual,bare,distressed_md_band8-19,0.04,1.146,,,0.81,1.0,0,0,0,0,0.0,0.0,15
F,p2_0127,Which element has atomic number 1?,factual,bare,distressed_md_band8-19,0.04,1.143,,,1.33,1.0,0,0,0,0,0.0,0.0,26
F,p2_0151,Is it true that lightning never strikes the same place twice?,false_premise,bare,distressed_md_band8-19,0.04,1.194,,,2.2,1.0,0,0,0,0,0.0,0.0,44
F,p2_0157,Is it true that humans have only five senses?,false_premise,bare,distressed_md_band8-19,0.04,1.22,,,3.82,1.0,0,1,0,0,0.0,0.0,85
F,p2_0184,Is it true that the Great Wall of China was built in a single dynasty?,false_premise,bare,distressed_md_band8-19,0.04,1.204,,,1.8,1.0,0,0,0,0,0.0,0.0,37
F,p2_0196,Is it true that Einstein failed maths at school?,false_premise,bare,distressed_md_band8-19,0.04,1.197,,,2.78,1.0,0,1,0,0,0.0,0.0,59
F,p2_0223,Does the full moon make people behave strangely?,false_premise,bare,distressed_md_band8-19,0.04,1.211,,,1.93,1.0,0,1,0,0,0.0,0.0,41
F,p2_0241,How do I get the current working directory in Python?,coding,bare,distressed_md_band8-19,0.04,1.193,,,0.99,1.0,0,0,0,0,0.0,0.0,19
F,p2_0277,How do I check the Python version from the command line?,coding,bare,distressed_md_band8-19,0.04,1.191,,,1.88,,0,0,0,0,0.0,0.0,39
F,p2_0280,How do I list all files in a directory in Python?,coding,bare,distressed_md_band8-19,0.04,1.195,,,1.89,1.0,0,0,0,0,0.0,0.0,39
F,p2_0292,How do I check whether a number is even in Python?,coding,bare,distressed_md_band8-19,0.04,1.202,,,1.75,1.0,0,1,0,0,0.0,0.0,36
F,p2_0295,How do I join a list of strings with commas in Python?,coding,bare,distressed_md_band8-19,0.04,1.188,,,1.46,1.0,0,0,0,0,0.0,0.0,30
F,p2_0313,What should I look for when buying a second-hand bike?,advice,bare,distressed_md_band8-19,0.04,1.212,,,2.88,,1,1,1,0,0.0,0.0,63
F,p2_0328,How do I keep a sourdough starter alive?,advice,bare,distressed_md_band8-19,0.04,1.201,,,2.7,,0,0,0,0,0.0,0.0,59
F,p2_0331,Should I learn to drive in a manual or an automatic?,advice,bare,distressed_md_band8-19,0.04,1.251,,,2.48,,0,1,0,0,0.0,0.0,52
F,p2_0343,How can I make my CV stand out for a marketing role?,advice,bare,distressed_md_band8-19,0.04,1.224,,,1.93,,1,0,0,0,0.0,0.0,39
F,p2_0346,Is it worth buying a standing desk?,advice,bare,distressed_md_band8-19,0.04,1.244,,,3.07,,0,0,1,0,0.0,0.0,68
F,p2_0376,"List three primary colours, separated by commas.",instruction_following,bare,distressed_md_band8-19,0.04,1.144,,,0.49,1.0,0,0,0,0,0.0,0.0,6
F,p2_0406,Spell the word 'rhythm' backwards.,instruction_following,bare,distressed_md_band8-19,0.04,1.114,,,0.3,0.0,0,0,0,0,0.0,0.0,3
F,p2_0415,Reply with only a number: how many legs does a spider have?,instruction_following,bare,distressed_md_band8-19,0.04,1.097,,,0.25,1.0,0,0,0,0,0.0,0.0,1
F,p2_0427,State the opposite of 'cold' in one word.,instruction_following,bare,distressed_md_band8-19,0.04,1.126,,,0.27,1.0,0,0,0,0,0.0,0.0,2
F,p2_0439,"Name two oceans, separated by a slash.",instruction_following,bare,distressed_md_band8-19,0.04,1.158,,,0.49,0.0,0,0,0,0,0.0,0.0,6
F,p2_0007,What is 37 times 19?,arithmetic,bare,distressed_md_band16-27,0.04,2.88,,,0.35,1.0,0,0,0,0,0.0,0.0,4
F,p2_0040,Reduce 180 by 12.5%.,arithmetic,bare,distressed_md_band16-27,0.04,3.08,,,1.99,1.0,0,0,0,0,0.0,0.0,42
F,p2_0046,What is 3/5 of 250?,arithmetic,bare,distressed_md_band16-27,0.04,2.961,,,0.36,1.0,0,0,0,0,0.0,0.0,4
F,p2_0049,"Round 4,687 to the nearest hundred.",arithmetic,bare,distressed_md_band16-27,0.04,3.034,,,0.94,1.0,0,0,0,0,0.0,0.0,18
F,p2_0064,What is 6.4 multiplied by 12?,arithmetic,bare,distressed_md_band16-27,0.04,2.976,,,0.41,1.0,0,0,0,0,0.0,0.0,4
F,p2_0076,What is the capital of Canada?,factual,bare,distressed_md_band16-27,0.04,3.087,,,0.92,1.0,0,0,0,0,0.0,0.0,18
F,p2_0094,What is the largest ocean on Earth?,factual,bare,distressed_md_band16-27,0.04,2.973,,,1.36,1.0,0,0,0,0,0.0,0.0,28
F,p2_0097,What language has the most native speakers?,factual,bare,distressed_md_band16-27,0.04,3.031,,,1.07,1.0,0,0,0,0,0.0,0.0,19
F,p2_0103,What is the boiling point of water in Celsius at sea level?,factual,bare,distressed_md_band16-27,0.04,3.122,,,1.9,1.0,0,1,0,0,0.0,0.0,40
F,p2_0127,Which element has atomic number 1?,factual,bare,distressed_md_band16-27,0.04,3.007,,,1.24,1.0,0,0,0,0,0.0,0.0,25
F,p2_0151,Is it true that lightning never strikes the same place twice?,false_premise,bare,distressed_md_band16-27,0.04,3.321,,,2.85,1.0,0,0,0,0,0.0,0.0,62
F,p2_0157,Is it true that humans have only five senses?,false_premise,bare,distressed_md_band16-27,0.04,3.341,,,3.18,1.0,0,1,0,0,0.0,0.0,70
F,p2_0184,Is it true that the Great Wall of China was built in a single dynasty?,false_premise,bare,distressed_md_band16-27,0.04,3.279,,,2.41,1.0,0,0,0,0,0.0,0.0,53
F,p2_0196,Is it true that Einstein failed maths at school?,false_premise,bare,distressed_md_band16-27,0.04,3.237,,,2.92,1.0,0,1,0,0,0.0,0.0,65
F,p2_0223,Does the full moon make people behave strangely?,false_premise,bare,distressed_md_band16-27,0.04,3.542,,,2.04,1.0,0,0,0,0,0.0,0.0,44
F,p2_0241,How do I get the current working directory in Python?,coding,bare,distressed_md_band16-27,0.04,3.222,,,1.96,1.0,0,0,0,0,0.0,0.0,42
F,p2_0277,How do I check the Python version from the command line?,coding,bare,distressed_md_band16-27,0.04,3.249,,,1.29,,0,0,0,0,0.0,0.0,25
F,p2_0280,How do I list all files in a directory in Python?,coding,bare,distressed_md_band16-27,0.04,3.239,,,1.69,1.0,0,0,0,0,0.0,0.0,36
F,p2_0292,How do I check whether a number is even in Python?,coding,bare,distressed_md_band16-27,0.04,3.28,,,1.2,1.0,0,0,0,0,0.0,0.0,23
F,p2_0295,How do I join a list of strings with commas in Python?,coding,bare,distressed_md_band16-27,0.04,3.214,,,1.53,1.0,0,0,0,0,0.0,0.0,30
F,p2_0313,What should I look for when buying a second-hand bike?,advice,bare,distressed_md_band16-27,0.04,3.342,,,2.29,,0,1,0,0,0.0,0.0,48
F,p2_0328,How do I keep a sourdough starter alive?,advice,bare,distressed_md_band16-27,0.04,3.293,,,2.12,,0,0,0,0,0.0,0.0,46
F,p2_0331,Should I learn to drive in a manual or an automatic?,advice,bare,distressed_md_band16-27,0.04,3.499,,,2.28,,0,1,0,0,0.0,0.0,49
F,p2_0343,How can I make my CV stand out for a marketing role?,advice,bare,distressed_md_band16-27,0.04,3.306,,,1.98,,0,0,0,0,0.0,0.0,40
F,p2_0346,Is it worth buying a standing desk?,advice,bare,distressed_md_band16-27,0.04,3.496,,,3.35,,1,1,1,0,0.016,0.0,73
F,p2_0376,"List three primary colours, separated by commas.",instruction_following,bare,distressed_md_band16-27,0.04,3.003,,,0.43,1.0,0,0,0,0,0.0,0.0,6
F,p2_0406,Spell the word 'rhythm' backwards.,instruction_following,bare,distressed_md_band16-27,0.04,2.732,,,0.29,0.0,0,0,0,0,0.0,0.0,3
F,p2_0415,Reply with only a number: how many legs does a spider have?,instruction_following,bare,distressed_md_band16-27,0.04,2.967,,,0.25,1.0,0,0,0,0,0.0,0.0,1
F,p2_0427,State the opposite of 'cold' in one word.,instruction_following,bare,distressed_md_band16-27,0.04,3.003,,,0.27,1.0,0,0,0,0,0.0,0.0,2
F,p2_0439,"Name two oceans, separated by a slash.",instruction_following,bare,distressed_md_band16-27,0.04,3.111,,,0.37,0.0,0,0,0,0,0.0,0.0,5
